country,iso_code,year,policy_cluster,population,gdp,gdp_per_capita,co2,co2_per_capita,co2_growth_prct,coal_co2,oil_co2,gas_co2,cement_co2,methane,nitrous_oxide,fossil_mix_total
Afghanistan,AFG,1990,Alpha Cluster,12045664.0,13065984000.0,1084.704338424183,2.024,0.168,-26.784,0.278,1.271,0.403,0.046,6.734,2.676,1.998
Afghanistan,AFG,1991,Alpha Cluster,12238879.0,12047361847.0,984.3517406291867,1.914,0.156,-5.435,0.25,1.204,0.389,0.046,7.022,2.75,1.889
Afghanistan,AFG,1992,Alpha Cluster,13278983.0,12677539626.0,954.7071207185069,1.482,0.112,-22.58,0.022,1.03,0.363,0.046,7.108,2.688,1.461
Afghanistan,AFG,1993,Alpha Cluster,14943175.0,9834582315.0,658.1320445621496,1.487,0.1,0.33,0.018,1.048,0.352,0.047,7.199,2.727,1.465
Afghanistan,AFG,1994,Alpha Cluster,16250800.0,7919856426.0,487.35178735816083,1.454,0.089,-2.227,0.015,1.032,0.338,0.047,7.489,2.575,1.432
Afghanistan,AFG,1995,Alpha Cluster,17065837.0,12307525468.0,721.1791292744681,1.417,0.083,-2.511,0.015,1.011,0.322,0.047,7.899,2.686,1.3949999999999998
Afghanistan,AFG,1996,Alpha Cluster,17763266.0,12070125316.0,679.4992157410693,1.37,0.077,-3.332,0.007,0.986,0.308,0.047,8.815,2.911,1.3479999999999999
Afghanistan,AFG,1997,Alpha Cluster,18452100.0,11850752863.0,642.2441273892945,1.304,0.071,-4.814,0.004,0.949,0.282,0.047,9.593,3.197,1.2819999999999998
Afghanistan,AFG,1998,Alpha Cluster,19159996.0,11692171422.0,610.2387193609018,1.279,0.067,-1.967,0.004,0.942,0.264,0.047,10.188,3.463,1.257
Afghanistan,AFG,1999,Alpha Cluster,19887792.0,11517315926.0,579.1148623235803,1.092,0.055,-14.616,0.004,0.777,0.242,0.047,11.064,3.71,1.07
Afghanistan,AFG,2000,Alpha Cluster,20130334.0,11283794151.0,560.5368570138976,1.047,0.052,-4.078,0.004,0.788,0.224,0.01,9.724,3.222,1.026
Afghanistan,AFG,2001,Alpha Cluster,20284303.0,11021272927.0,543.3399869347248,1.069,0.053,2.098,0.07,0.762,0.209,0.007,8.387,2.853,1.048
Afghanistan,AFG,2002,Alpha Cluster,21378123.0,18804871508.0,879.6315517503572,1.341,0.063,25.439,0.055,0.729,0.546,0.011,10.375,3.299,1.341
Afghanistan,AFG,2003,Alpha Cluster,22733053.0,21074343420.0,927.0353357289933,1.56,0.069,16.302,0.092,0.993,0.465,0.01,10.687,3.434,1.56
Afghanistan,AFG,2004,Alpha Cluster,23560656.0,22332570533.0,947.8755826238455,1.237,0.053,-20.673,0.092,0.909,0.227,0.01,10.651,3.412,1.2380000000000002
Afghanistan,AFG,2005,Alpha Cluster,24404575.0,25397686814.0,1040.6936737886238,1.89,0.077,52.719,0.106,1.447,0.33,0.006,10.901,3.561,1.8890000000000002
Afghanistan,AFG,2006,Alpha Cluster,25424100.0,28704399925.0,1129.0232466439322,2.159,0.085,14.279,0.161,1.657,0.329,0.012,11.122,3.418,2.1590000000000003
Afghanistan,AFG,2007,Alpha Cluster,25909852.0,34507529735.0,1331.830445615822,2.8,0.108,29.666,0.747,1.733,0.308,0.012,11.452,3.366,2.8
Afghanistan,AFG,2008,Alpha Cluster,26482631.0,36561043230.0,1380.5668790989837,4.254,0.161,51.951,1.077,2.865,0.297,0.015,12.664,3.665,4.254
Afghanistan,AFG,2009,Alpha Cluster,27466102.0,44358722212.0,1615.0352245833792,6.388,0.233,50.153,1.513,4.591,0.271,0.013,13.006,3.968,6.388
Afghanistan,AFG,2010,Alpha Cluster,28284088.0,47399425562.0,1675.8336193127386,8.365,0.296,30.941,2.246,5.833,0.271,0.015,14.88,4.388,8.365000000000002
Afghanistan,AFG,2011,Alpha Cluster,29347708.0,53326336000.0,1817.0528342451819,11.41,0.389,36.4,3.749,7.338,0.308,0.015,15.341,4.523,11.41
Afghanistan,AFG,2012,Alpha Cluster,30560036.0,59166900000.0,1936.0873789546583,9.731,0.318,-14.711,2.821,6.573,0.308,0.029,15.133,4.545,9.731
Afghanistan,AFG,2013,Alpha Cluster,31622709.0,62993700000.0,1992.0399609027804,8.891,0.281,-8.63,2.97,5.589,0.297,0.036,15.176,4.559,8.892000000000001
Afghanistan,AFG,2014,Alpha Cluster,32792528.0,64346106000.0,1962.2185273425703,8.698,0.265,-2.179,3.239,5.159,0.271,0.029,15.547,4.835,8.698
Afghanistan,AFG,2015,Alpha Cluster,33831767.0,62783392000.0,1855.7526717419164,9.384,0.277,7.896,2.439,6.622,0.282,0.041,14.822,4.813,9.384
Afghanistan,AFG,2016,Alpha Cluster,34700613.0,64372217488.0,1855.0743610206541,8.606,0.248,-8.295,2.421,5.79,0.319,0.076,14.808,4.78,8.606000000000002
Afghanistan,AFG,2017,Alpha Cluster,35688941.0,65169281649.0,1826.0357360841836,9.311,0.261,8.193,2.893,6.073,0.3,0.045,14.78,4.983,9.311000000000002
Afghanistan,AFG,2018,Alpha Cluster,36743040.0,65996738862.0,1796.1698014644405,10.192,0.277,9.456,3.221,6.621,0.293,0.057,15.192,4.841,10.192
Afghanistan,AFG,2019,Alpha Cluster,37856125.0,73085701943.0,1930.6176198171365,10.4,0.275,2.047,3.273,6.843,0.246,0.038,15.216,4.598,10.4
Afghanistan,AFG,2020,Alpha Cluster,39068977.0,71417706295.0,1827.9901799066815,11.119,0.285,6.909,3.635,7.269,0.154,0.061,15.25,4.565,11.119
Afghanistan,AFG,2021,Alpha Cluster,40000410.0,56638852656.0,1415.956802842771,9.869,0.247,-11.24,2.993,6.701,0.158,0.016,15.433,4.433,9.867999999999999
Afghanistan,AFG,2022,Alpha Cluster,40578847.0,53303471617.0,1313.5777765445134,10.17,0.251,3.05,3.488,6.528,0.143,0.011,16.076,4.419,10.17
Afghanistan,AFG,2023,Alpha Cluster,41454762.0,,,10.516,0.254,3.406,3.867,6.498,0.141,0.011,16.38,4.432,10.517
Afghanistan,AFG,2024,Alpha Cluster,42647502.0,,,10.826,0.254,2.945,3.894,6.795,0.126,0.011,16.618,4.346,10.825999999999999
Albania,ALB,1990,Alpha Cluster,3277965.0,12947849077.0,3949.965627149771,5.521,1.684,-38.566,2.499,2.173,0.465,0.384,4.045,1.413,5.521000000000001
Albania,ALB,1991,Alpha Cluster,3282608.0,9375856841.0,2856.2218946033154,4.29,1.307,-22.287,1.48,2.228,0.275,0.307,4.181,1.089,4.29
Albania,ALB,1992,Alpha Cluster,3282506.0,8745674435.0,2664.3285450201765,2.517,0.767,-41.329,0.8,1.416,0.198,0.103,3.39,1.03,2.5170000000000003
Albania,ALB,1993,Alpha Cluster,3277831.0,9636341649.0,2939.853106825825,2.338,0.713,-7.116,0.6,1.478,0.157,0.103,3.54,1.094,2.338
Albania,ALB,1994,Alpha Cluster,3269417.0,10596114842.0,3240.979918438058,1.924,0.588,-17.716,0.169,1.605,0.099,0.052,4.127,1.311,1.925
Albania,ALB,1995,Alpha Cluster,3258573.0,11600732968.0,3560.065393041678,2.089,0.641,8.59,0.161,1.773,0.051,0.103,4.071,1.304,2.088
Albania,ALB,1996,Alpha Cluster,3245680.0,12468867839.0,3841.6812005496536,2.018,0.622,-3.425,0.114,1.755,0.044,0.105,3.879,1.168,2.0180000000000002
Albania,ALB,1997,Alpha Cluster,3229665.0,11020137102.0,3412.161045185801,1.543,0.478,-23.519,0.044,1.411,0.037,0.052,3.618,1.101,1.544
Albania,ALB,1998,Alpha Cluster,3210134.0,12026242682.0,3746.336658220498,1.755,0.547,13.72,0.055,1.623,0.033,0.044,3.463,1.142,1.755
Albania,ALB,1999,Alpha Cluster,3188598.0,13673692880.0,4288.308805311927,2.986,0.937,70.182,0.11,2.792,0.029,0.055,3.487,1.143,2.9859999999999998
Albania,ALB,2000,Alpha Cluster,3166147.0,14736835655.0,4654.501403440839,3.025,0.955,1.297,0.07,2.84,0.022,0.094,3.531,1.197,3.0259999999999994
Albania,ALB,2001,Alpha Cluster,3147943.0,16103903904.0,5115.691073186522,3.221,1.023,6.471,0.081,3.125,0.015,0.0,3.473,1.163,3.221
Albania,ALB,2002,Alpha Cluster,3134095.0,17037279441.0,5436.108171896512,3.748,1.196,16.382,0.084,3.638,0.026,0.0,3.432,1.302,3.7479999999999998
Albania,ALB,2003,Alpha Cluster,3118093.0,18171076149.0,5827.624817155871,4.303,1.38,14.813,0.084,3.891,0.026,0.302,3.449,1.315,4.303
Albania,ALB,2004,Alpha Cluster,3098662.0,19346601376.0,6243.533943360069,4.177,1.348,-2.947,0.084,3.759,0.033,0.3,3.378,1.26,4.176
Albania,ALB,2005,Alpha Cluster,3076156.0,20562850324.0,6684.592824291096,4.261,1.385,2.029,0.073,3.91,0.022,0.256,3.362,1.273,4.261
Albania,ALB,2006,Alpha Cluster,3050805.0,21889974405.0,7175.147020212698,3.911,1.282,-8.23,0.073,3.54,0.022,0.276,3.329,1.236,3.9109999999999996
Albania,ALB,2007,Alpha Cluster,3022887.0,23259283502.0,7694.393969076581,4.004,1.324,2.375,0.073,3.43,0.033,0.468,3.206,1.214,4.0040000000000004
Albania,ALB,2008,Alpha Cluster,2992933.0,25006230217.0,8355.091883780893,4.448,1.486,11.109,0.103,3.847,0.015,0.484,3.031,1.149,4.449
Albania,ALB,2009,Alpha Cluster,2961487.0,25821550979.0,8719.11677444473,4.37,1.476,-1.763,0.407,3.36,0.018,0.585,2.924,1.136,4.369999999999999
Albania,ALB,2010,Alpha Cluster,2928731.0,26747818608.0,9132.903844019816,4.817,1.645,10.227,0.447,3.506,0.026,0.838,2.956,1.129,4.816999999999999
Albania,ALB,2011,Alpha Cluster,2911499.0,27431048326.0,9421.623818520975,5.175,1.778,7.445,0.586,3.583,0.029,0.976,2.91,1.172,5.174
Albania,ALB,2012,Alpha Cluster,2910003.0,27819814441.0,9560.06383532938,4.93,1.694,-4.742,0.686,3.175,0.029,1.039,2.975,1.168,4.928999999999999
Albania,ALB,2013,Alpha Cluster,2907571.0,28098562696.0,9663.930028191917,5.346,1.839,8.44,0.846,3.338,0.033,1.129,3.006,1.145,5.346
Albania,ALB,2014,Alpha Cluster,2903748.0,28597169040.0,9848.36461015212,6.072,2.091,13.587,1.096,3.862,0.059,1.045,3.064,1.164,6.062
Albania,ALB,2015,Alpha Cluster,2898634.0,29231663899.0,10084.63431361117,4.712,1.626,-22.402,0.322,3.338,0.062,0.954,3.109,1.201,4.676
Albania,ALB,2016,Alpha Cluster,2897868.0,30200694449.0,10421.694310782961,4.555,1.572,-3.334,0.191,3.364,0.081,0.88,3.065,1.231,4.516
Albania,ALB,2017,Alpha Cluster,2898245.0,31348975722.0,10816.537498382642,5.344,1.844,17.316,0.44,3.778,0.084,1.011,3.057,1.207,5.313
Albania,ALB,2018,Alpha Cluster,2894229.0,32609000823.0,11266.904181735446,5.195,1.795,-2.787,0.847,3.333,0.073,0.928,3.077,1.108,5.181
Albania,ALB,2019,Alpha Cluster,2885011.0,33289747424.0,11538.86325702051,4.941,1.712,-4.896,0.451,3.426,0.132,0.928,2.838,1.131,4.937
Albania,ALB,2020,Alpha Cluster,2871950.0,32130726850.0,11187.773759988857,4.865,1.694,-1.528,0.572,2.876,0.095,1.322,2.631,1.026,4.865
Albania,ALB,2021,Alpha Cluster,2849641.0,34866976278.0,12235.568016462425,5.137,1.803,5.59,0.861,2.862,0.103,1.312,2.584,0.823,5.138
Albania,ALB,2022,Alpha Cluster,2827614.0,36171005594.0,12792.059168613538,4.498,1.591,-12.434,0.542,2.946,0.088,0.907,2.431,0.864,4.4830000000000005
Albania,ALB,2023,Alpha Cluster,2811660.0,,,4.417,1.571,-1.8,0.514,2.908,0.088,0.907,2.3,0.836,4.417
Albania,ALB,2024,Alpha Cluster,2791756.0,,,4.444,1.592,0.614,0.495,2.956,0.086,0.907,2.174,0.71,4.444
Algeria,DZA,1990,Alpha Cluster,25375815.0,117843179781.0,4643.917043886078,75.892,2.991,-3.864,2.942,23.204,38.908,2.143,59.619,4.438,67.197
Algeria,DZA,1991,Alpha Cluster,25987937.0,121105141795.0,4660.052154005145,77.976,3.0,2.746,2.689,26.066,38.428,2.138,57.656,4.482,69.321
Algeria,DZA,1992,Alpha Cluster,26628570.0,127982696018.0,4806.217382983765,79.284,2.977,1.678,2.378,28.678,31.932,2.399,58.225,4.604,65.387
Algeria,DZA,1993,Alpha Cluster,27277042.0,130275774703.0,4776.022807128427,81.306,2.981,2.55,1.924,27.993,36.098,2.35,62.841,4.742,68.365
Algeria,DZA,1994,Alpha Cluster,27887277.0,134279859768.0,4815.093985977906,87.848,3.15,8.047,2.286,30.45,37.386,2.061,63.483,4.405,72.18299999999999
Algeria,DZA,1995,Alpha Cluster,28470194.0,145054664533.0,5094.96579240029,95.906,3.369,9.172,1.935,27.081,47.222,2.294,69.452,4.083,78.532
Algeria,DZA,1996,Alpha Cluster,29033045.0,156579113896.0,5393.134405846855,99.56,3.429,3.81,1.407,27.407,50.567,2.526,70.942,4.103,81.907
Algeria,DZA,1997,Alpha Cluster,29579299.0,164644463404.0,5566.205723942275,87.517,2.959,-12.096,1.381,30.019,39.007,2.419,63.239,4.05,72.826
Algeria,DZA,1998,Alpha Cluster,30054135.0,179962887740.0,5987.9576550780785,105.74,3.518,20.823,2.11,33.09,54.641,2.65,60.344,4.688,92.49100000000001
Algeria,DZA,1999,Alpha Cluster,30474360.0,193179776879.0,6339.092170565682,90.613,2.973,-14.306,2.173,22.188,50.92,2.599,60.683,4.788,77.88000000000001
Algeria,DZA,2000,Alpha Cluster,30903894.0,208554150552.0,6748.474821716642,84.552,2.736,-6.688,1.96,26.828,38.534,2.943,65.86,4.823,70.265
Algeria,DZA,2001,Alpha Cluster,31331226.0,223420294027.0,7130.914507686357,86.019,2.745,1.735,2.096,28.458,41.029,2.946,57.163,5.112,74.529
Algeria,DZA,2002,Alpha Cluster,31750832.0,245360923720.0,7727.7006070266125,89.658,2.824,4.231,2.609,29.495,44.653,3.024,52.896,4.904,79.781
Algeria,DZA,2003,Alpha Cluster,32175813.0,273568638765.0,8502.306958490839,94.078,2.924,4.929,2.788,31.943,44.027,3.529,59.672,5.168,82.287
Algeria,DZA,2004,Alpha Cluster,32628286.0,296773569597.0,9095.591769576864,90.853,2.784,-3.428,1.924,32.818,41.209,4.035,57.54,5.831,79.98599999999999
Algeria,DZA,2005,Alpha Cluster,33109258.0,326854481030.0,9871.996558485243,109.564,3.309,20.596,2.363,31.052,61.211,4.233,57.848,5.285,98.85900000000001
Algeria,DZA,2006,Alpha Cluster,33623505.0,345705309468.0,10281.655926947533,103.798,3.087,-5.263,2.7,35.233,49.306,4.442,62.265,5.263,91.68100000000001
Algeria,DZA,2007,Alpha Cluster,34189420.0,371665260161.0,10870.76821311973,107.549,3.146,3.614,3.012,38.322,51.076,4.66,57.808,6.208,97.07
Algeria,DZA,2008,Alpha Cluster,34816963.0,395658515586.0,11363.958297741248,108.596,3.119,0.974,3.008,37.363,51.551,5.092,61.145,5.973,97.014
Algeria,DZA,2009,Alpha Cluster,35490442.0,418247711085.0,11784.798596901104,116.328,3.278,7.12,1.594,44.891,54.894,5.692,54.668,6.575,107.071
Algeria,DZA,2010,Alpha Cluster,36188237.0,450705801593.0,12454.483527147233,117.847,3.257,1.306,1.216,45.365,53.368,7.746,59.699,6.877,107.69500000000001
Algeria,DZA,2011,Alpha Cluster,36903374.0,482028679734.0,13061.913518639245,124.715,3.38,5.828,1.121,46.92,56.721,7.735,59.952,7.049,112.497
Algeria,DZA,2012,Alpha Cluster,37646165.0,498417638719.0,13239.532863945105,135.593,3.602,8.722,1.107,48.541,64.116,7.543,60.493,7.572,121.307
Algeria,DZA,2013,Alpha Cluster,38414176.0,512373332647.0,13338.131544120588,141.534,3.684,4.381,0.777,52.018,65.45,7.896,59.81,7.665,126.141
Algeria,DZA,2014,Alpha Cluster,39205035.0,531843509827.0,13565.694044833783,152.435,3.888,7.702,0.579,53.582,73.833,8.087,62.756,7.993,136.081
Algeria,DZA,2015,Alpha Cluster,40019528.0,551521739825.0,13781.315457418688,160.322,4.006,5.174,0.535,55.59,78.769,8.263,62.783,8.137,143.157
Algeria,DZA,2016,Alpha Cluster,40850719.0,569170418715.0,13932.935151398437,158.308,3.875,-1.256,0.0,54.628,78.679,8.928,64.474,8.141,142.235
Algeria,DZA,2017,Alpha Cluster,41689302.0,577138830559.0,13843.811310609135,165.252,3.964,4.386,0.923,55.324,82.354,10.1,64.002,8.119,148.701
Algeria,DZA,2018,Alpha Cluster,42505033.0,584064441740.0,13741.06548135135,174.461,4.104,5.573,1.546,56.231,88.889,11.404,64.052,8.264,158.07
Algeria,DZA,2019,Alpha Cluster,43294551.0,589905104177.0,13625.38912060781,182.425,4.214,4.565,1.275,59.637,91.998,12.542,63.557,8.343,165.452
Algeria,DZA,2020,Alpha Cluster,44042094.0,559819958223.0,12711.020466533675,171.139,3.886,-6.187,0.575,54.13,87.026,11.879,60.409,7.979,153.60999999999999
Algeria,DZA,2021,Alpha Cluster,44761099.0,578853830170.0,12932.073677860322,182.036,4.067,6.368,1.176,57.343,96.259,11.925,65.382,8.024,166.70300000000003
Algeria,DZA,2022,Alpha Cluster,45477391.0,595820067103.0,13101.456657946803,192.779,4.239,5.901,0.758,61.61,101.379,12.836,67.576,8.2,176.58300000000003
Algeria,DZA,2023,Alpha Cluster,46164222.0,,,202.847,4.394,5.223,0.734,64.676,109.222,12.836,67.265,8.181,187.46800000000002
Algeria,DZA,2024,Alpha Cluster,46814302.0,,,198.203,4.234,-2.289,0.606,68.143,101.8,12.836,69.212,8.114,183.385
Andorra,AND,1990,Alpha Cluster,52616.0,,,0.403,7.66,,0.0,0.403,,0.0,0.08,0.049,0.403
Andorra,AND,1991,Alpha Cluster,56691.0,,,0.403,7.109,0.0,0.0,0.403,,0.0,0.085,0.058,0.403
Andorra,AND,1992,Alpha Cluster,60217.0,,,0.403,6.693,0.0,0.0,0.403,,0.0,0.089,0.061,0.403
Andorra,AND,1993,Alpha Cluster,63293.0,,,0.407,6.426,0.909,0.0,0.407,,0.0,0.092,0.063,0.407
Andorra,AND,1994,Alpha Cluster,64631.0,,,0.403,6.236,-0.901,0.0,0.403,,0.0,0.093,0.064,0.403
Andorra,AND,1995,Alpha Cluster,63936.0,,,0.425,6.648,5.455,0.0,0.425,,0.0,0.092,0.066,0.425
Andorra,AND,1996,Alpha Cluster,64006.0,,,0.454,7.098,6.897,0.0,0.454,,0.0,0.092,0.067,0.454
Andorra,AND,1997,Alpha Cluster,64722.0,,,0.465,7.19,2.419,0.0,0.465,,0.0,0.091,0.062,0.465
Andorra,AND,1998,Alpha Cluster,65400.0,,,0.491,7.507,5.512,0.0,0.491,,0.0,0.092,0.051,0.491
Andorra,AND,1999,Alpha Cluster,65732.0,,,0.513,7.804,4.478,0.0,0.513,,0.0,0.091,0.048,0.513
Andorra,AND,2000,Alpha Cluster,65703.0,,,0.524,7.975,2.143,0.0,0.524,,0.0,0.093,0.047,0.524
Andorra,AND,2001,Alpha Cluster,65874.0,,,0.524,7.954,0.0,0.0,0.524,,0.0,0.092,0.046,0.524
Andorra,AND,2002,Alpha Cluster,66528.0,,,0.531,7.986,1.399,0.0,0.531,,0.0,0.091,0.045,0.531
Andorra,AND,2003,Alpha Cluster,69507.0,,,0.535,7.696,0.69,0.0,0.535,,0.0,0.093,0.046,0.535
Andorra,AND,2004,Alpha Cluster,74342.0,,,0.564,7.59,5.479,0.0,0.564,,0.0,0.098,0.049,0.564
Andorra,AND,2005,Alpha Cluster,77436.0,,,0.579,7.476,2.597,0.0,0.579,,0.0,0.1,0.049,0.579
Andorra,AND,2006,Alpha Cluster,79609.0,,,0.546,6.858,-5.696,0.0,0.546,,0.0,0.101,0.048,0.546
Andorra,AND,2007,Alpha Cluster,81901.0,,,0.539,6.576,-1.342,0.0,0.539,,0.0,0.104,0.05,0.539
Andorra,AND,2008,Alpha Cluster,83513.0,,,0.539,6.449,0.0,0.0,0.539,,0.0,0.106,0.049,0.539
Andorra,AND,2009,Alpha Cluster,83907.0,,,0.517,6.157,-4.082,0.0,0.517,,0.0,0.104,0.048,0.517
Andorra,AND,2010,Alpha Cluster,80727.0,,,0.517,6.4,0.0,0.0,0.517,,0.0,0.101,0.048,0.517
Andorra,AND,2011,Alpha Cluster,77801.0,,,0.491,6.311,-4.965,0.0,0.491,,0.0,0.094,0.043,0.491
Andorra,AND,2012,Alpha Cluster,76858.0,,,0.487,6.34,-0.746,0.0,0.487,,0.0,0.091,0.043,0.487
Andorra,AND,2013,Alpha Cluster,75220.0,,,0.476,6.332,-2.256,0.0,0.476,,0.0,0.089,0.042,0.476
Andorra,AND,2014,Alpha Cluster,73755.0,,,0.462,6.259,-3.077,0.0,0.462,,0.0,0.085,0.041,0.462
Andorra,AND,2015,Alpha Cluster,72195.0,,,0.465,6.445,0.794,0.0,0.465,,0.0,0.082,0.041,0.465
Andorra,AND,2016,Alpha Cluster,72197.0,,,0.473,6.547,1.575,0.0,0.473,,0.0,0.082,0.04,0.473
Andorra,AND,2017,Alpha Cluster,73780.0,,,0.473,6.406,0.0,0.0,0.469,0.004,0.0,0.083,0.041,0.473
Andorra,AND,2018,Alpha Cluster,75181.0,,,0.498,6.628,5.426,0.0,0.495,0.004,0.0,0.084,0.04,0.499
Andorra,AND,2019,Alpha Cluster,76492.0,,,0.491,6.419,-1.471,0.0,0.487,0.004,0.0,0.083,0.041,0.491
Andorra,AND,2020,Alpha Cluster,77397.0,,,0.377,4.876,-23.134,0.0,0.374,0.004,0.0,0.08,0.037,0.378
Andorra,AND,2021,Alpha Cluster,78379.0,,,0.414,5.282,9.709,0.0,0.407,0.007,0.0,0.08,0.039,0.414
Andorra,AND,2022,Alpha Cluster,79722.0,,,0.423,5.311,2.265,0.0,0.416,0.007,0.0,0.079,0.038,0.423
Andorra,AND,2023,Alpha Cluster,80869.0,,,0.418,5.17,-1.254,0.0,0.411,0.007,0.0,0.079,0.038,0.418
Andorra,AND,2024,Alpha Cluster,81955.0,,,0.425,5.182,1.57,0.0,0.417,0.007,0.0,0.077,0.037,0.424
Angola,AGO,1990,Alpha Cluster,11626361.0,11482503320.0,987.6265944262353,5.09,0.438,3.395,,2.475,1.011,0.107,30.681,14.989,3.593
Angola,AGO,1991,Alpha Cluster,12023532.0,12341156472.0,1026.416902454287,5.064,0.421,-0.507,,2.281,1.084,0.107,29.875,14.883,3.4720000000000004
Angola,AGO,1992,Alpha Cluster,12423717.0,12363420423.0,995.1466556264925,5.164,0.416,1.982,,2.29,1.066,0.123,28.183,15.059,3.479
Angola,AGO,1993,Alpha Cluster,12827136.0,9985477687.0,778.4650982885033,5.748,0.448,11.307,,2.968,1.048,0.102,32.048,14.996,4.118
Angola,AGO,1994,Alpha Cluster,13249763.0,10760814258.0,812.1514519165362,11.353,0.857,97.503,,3.465,0.972,0.098,43.601,14.941,4.534999999999999
Angola,AGO,1995,Alpha Cluster,13699780.0,13143769844.0,959.4146653449909,12.617,0.921,11.128,,3.012,1.048,0.081,49.09,14.937,4.141000000000001
Angola,AGO,1996,Alpha Cluster,14170973.0,15819838004.0,1116.3551016574515,15.249,1.076,20.864,,3.268,1.048,0.11,55.106,13.695,4.426
Angola,AGO,1997,Alpha Cluster,14660419.0,17972296931.0,1225.9060897918403,15.884,1.083,4.166,,3.331,1.066,0.122,56.712,13.273,4.519
Angola,AGO,1998,Alpha Cluster,15159378.0,19905045075.0,1313.0515694641297,16.513,1.089,3.96,,2.763,1.085,0.142,61.904,14.82,3.9899999999999998
Angola,AGO,1999,Alpha Cluster,15667235.0,21527478033.0,1374.0444968751665,17.261,1.102,4.53,,3.708,1.048,0.084,60.651,13.586,4.84
Angola,AGO,2000,Alpha Cluster,16194873.0,23512184116.0,1451.8288668271744,15.995,0.988,-7.335,,3.668,1.085,0.081,57.569,13.94,4.8340000000000005
Angola,AGO,2001,Alpha Cluster,16747204.0,26015021059.0,1553.3948866330165,15.908,0.95,-0.542,,4.302,0.989,0.221,56.044,14.767,5.512
Angola,AGO,2002,Alpha Cluster,17327701.0,31389808151.0,1811.539115950812,16.08,0.928,1.078,,5.02,1.158,0.239,55.955,15.524,6.416999999999999
Angola,AGO,2003,Alpha Cluster,17943718.0,35081368421.0,1955.0780067430842,17.484,0.974,8.734,,6.837,1.216,0.28,56.964,17.692,8.332999999999998
Angola,AGO,2004,Alpha Cluster,18600426.0,41307235678.0,2220.768259716202,17.016,0.915,-2.681,,6.108,1.44,0.3,61.914,17.648,7.848
Angola,AGO,2005,Alpha Cluster,19291160.0,51967661783.0,2693.8588339425933,15.387,0.798,-9.573,,4.734,1.249,0.521,61.376,17.429,6.5040000000000004
Angola,AGO,2006,Alpha Cluster,20015281.0,66749579296.0,3334.9309108375746,17.145,0.857,11.425,,7.757,1.304,0.539,51.594,16.136,9.6
Angola,AGO,2007,Alpha Cluster,20778570.0,87086353818.0,4191.162039447373,17.588,0.846,2.584,,8.801,1.594,0.542,50.227,17.203,10.937
Angola,AGO,2008,Alpha Cluster,21578656.0,105593132748.0,4893.406370999195,18.75,0.869,6.608,,10.219,1.271,0.685,50.37,16.284,12.174999999999999
Angola,AGO,2009,Alpha Cluster,22414775.0,115247846475.0,5141.601754869277,20.668,0.922,10.23,,12.296,1.29,0.693,49.446,16.291,14.278999999999998
Angola,AGO,2010,Alpha Cluster,23294822.0,126984175354.0,5451.17603190958,22.983,0.987,11.201,,13.37,1.37,0.578,55.308,17.093,15.317999999999998
Angola,AGO,2011,Alpha Cluster,24218358.0,140477268750.0,5800.445626825733,23.397,0.966,1.8,,14.345,1.403,0.765,53.697,17.612,16.513
Angola,AGO,2012,Alpha Cluster,25177398.0,152476849129.0,6056.100361482946,25.941,1.03,10.873,,17.268,1.422,1.147,53.475,16.852,19.837
Angola,AGO,2013,Alpha Cluster,26165616.0,160032073258.0,6116.120990921827,25.71,0.983,-0.891,,17.441,0.766,1.557,54.453,17.45,19.764
Angola,AGO,2014,Alpha Cluster,27160767.0,167750415635.0,6176.203184357791,26.092,0.961,1.487,,16.977,0.579,1.976,53.217,16.953,19.532
Angola,AGO,2015,Alpha Cluster,28157802.0,169333972139.0,6013.749657697003,27.505,0.977,5.416,,16.167,1.44,2.03,55.851,17.636,19.637000000000004
Angola,AGO,2016,Alpha Cluster,29183072.0,164965166058.0,5652.769045630289,25.466,0.873,-7.415,,14.172,1.495,1.5,54.826,17.799,17.167
Angola,AGO,2017,Alpha Cluster,30234836.0,164717711409.0,5447.944596392056,23.601,0.781,-7.322,,13.888,1.572,0.996,52.943,17.886,16.456
Angola,AGO,2018,Alpha Cluster,31297160.0,162550037080.0,5193.76317467783,23.278,0.744,-1.368,,15.411,1.608,1.007,48.772,16.051,18.026
Angola,AGO,2019,Alpha Cluster,32375633.0,161408924528.0,4985.506369188211,22.21,0.686,-4.588,,14.286,2.429,1.124,49.451,17.922,17.839
Angola,AGO,2020,Alpha Cluster,33451139.0,152308692850.0,4553.169111820079,16.549,0.495,-25.487,,9.468,2.488,1.085,47.14,17.067,13.041
Angola,AGO,2021,Alpha Cluster,34532427.0,153971902307.0,4458.762840706215,19.219,0.557,16.129,,12.282,2.466,1.085,45.251,17.287,15.833000000000002
Angola,AGO,2022,Alpha Cluster,35635028.0,158346237030.0,4443.555847072717,21.089,0.592,9.732,,14.887,1.927,1.124,45.564,17.332,17.938
Angola,AGO,2023,Alpha Cluster,36749909.0,,,21.675,0.59,2.778,,15.356,1.742,1.124,45.255,17.537,18.221999999999998
Angola,AGO,2024,Alpha Cluster,37885854.0,,,22.334,0.589,3.039,,15.569,1.766,1.124,43.542,17.278,18.459
Anguilla,AIA,1990,Alpha Cluster,8422.0,,,0.044,5.221,,,0.044,,0.0,,0.0,0.044
Anguilla,AIA,1991,Alpha Cluster,8728.0,,,0.044,5.038,0.0,,0.044,,0.0,,0.0,0.044
Anguilla,AIA,1992,Alpha Cluster,9005.0,,,0.048,5.29,8.333,,0.048,,0.0,,0.0,0.048
Anguilla,AIA,1993,Alpha Cluster,9252.0,,,0.055,5.94,15.385,,0.055,,0.0,,0.0,0.055
Anguilla,AIA,1994,Alpha Cluster,9489.0,,,0.055,5.792,0.0,,0.055,,0.0,,0.0,0.055
Anguilla,AIA,1995,Alpha Cluster,9738.0,,,0.055,5.644,0.0,,0.055,,0.0,,0.0,0.055
Anguilla,AIA,1996,Alpha Cluster,10000.0,,,0.059,5.862,6.667,,0.059,,0.0,,0.0,0.059
Anguilla,AIA,1997,Alpha Cluster,10278.0,,,0.059,5.704,0.0,,0.059,,0.0,,0.0,0.059
Anguilla,AIA,1998,Alpha Cluster,10557.0,,,0.066,6.247,12.5,,0.066,,0.0,,0.0,0.066
Anguilla,AIA,1999,Alpha Cluster,10864.0,,,0.07,6.408,5.556,,0.07,,0.0,,0.0,0.07
Anguilla,AIA,2000,Alpha Cluster,11196.0,,,0.081,7.2,15.789,,0.081,,0.0,,0.0,0.081
Anguilla,AIA,2001,Alpha Cluster,11497.0,,,0.084,7.33,4.545,,0.084,,0.0,,0.0,0.084
Anguilla,AIA,2002,Alpha Cluster,11714.0,,,0.084,7.194,0.0,,0.084,,0.0,,0.0,0.084
Anguilla,AIA,2003,Alpha Cluster,11903.0,,,0.088,7.388,4.348,,0.088,,0.0,,0.0,0.088
Anguilla,AIA,2004,Alpha Cluster,12092.0,,,0.099,8.181,12.5,,0.099,,0.0,,0.0,0.099
Anguilla,AIA,2005,Alpha Cluster,12290.0,,,0.11,8.944,11.111,,0.11,,0.0,,0.0,0.11
Anguilla,AIA,2006,Alpha Cluster,12493.0,,,0.121,9.678,10.0,,0.121,,0.0,,0.0,0.121
Anguilla,AIA,2007,Alpha Cluster,12697.0,,,0.125,9.811,3.03,,0.125,,0.0,,0.0,0.125
Anguilla,AIA,2008,Alpha Cluster,12911.0,,,0.125,9.649,0.0,,0.125,,0.0,,0.0,0.125
Anguilla,AIA,2009,Alpha Cluster,13138.0,,,0.125,9.482,0.0,,0.125,,0.0,,0.0,0.125
Anguilla,AIA,2010,Alpha Cluster,13372.0,,,0.128,9.59,2.941,,0.128,,0.0,,0.0,0.128
Anguilla,AIA,2011,Alpha Cluster,13593.0,,,0.125,9.165,-2.857,,0.125,,0.0,,0.0,0.125
Anguilla,AIA,2012,Alpha Cluster,13401.0,,,0.121,9.023,-2.941,,0.121,,0.0,,0.0,0.121
Anguilla,AIA,2013,Alpha Cluster,13272.0,,,0.114,8.558,-6.061,,0.114,,0.0,,0.0,0.114
Anguilla,AIA,2014,Alpha Cluster,13748.0,,,0.121,8.795,6.452,,0.121,,0.0,,0.0,0.121
Anguilla,AIA,2015,Alpha Cluster,14235.0,,,0.136,9.524,12.121,,0.136,,0.0,,0.0,0.136
Anguilla,AIA,2016,Alpha Cluster,14344.0,,,0.139,9.707,2.703,,0.139,,0.0,,0.0,0.139
Anguilla,AIA,2017,Alpha Cluster,14450.0,,,0.128,8.875,-7.895,,0.128,,0.0,,0.0,0.128
Anguilla,AIA,2018,Alpha Cluster,14747.0,,,0.132,8.944,2.857,,0.132,,0.0,,0.0,0.132
Anguilla,AIA,2019,Alpha Cluster,14845.0,,,0.143,9.626,8.333,,0.143,,0.0,,0.0,0.143
Anguilla,AIA,2020,Alpha Cluster,14864.0,,,0.136,9.121,-5.128,,0.136,,0.0,,0.0,0.136
Anguilla,AIA,2021,Alpha Cluster,14503.0,,,0.139,9.6,2.703,,0.139,,0.0,,0.0,0.139
Anguilla,AIA,2022,Alpha Cluster,14202.0,,,0.143,10.062,2.632,,0.143,,0.0,,0.0,0.143
Anguilla,AIA,2023,Alpha Cluster,14435.0,,,0.143,9.879,-0.202,,0.143,,0.0,,0.0,0.143
Anguilla,AIA,2024,Alpha Cluster,14623.0,,,0.148,10.127,3.841,,0.148,,0.0,,0.0,0.148
Antarctica,ATA,1990,Alpha Cluster,,,,0.011,,50.0,,0.011,,0.0,,,0.011
Antarctica,ATA,1991,Alpha Cluster,,,,0.015,,33.333,,0.015,,0.0,,,0.015
Antarctica,ATA,1992,Alpha Cluster,,,,0.015,,0.0,,0.015,,0.0,,,0.015
Antarctica,ATA,1993,Alpha Cluster,,,,0.015,,0.0,,0.015,,0.0,,,0.015
Antarctica,ATA,1994,Alpha Cluster,,,,0.015,,0.0,,0.015,,0.0,,,0.015
Antarctica,ATA,1995,Alpha Cluster,,,,0.004,,-75.0,,0.004,,0.0,,,0.004
Antarctica,ATA,1996,Alpha Cluster,,,,0.004,,0.0,,0.004,,0.0,,,0.004
Antarctica,ATA,1997,Alpha Cluster,,,,0.004,,0.0,,0.004,,0.0,,,0.004
Antarctica,ATA,1998,Alpha Cluster,,,,0.004,,0.0,,0.004,,0.0,,,0.004
Antarctica,ATA,1999,Alpha Cluster,,,,0.004,,0.0,,0.004,,0.0,,,0.004
Antarctica,ATA,2000,Alpha Cluster,,,,0.004,,0.0,,0.004,,0.0,,,0.004
Antarctica,ATA,2001,Alpha Cluster,,,,0.004,,0.0,,0.004,,0.0,,,0.004
Antarctica,ATA,2002,Alpha Cluster,,,,0.004,,0.0,,0.004,,0.0,,,0.004
Antarctica,ATA,2003,Alpha Cluster,,,,0.004,,0.0,,0.004,,0.0,,,0.004
Antarctica,ATA,2004,Alpha Cluster,,,,0.007,,100.0,,0.007,,0.0,,,0.007
Antarctica,ATA,2005,Alpha Cluster,,,,0.007,,0.0,,0.007,,0.0,,,0.007
Antarctica,ATA,2006,Alpha Cluster,,,,0.007,,0.0,,0.007,,0.0,,,0.007
Antarctica,ATA,2007,Alpha Cluster,,,,0.011,,50.0,,0.011,,0.0,,,0.011
Antarctica,ATA,2008,Alpha Cluster,,,,0.0,,-100.0,,,,0.0,,,0.0
Antarctica,ATA,2009,Alpha Cluster,,,,0.0,,,,,,0.0,,,0.0
Antarctica,ATA,2010,Alpha Cluster,,,,0.0,,,,,,0.0,,,0.0
Antarctica,ATA,2011,Alpha Cluster,,,,0.0,,,,,,0.0,,,0.0
Antarctica,ATA,2012,Alpha Cluster,,,,0.0,,,,,,0.0,,,0.0
Antarctica,ATA,2013,Alpha Cluster,,,,0.0,,,,,,0.0,,,0.0
Antarctica,ATA,2014,Alpha Cluster,,,,0.0,,,,,,0.0,,,0.0
Antarctica,ATA,2015,Alpha Cluster,,,,0.0,,,,,,0.0,,,0.0
Antarctica,ATA,2016,Alpha Cluster,,,,0.0,,,,,,0.0,,,0.0
Antarctica,ATA,2017,Alpha Cluster,,,,0.0,,,,,,0.0,,,0.0
Antarctica,ATA,2018,Alpha Cluster,,,,0.0,,,,,,0.0,,,0.0
Antarctica,ATA,2019,Alpha Cluster,,,,0.0,,,,,,0.0,,,0.0
Antarctica,ATA,2020,Alpha Cluster,,,,0.0,,,,,,0.0,,,0.0
Antarctica,ATA,2021,Alpha Cluster,,,,0.0,,,,,,0.0,,,0.0
Antarctica,ATA,2022,Alpha Cluster,,,,0.0,,,,,,0.0,,,0.0
Antarctica,ATA,2023,Alpha Cluster,,,,0.0,,,,,,0.0,,,0.0
Antarctica,ATA,2024,Alpha Cluster,,,,0.0,,,,,,0.0,,,0.0
Antigua and Barbuda,ATG,1990,Alpha Cluster,63087.0,,,0.242,3.833,-15.385,,0.242,,0.0,0.074,0.014,0.242
Antigua and Barbuda,ATG,1991,Alpha Cluster,63406.0,,,0.249,3.929,3.03,,0.249,,0.0,0.075,0.014,0.249
Antigua and Barbuda,ATG,1992,Alpha Cluster,64422.0,,,0.249,3.867,0.0,,0.249,,0.0,0.075,0.014,0.249
Antigua and Barbuda,ATG,1993,Alpha Cluster,65601.0,,,0.256,3.91,2.941,,0.256,,0.0,0.076,0.014,0.256
Antigua and Barbuda,ATG,1994,Alpha Cluster,66860.0,,,0.267,4.0,4.286,,0.267,,0.0,0.077,0.015,0.267
Antigua and Barbuda,ATG,1995,Alpha Cluster,68210.0,,,0.271,3.975,1.37,,0.271,,0.0,0.078,0.015,0.271
Antigua and Barbuda,ATG,1996,Alpha Cluster,69629.0,,,0.286,4.104,5.405,,0.286,,0.0,0.077,0.016,0.286
Antigua and Barbuda,ATG,1997,Alpha Cluster,71071.0,,,0.308,4.331,7.692,,0.308,,0.0,0.078,0.016,0.308
Antigua and Barbuda,ATG,1998,Alpha Cluster,72430.0,,,0.322,4.452,4.762,,0.322,,0.0,0.078,0.017,0.322
Antigua and Barbuda,ATG,1999,Alpha Cluster,73681.0,,,0.344,4.674,6.818,,0.344,,0.0,0.079,0.017,0.344
Antigua and Barbuda,ATG,2000,Alpha Cluster,74929.0,,,0.355,4.743,3.191,,0.355,,0.0,0.079,0.015,0.355
Antigua and Barbuda,ATG,2001,Alpha Cluster,76082.0,,,0.374,4.912,5.155,,0.374,,0.0,0.079,0.015,0.374
Antigua and Barbuda,ATG,2002,Alpha Cluster,77049.0,,,0.403,5.231,7.843,,0.403,,0.0,0.079,0.016,0.403
Antigua and Barbuda,ATG,2003,Alpha Cluster,77896.0,,,0.432,5.55,7.273,,0.432,,0.0,0.079,0.016,0.432
Antigua and Barbuda,ATG,2004,Alpha Cluster,78734.0,,,0.451,5.724,4.237,,0.451,,0.0,0.08,0.017,0.451
Antigua and Barbuda,ATG,2005,Alpha Cluster,79628.0,,,0.48,6.028,6.504,,0.48,,0.0,0.079,0.017,0.48
Antigua and Barbuda,ATG,2006,Alpha Cluster,80619.0,,,0.517,6.408,7.634,,0.517,,0.0,0.08,0.018,0.517
Antigua and Barbuda,ATG,2007,Alpha Cluster,81716.0,,,0.535,6.546,3.546,,0.535,,0.0,0.08,0.018,0.535
Antigua and Barbuda,ATG,2008,Alpha Cluster,82926.0,,,0.539,6.495,0.685,,0.539,,0.0,0.081,0.018,0.539
Antigua and Barbuda,ATG,2009,Alpha Cluster,84193.0,,,0.557,6.615,3.401,,0.557,,0.0,0.077,0.019,0.557
Antigua and Barbuda,ATG,2010,Alpha Cluster,85337.0,,,0.55,6.44,-1.316,,0.55,,0.0,0.059,0.014,0.55
Antigua and Barbuda,ATG,2011,Alpha Cluster,86350.0,,,0.546,6.322,-0.667,,0.546,,0.0,0.058,0.013,0.546
Antigua and Barbuda,ATG,2012,Alpha Cluster,87275.0,,,0.557,6.381,2.013,,0.557,,0.0,0.058,0.013,0.557
Antigua and Barbuda,ATG,2013,Alpha Cluster,88074.0,,,0.557,6.323,0.0,,0.557,,0.0,0.058,0.014,0.557
Antigua and Barbuda,ATG,2014,Alpha Cluster,88784.0,,,0.568,6.397,1.974,,0.568,,0.0,0.058,0.014,0.568
Antigua and Barbuda,ATG,2015,Alpha Cluster,89421.0,,,0.579,6.474,1.935,,0.579,,0.0,0.058,0.014,0.579
Antigua and Barbuda,ATG,2016,Alpha Cluster,89980.0,,,0.594,6.597,2.532,,0.594,,0.0,0.059,0.015,0.594
Antigua and Barbuda,ATG,2017,Alpha Cluster,90483.0,,,0.601,6.641,1.235,,0.601,,0.0,0.059,0.014,0.601
Antigua and Barbuda,ATG,2018,Alpha Cluster,90942.0,,,0.616,6.769,2.439,,0.616,,0.0,0.059,0.014,0.616
Antigua and Barbuda,ATG,2019,Alpha Cluster,91377.0,,,0.638,6.977,3.571,,0.638,,0.0,0.057,0.014,0.638
Antigua and Barbuda,ATG,2020,Alpha Cluster,91864.0,,,0.616,6.701,-3.448,,0.616,,0.0,0.057,0.013,0.616
Antigua and Barbuda,ATG,2021,Alpha Cluster,92358.0,,,0.634,6.863,2.976,,0.634,,0.0,0.057,0.013,0.634
Antigua and Barbuda,ATG,2022,Alpha Cluster,92850.0,,,0.642,6.913,1.256,,0.642,,0.0,0.057,0.013,0.642
Antigua and Barbuda,ATG,2023,Alpha Cluster,93331.0,,,0.641,6.863,-0.202,,0.641,,0.0,0.056,0.013,0.641
Antigua and Barbuda,ATG,2024,Alpha Cluster,93782.0,,,0.665,7.092,3.842,,0.665,,0.0,0.056,0.013,0.665
Argentina,ARG,1990,Alpha Cluster,32755907.0,338751144000.0,10341.68108976497,112.188,3.425,-4.167,3.14,59.188,43.213,1.862,113.853,33.215,107.40299999999999
Argentina,ARG,1991,Alpha Cluster,33230293.0,376057930424.0,11316.720271590744,117.727,3.543,4.937,2.939,61.233,47.284,2.168,113.136,33.156,113.624
Argentina,ARG,1992,Alpha Cluster,33693532.0,416679827242.0,12366.760102265325,121.514,3.606,3.217,3.107,63.633,48.303,2.474,115.231,33.999,117.51700000000001
Argentina,ARG,1993,Alpha Cluster,34152719.0,444780261628.0,13023.27529553357,118.021,3.456,-2.875,2.528,67.152,40.807,2.781,114.467,33.623,113.26800000000001
Argentina,ARG,1994,Alpha Cluster,34613492.0,472926751991.0,13663.075427090685,118.507,3.424,0.412,3.561,67.203,42.677,3.087,116.18,34.665,116.528
Argentina,ARG,1995,Alpha Cluster,35070016.0,461601030169.0,13162.270304324926,125.415,3.576,5.83,3.741,62.834,53.194,2.76,118.111,34.79,122.52900000000001
Argentina,ARG,1996,Alpha Cluster,35513795.0,489406483416.0,13780.74304410441,131.446,3.701,4.808,3.114,65.921,57.542,2.718,114.312,35.215,129.29500000000002
Argentina,ARG,1997,Alpha Cluster,35947790.0,531526379817.0,14786.06556389141,136.617,3.8,3.934,2.807,66.868,61.504,3.233,114.316,35.456,134.412
Argentina,ARG,1998,Alpha Cluster,36372862.0,554567078807.0,15246.72649644672,139.505,3.835,2.114,3.155,69.576,61.614,3.468,110.736,35.349,137.813
Argentina,ARG,1999,Alpha Cluster,36794687.0,538270560194.0,14629.029462704764,148.345,4.032,6.336,2.788,72.723,67.619,3.331,113.887,35.717,146.46099999999998
Argentina,ARG,2000,Alpha Cluster,37213986.0,536480965694.0,14416.111343031085,143.355,3.852,-3.364,2.36,67.434,69.438,2.657,113.917,37.133,141.889
Argentina,ARG,2001,Alpha Cluster,37624817.0,514867255248.0,13684.2460987385,135.004,3.588,-5.825,2.008,64.334,64.807,2.348,113.092,36.622,133.497
Argentina,ARG,2002,Alpha Cluster,38029345.0,460558541367.0,12110.609356195853,124.93,3.285,-7.462,1.579,57.495,62.618,1.728,116.586,37.231,123.42
Argentina,ARG,2003,Alpha Cluster,38424283.0,503104157615.0,13093.390906344302,134.421,3.498,7.597,2.48,59.355,69.068,2.22,123.989,41.076,133.123
Argentina,ARG,2004,Alpha Cluster,38815915.0,550306327169.0,14177.337495947217,157.235,4.051,16.972,2.532,67.813,82.913,2.887,125.187,41.377,156.14499999999998
Argentina,ARG,2005,Alpha Cluster,39216786.0,601050418142.0,15326.35586562346,161.728,4.124,2.857,3.668,71.8,81.967,3.38,123.062,41.007,160.815
Argentina,ARG,2006,Alpha Cluster,39622113.0,652296814311.0,16462.94871530451,174.342,4.4,7.799,3.968,81.911,83.867,3.797,125.455,42.329,173.543
Argentina,ARG,2007,Alpha Cluster,40016767.0,714725198062.0,17860.643216429755,173.764,4.342,-0.332,3.759,77.952,87.178,4.181,122.57,44.551,173.07000000000002
Argentina,ARG,2008,Alpha Cluster,40424151.0,747157417513.0,18482.946432517532,187.596,4.641,7.96,3.975,88.658,90.12,4.243,120.002,43.278,186.99599999999998
Argentina,ARG,2009,Alpha Cluster,40854832.0,705920838368.0,17278.76003425984,178.378,4.366,-4.913,3.305,82.38,87.993,4.008,114.282,38.016,177.686
Argentina,ARG,2010,Alpha Cluster,41288694.0,785785170150.0,19031.485232979274,186.121,4.508,4.341,4.082,90.145,86.928,4.353,105.478,39.065,185.50799999999998
Argentina,ARG,2011,Alpha Cluster,41730655.0,837742673804.0,20074.994600587986,189.884,4.55,2.022,4.825,86.906,92.586,4.695,104.441,40.154,189.012
Argentina,ARG,2012,Alpha Cluster,42161718.0,829147409948.0,19665.88292127944,191.715,4.547,0.964,5.078,85.589,95.383,4.533,107.532,39.688,190.583
Argentina,ARG,2013,Alpha Cluster,42582453.0,849088398588.0,19939.865807824644,189.525,4.451,-1.142,4.84,87.487,91.338,4.568,109.297,41.103,188.233
Argentina,ARG,2014,Alpha Cluster,43024071.0,827750786191.0,19239.24833126554,188.539,4.382,-0.52,5.536,84.292,92.844,4.479,110.422,41.19,187.151
Argentina,ARG,2015,Alpha Cluster,43477011.0,850356641236.0,19558.765004245575,191.809,4.412,1.734,5.467,86.954,93.535,4.636,109.966,40.856,190.59199999999998
Argentina,ARG,2016,Alpha Cluster,43900312.0,832669278245.0,18967.27472563293,190.02,4.328,-0.932,4.192,84.554,96.301,4.133,111.82,43.595,189.18000000000004
Argentina,ARG,2017,Alpha Cluster,44288898.0,856142153676.0,19330.852478560202,187.068,4.224,-1.554,4.28,80.857,96.444,4.528,115.89,45.999,186.109
Argentina,ARG,2018,Alpha Cluster,44654876.0,833736983405.0,18670.681862491343,182.483,4.087,-2.451,4.356,76.109,96.125,4.535,115.387,45.202,181.12499999999997
Argentina,ARG,2019,Alpha Cluster,44973469.0,817053926667.0,18167.465059611033,180.428,4.012,-1.127,2.143,76.609,95.606,4.298,115.653,46.939,178.656
Argentina,ARG,2020,Alpha Cluster,45191960.0,735814250460.0,16281.97251148213,164.613,3.643,-8.765,3.224,66.675,89.085,3.642,115.126,48.156,162.62599999999998
Argentina,ARG,2021,Alpha Cluster,45312282.0,812324184006.0,17927.240654222624,190.197,4.197,15.542,4.51,85.441,93.073,4.848,112.747,48.256,187.872
Argentina,ARG,2022,Alpha Cluster,45407904.0,854914363923.0,18827.43506335373,183.768,4.047,-3.38,4.731,81.967,89.62,5.255,115.333,50.296,181.57299999999998
Argentina,ARG,2023,Alpha Cluster,45538402.0,,,178.407,3.918,-2.917,4.226,79.241,87.849,5.037,114.602,51.357,176.353
Argentina,ARG,2024,Alpha Cluster,45696153.0,,,171.059,3.743,-4.119,3.162,72.461,89.168,3.731,114.124,52.294,168.522
Armenia,ARM,1990,Alpha Cluster,3552130.0,32650114430.0,9191.700312207042,9.003,2.535,-4.407,0.694,3.634,4.199,0.38,2.129,0.914,8.907
Armenia,ARM,1991,Alpha Cluster,3613978.0,27959799817.0,7736.571671714659,7.383,2.043,-17.996,0.604,2.815,3.478,0.396,2.028,0.81,7.293
Armenia,ARM,1992,Alpha Cluster,3571870.0,15777768492.0,4417.229208229863,5.724,1.602,-22.474,0.374,1.773,3.477,0.099,1.789,0.722,5.723
Armenia,ARM,1993,Alpha Cluster,3453339.0,13153115049.0,3808.8108491520816,2.51,0.727,-56.143,0.007,0.939,1.508,0.055,1.6,0.593,2.509
Armenia,ARM,1994,Alpha Cluster,3364620.0,13441640358.0,3994.995083545839,2.685,0.798,6.95,0.095,0.942,1.616,0.032,1.575,0.509,2.685
Armenia,ARM,1995,Alpha Cluster,3307586.0,14085547383.0,4258.558169916066,3.363,1.017,25.254,0.007,0.671,2.616,0.069,1.545,0.502,3.363
Armenia,ARM,1996,Alpha Cluster,3278738.0,14363162631.0,4380.698497714669,2.5,0.763,-25.646,0.015,0.366,2.041,0.078,1.539,0.507,2.4999999999999996
Armenia,ARM,1997,Alpha Cluster,3246292.0,14402224399.0,4436.515384013514,3.253,1.002,30.094,0.015,0.392,2.678,0.168,1.531,0.499,3.253
Armenia,ARM,1998,Alpha Cluster,3208399.0,14841976252.0,4625.975837793242,3.419,1.066,5.114,0.015,0.406,2.789,0.209,1.47,0.485,3.419
Armenia,ARM,1999,Alpha Cluster,3167282.0,14850694858.0,4688.782008674946,3.04,0.96,-11.082,0.007,0.586,2.275,0.171,1.465,0.471,3.0389999999999997
Armenia,ARM,2000,Alpha Cluster,3125630.0,15244825874.0,4877.361003701653,3.491,1.117,14.841,0.0,0.788,2.565,0.139,1.482,0.488,3.492
Armenia,ARM,2001,Alpha Cluster,3084350.0,16184137401.0,5247.179276346718,3.533,1.145,1.183,0.0,0.777,2.612,0.144,1.528,0.494,3.5330000000000004
Armenia,ARM,2002,Alpha Cluster,3055636.0,18018113990.0,5896.682062261342,3.077,1.007,-12.905,0.048,0.816,2.002,0.211,1.558,0.572,3.0769999999999995
Armenia,ARM,2003,Alpha Cluster,3038976.0,19928773567.0,6557.726539136867,3.456,1.137,12.31,0.073,0.934,2.228,0.22,1.596,0.56,3.4550000000000005
Armenia,ARM,2004,Alpha Cluster,3022544.0,21350959248.0,7063.903535564743,3.691,1.221,6.819,0.0,0.92,2.473,0.298,1.639,0.608,3.691
Armenia,ARM,2005,Alpha Cluster,3006360.0,23626538545.0,7858.852081919664,4.376,1.456,18.557,0.0,0.982,3.063,0.331,1.657,0.596,4.376
Armenia,ARM,2006,Alpha Cluster,2990371.0,25937834265.0,8673.784712666087,4.402,1.472,0.581,0.004,0.92,3.14,0.338,1.696,0.878,4.402
Armenia,ARM,2007,Alpha Cluster,2974825.0,28610365796.0,9617.495414352104,5.1,1.714,15.872,0.007,0.924,3.762,0.407,1.584,0.769,5.1
Armenia,ARM,2008,Alpha Cluster,2959996.0,29672467967.0,10024.495967899957,5.575,1.883,9.305,0.007,1.033,4.122,0.412,1.608,0.749,5.574
Armenia,ARM,2009,Alpha Cluster,2945518.0,24704739187.0,8387.2307645039,4.364,1.481,-21.728,0.004,0.952,3.167,0.241,1.529,0.788,4.363999999999999
Armenia,ARM,2010,Alpha Cluster,2931083.0,24485670654.0,8353.796413817008,4.256,1.452,-2.454,0.007,1.008,2.953,0.288,1.523,0.741,4.256
Armenia,ARM,2011,Alpha Cluster,2923269.0,24860520809.0,8504.356187884181,4.969,1.7,16.739,0.007,0.942,3.756,0.264,1.519,0.775,4.969
Armenia,ARM,2012,Alpha Cluster,2922529.0,26634064691.0,9113.361985800655,5.748,1.967,15.685,0.007,0.898,4.565,0.278,1.57,0.932,5.748000000000001
Armenia,ARM,2013,Alpha Cluster,2922526.0,27542825799.0,9424.321904749522,5.535,1.894,-3.708,0.004,0.857,4.416,0.259,1.662,0.999,5.5360000000000005
Armenia,ARM,2014,Alpha Cluster,2922433.0,28536291283.0,9764.566470129512,5.604,1.918,1.246,0.004,0.864,4.493,0.244,1.695,0.965,5.605
Armenia,ARM,2015,Alpha Cluster,2921179.0,29464863299.0,10086.63395806967,5.469,1.872,-2.407,0.004,0.795,4.43,0.241,1.738,1.065,5.47
Armenia,ARM,2016,Alpha Cluster,2918796.0,29522321034.0,10114.554437514646,5.207,1.784,-4.8,0.004,0.81,4.239,0.154,1.781,1.534,5.207
Armenia,ARM,2017,Alpha Cluster,2914966.0,31741802974.0,10889.253244806287,5.537,1.899,6.336,0.004,0.868,4.459,0.205,1.721,1.169,5.536
Armenia,ARM,2018,Alpha Cluster,2909971.0,33400320594.0,11477.88778444871,5.822,2.001,5.157,0.004,0.824,4.679,0.315,1.633,1.139,5.822000000000001
Armenia,ARM,2019,Alpha Cluster,2903975.0,35949092334.0,12379.2705977152,6.284,2.164,7.935,0.011,1.044,4.888,0.341,1.62,0.756,6.284
Armenia,ARM,2020,Alpha Cluster,2890893.0,33378378959.0,11546.044408769194,6.795,2.351,8.133,0.029,1.452,4.901,0.413,1.633,0.778,6.795
Armenia,ARM,2021,Alpha Cluster,2870339.0,35275596129.0,12289.696836854462,7.351,2.561,8.175,0.044,1.524,5.353,0.429,1.678,0.751,7.35
Armenia,ARM,2022,Alpha Cluster,2880880.0,39721734780.0,13788.056003721085,7.699,2.672,4.735,0.044,1.521,5.555,0.579,1.628,0.716,7.698999999999999
Armenia,ARM,2023,Alpha Cluster,2943398.0,,,7.43,2.524,-3.488,0.04,1.562,5.248,0.579,1.637,0.729,7.429
Armenia,ARM,2024,Alpha Cluster,2973843.0,,,7.431,2.499,0.007,0.046,1.545,5.26,0.579,1.648,0.712,7.43
Aruba,ABW,1990,Alpha Cluster,64452.0,,,0.487,7.561,-24.859,,0.487,,0.0,0.015,0.004,0.487
Aruba,ABW,1991,Alpha Cluster,66564.0,,,0.531,7.981,9.023,,0.531,,0.0,0.016,0.004,0.531
Aruba,ABW,1992,Alpha Cluster,68889.0,,,0.539,7.818,1.379,,0.539,,0.0,0.017,0.005,0.539
Aruba,ABW,1993,Alpha Cluster,71091.0,,,0.649,9.123,20.408,,0.649,,0.0,0.017,0.005,0.649
Aruba,ABW,1994,Alpha Cluster,73475.0,,,0.66,8.976,1.695,,0.66,,0.0,0.018,0.005,0.66
Aruba,ABW,1995,Alpha Cluster,75930.0,,,0.711,9.361,7.778,,0.711,,0.0,0.019,0.006,0.711
Aruba,ABW,1996,Alpha Cluster,78497.0,,,0.722,9.195,1.546,,0.722,,0.0,0.019,0.004,0.722
Aruba,ABW,1997,Alpha Cluster,81123.0,,,0.758,9.349,5.076,,0.758,,0.0,0.02,0.007,0.758
Aruba,ABW,1998,Alpha Cluster,83788.0,,,0.806,9.62,6.28,,0.806,,0.0,0.02,0.008,0.806
Aruba,ABW,1999,Alpha Cluster,86483.0,,,0.81,9.363,0.455,,0.81,,0.0,0.02,0.008,0.81
Aruba,ABW,2000,Alpha Cluster,88772.0,,,2.378,26.787,193.665,,2.378,,0.0,0.074,0.005,2.378
Aruba,ABW,2001,Alpha Cluster,90320.0,,,2.407,26.652,1.233,,2.407,,0.0,0.074,0.005,2.407
Aruba,ABW,2002,Alpha Cluster,91393.0,,,2.437,26.66,1.218,,2.437,,0.0,0.074,0.005,2.437
Aruba,ABW,2003,Alpha Cluster,92324.0,,,2.561,27.741,5.113,,2.561,,0.0,0.079,0.006,2.561
Aruba,ABW,2004,Alpha Cluster,93223.0,,,2.616,28.063,2.146,,2.616,,0.0,0.086,0.006,2.616
Aruba,ABW,2005,Alpha Cluster,94239.0,,,2.715,28.81,3.782,,2.715,,0.0,0.087,0.007,2.715
Aruba,ABW,2006,Alpha Cluster,95403.0,,,2.711,28.42,-0.135,,2.711,,0.0,0.057,0.007,2.711
Aruba,ABW,2007,Alpha Cluster,96604.0,,,2.821,29.205,4.054,,2.821,,0.0,0.058,0.008,2.821
Aruba,ABW,2008,Alpha Cluster,97815.0,,,2.656,27.157,-5.844,,2.656,,0.0,0.054,0.008,2.656
Aruba,ABW,2009,Alpha Cluster,99040.0,,,2.627,26.526,-1.103,,2.627,,0.0,0.05,0.008,2.627
Aruba,ABW,2010,Alpha Cluster,100127.0,,,2.506,25.03,-4.603,,2.506,,0.0,0.039,0.008,2.506
Aruba,ABW,2011,Alpha Cluster,100995.0,,,2.495,24.706,-0.439,,2.495,,0.0,0.045,0.006,2.495
Aruba,ABW,2012,Alpha Cluster,101774.0,,,1.345,13.212,-46.109,,1.345,,0.0,0.024,0.007,1.345
Aruba,ABW,2013,Alpha Cluster,102570.0,,,0.861,8.395,-35.967,,0.861,,0.0,0.024,0.007,0.861
Aruba,ABW,2014,Alpha Cluster,103381.0,,,0.872,8.435,1.277,,0.872,,0.0,0.022,0.007,0.872
Aruba,ABW,2015,Alpha Cluster,104200.0,,,0.898,8.615,2.941,,0.898,,0.0,0.022,0.008,0.898
Aruba,ABW,2016,Alpha Cluster,104989.0,,,0.883,8.411,-1.633,,0.883,,0.0,0.022,0.008,0.883
Aruba,ABW,2017,Alpha Cluster,105737.0,,,0.89,8.42,0.83,,0.89,,0.0,0.022,0.008,0.89
Aruba,ABW,2018,Alpha Cluster,106447.0,,,0.868,8.158,-2.469,,0.868,,0.0,0.022,0.008,0.868
Aruba,ABW,2019,Alpha Cluster,107089.0,,,0.832,7.767,-4.219,,0.832,,0.0,0.023,0.009,0.832
Aruba,ABW,2020,Alpha Cluster,107411.0,,,0.821,7.641,-1.322,,0.821,,0.0,0.023,0.007,0.821
Aruba,ABW,2021,Alpha Cluster,107565.0,,,0.861,8.005,4.911,,0.861,,0.0,0.023,0.008,0.861
Aruba,ABW,2022,Alpha Cluster,107792.0,,,0.888,8.242,3.175,,0.888,,0.0,0.023,0.008,0.888
Aruba,ABW,2023,Alpha Cluster,107946.0,,,0.887,8.213,-0.202,,0.887,,0.0,0.023,0.009,0.887
Aruba,ABW,2024,Alpha Cluster,108076.0,,,0.921,8.518,3.842,,0.921,,0.0,0.023,0.009,0.921
Australia,AUS,1990,Alpha Cluster,17126304.0,464136588000.0,27100.802835217688,278.061,16.236,8.263,141.877,88.851,34.455,3.463,163.762,73.848,268.646
Australia,AUS,1991,Alpha Cluster,17353191.0,461302112920.0,26583.128885056358,279.437,16.103,0.495,146.083,88.251,32.786,3.183,164.542,73.22,270.303
Australia,AUS,1992,Alpha Cluster,17549286.0,478633731062.0,27273.686864639392,284.433,16.208,1.788,150.049,87.923,33.97,2.923,162.966,72.29,274.865
Australia,AUS,1993,Alpha Cluster,17722905.0,501524767329.0,28298.112940796105,288.78,16.294,1.528,150.096,90.392,35.67,3.005,160.821,71.96,279.163
Australia,AUS,1994,Alpha Cluster,17897433.0,527993237904.0,29501.059615867816,293.613,16.405,1.674,151.376,91.928,37.032,3.484,160.115,72.979,283.82
Australia,AUS,1995,Alpha Cluster,18095340.0,549038744439.0,30341.44395402352,304.962,16.853,3.865,155.735,96.148,39.847,3.358,160.051,71.606,295.088
Australia,AUS,1996,Alpha Cluster,18305305.0,574765618472.0,31398.855057154196,311.851,17.036,2.259,160.388,98.723,39.781,3.244,152.869,68.181,302.136
Australia,AUS,1997,Alpha Cluster,18504911.0,601472798853.0,32503.41484230862,320.243,17.306,2.691,167.683,98.41,41.09,3.185,154.13,67.575,310.368
Australia,AUS,1998,Alpha Cluster,18701710.0,634847053105.0,33945.93612589437,334.038,17.861,4.308,177.614,99.17,43.506,3.475,158.015,72.201,323.765
Australia,AUS,1999,Alpha Cluster,18909980.0,664520698611.0,35141.269245710464,343.876,18.185,2.945,183.231,100.839,45.564,3.52,173.283,88.311,333.154
Australia,AUS,2000,Alpha Cluster,19132472.0,692059312020.0,36171.97568719818,349.898,18.288,1.751,185.797,102.678,46.61,3.621,185.127,93.781,338.706
Australia,AUS,2001,Alpha Cluster,19365438.0,713890072308.0,36864.13249770029,357.668,18.469,2.221,190.082,103.202,49.326,3.541,197.299,103.915,346.151
Australia,AUS,2002,Alpha Cluster,19595356.0,747065694937.0,38124.62988358058,362.425,18.495,1.33,191.147,105.481,50.589,3.488,190.631,97.392,350.705
Australia,AUS,2003,Alpha Cluster,19819449.0,774450991263.0,39075.30382216983,370.784,18.708,2.307,195.386,110.951,49.912,3.584,147.337,60.966,359.83299999999997
Australia,AUS,2004,Alpha Cluster,20046679.0,809792445090.0,40395.341547096155,382.005,19.056,3.026,202.225,114.086,51.455,3.555,168.446,82.404,371.32099999999997
Australia,AUS,2005,Alpha Cluster,20294490.0,840092380696.0,41395.09693005343,385.082,18.975,0.805,200.715,116.654,53.322,3.664,148.877,61.452,374.355
Australia,AUS,2006,Alpha Cluster,20590566.0,866678665246.0,42091.05593532494,391.373,19.007,1.634,204.401,117.407,54.849,3.888,167.974,79.327,380.54499999999996
Australia,AUS,2007,Alpha Cluster,20954545.0,911250727265.0,43487.020465727124,398.896,19.036,1.922,203.559,118.853,61.006,3.972,165.577,75.065,387.39
Australia,AUS,2008,Alpha Cluster,21370595.0,937889628737.0,43886.921666757524,404.279,18.918,1.349,204.688,122.482,61.744,3.863,147.579,60.32,392.777
Australia,AUS,2009,Alpha Cluster,21783014.0,963129933389.0,44214.723150294994,406.977,18.683,0.667,206.066,122.362,63.087,3.829,151.71,64.432,395.344
Australia,AUS,2010,Alpha Cluster,22141583.0,993853968687.0,44886.31046330337,405.026,18.293,-0.479,200.635,124.506,64.246,3.549,141.697,53.296,392.9359999999999
Australia,AUS,2011,Alpha Cluster,22479779.0,1024000293343.0,45552.062293094605,403.874,17.966,-0.284,192.232,129.836,66.46,3.496,193.829,102.145,392.02399999999994
Australia,AUS,2012,Alpha Cluster,22852648.0,1062662906305.0,46500.64650297856,405.005,17.722,0.28,189.244,132.478,67.7,3.518,194.517,102.902,392.93999999999994
Australia,AUS,2013,Alpha Cluster,23236271.0,1086068056518.0,46740.20442083844,397.85,17.122,-1.767,176.436,135.764,69.98,3.294,153.629,63.836,385.47400000000005
Australia,AUS,2014,Alpha Cluster,23595599.0,1113888062929.0,47207.45012360144,392.61,16.639,-1.317,168.219,137.132,70.907,3.138,164.133,75.853,379.39599999999996
Australia,AUS,2015,Alpha Cluster,23947997.0,1139303344945.0,47574.05577364153,400.589,16.727,2.032,174.222,136.869,71.665,3.076,161.088,72.207,385.83200000000005
Australia,AUS,2016,Alpha Cluster,24329963.0,1169967279612.0,48087.50755650553,409.666,16.838,2.266,179.594,136.761,74.093,2.931,142.951,59.018,393.379
Australia,AUS,2017,Alpha Cluster,24731044.0,1197832839959.0,48434.38230747558,413.408,16.716,0.913,176.951,139.221,75.477,3.019,166.517,79.364,394.668
Australia,AUS,2018,Alpha Cluster,25119700.0,1231576952488.0,49028.33045330955,414.781,16.512,0.332,169.336,143.397,78.346,2.942,168.041,78.005,394.021
Australia,AUS,2019,Alpha Cluster,25482714.0,1255505542015.0,49268.90997619013,414.925,16.283,0.035,164.888,142.693,80.305,3.04,154.257,64.19,390.92600000000004
Australia,AUS,2020,Alpha Cluster,25743787.0,1232259790388.0,47866.29839611398,398.547,15.481,-3.947,156.622,134.777,83.378,2.82,135.224,54.751,377.597
Australia,AUS,2021,Alpha Cluster,25956417.0,1296705194119.0,49957.01810920205,388.472,14.966,-2.528,151.821,134.179,80.198,2.9,140.75,64.206,369.09799999999996
Australia,AUS,2022,Alpha Cluster,26200987.0,1344251444393.0,51305.37427437371,384.078,14.659,-1.131,146.0,133.833,80.249,2.818,139.423,65.824,362.9
Australia,AUS,2023,Alpha Cluster,26451126.0,,,384.316,14.529,0.062,140.982,141.61,78.682,2.733,141.254,66.471,364.007
Australia,AUS,2024,Alpha Cluster,26713206.0,,,386.732,14.477,0.629,142.549,145.789,75.353,2.733,135.639,67.779,366.424
Austria,AUT,1990,Alpha Cluster,7679627.0,207979127656.0,27081.930887528782,62.191,8.098,15.774,18.139,28.9,11.836,2.033,14.719,4.835,60.908
Austria,AUT,1991,Alpha Cluster,7757140.0,215992683383.0,27844.370912862214,65.79,8.481,5.786,18.7,31.407,12.502,2.005,14.687,4.873,64.614
Austria,AUT,1992,Alpha Cluster,7842715.0,221400873854.0,28230.1312560765,60.291,7.688,-8.358,14.385,30.152,12.518,2.105,14.266,4.681,59.16
Austria,AUT,1993,Alpha Cluster,7907492.0,223462931302.0,28259.646838972458,60.711,7.678,0.696,13.275,31.266,13.023,2.032,13.883,4.635,59.59599999999999
Austria,AUT,1994,Alpha Cluster,7938157.0,229749328956.0,28942.401738338005,61.08,7.694,0.609,13.459,30.716,13.658,2.102,13.369,4.576,59.934999999999995
Austria,AUT,1995,Alpha Cluster,7950322.0,236824462430.0,29788.03404818069,64.063,8.058,4.884,15.425,30.854,14.901,1.631,12.809,4.565,62.81099999999999
Austria,AUT,1996,Alpha Cluster,7960917.0,243480734505.0,30584.50860686024,67.41,8.468,5.225,15.069,33.776,15.797,1.634,12.569,4.626,66.27600000000001
Austria,AUT,1997,Alpha Cluster,7969804.0,249847313444.0,31349.24189402901,67.305,8.445,-0.156,16.157,32.849,15.301,1.761,12.197,4.605,66.068
Austria,AUT,1998,Alpha Cluster,7978465.0,259776337669.0,32559.68882096995,66.937,8.39,-0.547,13.707,34.654,15.717,1.599,11.892,4.586,65.677
Austria,AUT,1999,Alpha Cluster,7993894.0,270186173474.0,33799.06882352956,65.668,8.215,-1.896,13.876,32.805,16.102,1.607,11.766,4.53,64.39
Austria,AUT,2000,Alpha Cluster,8012929.0,280410163017.0,34994.714544082446,66.204,8.262,0.817,15.751,32.179,15.264,1.712,11.488,4.508,64.906
Austria,AUT,2001,Alpha Cluster,8042233.0,285335695766.0,35479.660408496,70.191,8.728,6.022,16.562,34.424,16.156,1.72,11.377,4.535,68.862
Austria,AUT,2002,Alpha Cluster,8081640.0,291231427735.0,36036.17925755169,71.988,8.908,2.561,16.736,36.067,16.069,1.736,11.331,4.595,70.608
Austria,AUT,2003,Alpha Cluster,8122604.0,294489280951.0,36255.52605432938,77.412,9.53,7.534,17.941,39.089,17.267,1.754,11.906,4.424,76.051
Austria,AUT,2004,Alpha Cluster,8173496.0,303692479841.0,37155.76294904898,77.716,9.508,0.393,17.766,39.122,17.662,1.79,10.705,3.94,76.34
Austria,AUT,2005,Alpha Cluster,8229204.0,311441138652.0,37845.84009000142,79.095,9.612,1.775,17.862,39.395,18.701,1.797,10.519,3.919,77.755
Austria,AUT,2006,Alpha Cluster,8269901.0,323236897651.0,39085.945242996255,76.796,9.286,-2.907,17.866,38.117,17.498,1.954,10.357,3.909,75.43499999999999
Austria,AUT,2007,Alpha Cluster,8296948.0,336303973991.0,40533.455674423894,74.092,8.93,-3.521,17.456,36.602,16.496,2.131,10.067,3.851,72.68499999999999
Austria,AUT,2008,Alpha Cluster,8323250.0,342892519161.0,41196.95060955756,73.466,8.827,-0.844,17.028,35.457,17.436,2.133,9.921,4.091,72.05399999999999
Austria,AUT,2009,Alpha Cluster,8345073.0,331119036991.0,39678.387114288875,67.302,8.065,-8.391,12.83,34.408,17.036,1.799,9.77,3.703,66.07300000000001
Austria,AUT,2010,Alpha Cluster,8365087.0,338832243101.0,40505.52529830234,72.0,8.607,6.981,15.497,34.785,18.778,1.622,9.876,3.799,70.682
Austria,AUT,2011,Alpha Cluster,8393272.0,349713455451.0,41665.92664350685,69.892,8.327,-2.929,15.818,33.269,17.73,1.666,9.65,3.961,68.48299999999999
Austria,AUT,2012,Alpha Cluster,8431599.0,352093108730.0,41758.758775174196,67.26,7.977,-3.765,14.686,32.627,16.945,1.673,9.423,3.775,65.93100000000001
Austria,AUT,2013,Alpha Cluster,8481411.0,352182904722.0,41524.093658708436,67.759,7.989,0.741,14.959,33.45,16.332,1.656,9.544,3.823,66.39700000000002
Austria,AUT,2014,Alpha Cluster,8547812.0,354511819035.0,41473.98410669303,64.159,7.506,-5.313,13.801,32.413,14.947,1.639,9.368,3.877,62.800000000000004
Austria,AUT,2015,Alpha Cluster,8644037.0,358108266932.0,41428.35887120798,66.358,7.677,3.428,14.371,32.995,15.966,1.701,8.958,3.959,65.033
Austria,AUT,2016,Alpha Cluster,8737920.0,365232738553.0,41798.5903456429,67.219,7.693,1.297,13.334,34.108,16.737,1.729,9.004,3.957,65.90799999999999
Austria,AUT,2017,Alpha Cluster,8798779.0,373481694490.0,42446.99116661528,69.601,7.91,3.545,14.023,34.546,17.975,1.71,9.212,3.9,68.254
Austria,AUT,2018,Alpha Cluster,8841653.0,382540042762.0,43265.67020465517,66.567,7.529,-4.36,12.294,34.087,17.019,1.827,9.209,3.828,65.227
Austria,AUT,2019,Alpha Cluster,8880876.0,388344674039.0,43728.194610419065,67.951,7.651,2.08,13.005,34.088,17.791,1.771,9.181,3.75,66.655
Austria,AUT,2020,Alpha Cluster,8921402.0,363281092036.0,40720.17963499459,62.18,6.97,-8.493,11.371,30.779,16.959,1.821,9.103,3.784,60.92999999999999
Austria,AUT,2021,Alpha Cluster,8967053.0,379835198584.0,42358.977758244546,65.751,7.333,5.744,12.408,32.17,17.923,1.889,9.323,3.761,64.39
Austria,AUT,2022,Alpha Cluster,9064678.0,398815419150.0,43996.64490564364,61.454,6.78,-6.536,11.663,30.702,15.968,1.832,9.215,3.635,60.165
Austria,AUT,2023,Alpha Cluster,9130434.0,,,56.909,6.233,-7.396,11.146,29.376,13.634,1.543,9.275,3.587,55.699000000000005
Austria,AUT,2024,Alpha Cluster,9120815.0,,,56.368,6.18,-0.951,11.154,28.888,13.573,1.543,9.31,3.561,55.158
Azerbaijan,AZE,1990,Alpha Cluster,7231084.0,53235601363.0,7362.049917135522,51.345,7.101,-0.469,0.343,22.493,27.841,0.478,7.562,2.871,51.155
Azerbaijan,AZE,1991,Alpha Cluster,7314317.0,53426621017.0,7304.389598782771,50.074,6.846,-2.475,0.251,22.543,26.636,0.467,7.335,2.594,49.897
Azerbaijan,AZE,1992,Alpha Cluster,7405781.0,41795295334.0,5643.6040080040175,56.174,7.585,12.183,0.066,31.225,22.6,0.379,6.562,2.393,54.27
Azerbaijan,AZE,1993,Alpha Cluster,7504119.0,32486438953.0,4329.147625857213,48.406,6.451,-13.829,0.011,30.818,17.283,0.294,6.165,2.119,48.406
Azerbaijan,AZE,1994,Alpha Cluster,7608894.0,26372096369.0,3465.956598817121,41.945,5.513,-13.348,0.004,25.032,16.671,0.237,5.834,1.948,41.944
Azerbaijan,AZE,1995,Alpha Cluster,7719283.0,23188276303.0,3003.9417265826373,33.309,4.315,-20.588,0.015,19.885,13.308,0.103,5.779,1.907,33.311
Azerbaijan,AZE,1996,Alpha Cluster,7830981.0,24026379639.0,3068.118750256194,31.242,3.99,-6.206,0.015,19.37,11.737,0.12,5.817,1.821,31.242
Azerbaijan,AZE,1997,Alpha Cluster,7936220.0,26436933201.0,3331.1744383346227,29.843,3.76,-4.479,0.015,18.551,11.062,0.175,5.951,1.888,29.803
Azerbaijan,AZE,1998,Alpha Cluster,8025808.0,28328460213.0,3529.670808596468,31.785,3.96,6.507,0.004,20.948,10.599,0.115,6.255,1.919,31.666
Azerbaijan,AZE,1999,Alpha Cluster,8100472.0,31898574736.0,3937.8661806373752,28.822,3.558,-9.323,,16.777,11.688,0.104,7.023,1.966,28.569000000000003
Azerbaijan,AZE,2000,Alpha Cluster,8174784.0,34255707098.0,4190.411281570253,29.765,3.641,3.274,,17.965,11.421,0.121,7.2,2.041,29.506999999999998
Azerbaijan,AZE,2001,Alpha Cluster,8251776.0,36862177017.0,4467.181006488785,28.415,3.444,-4.535,,11.278,16.576,0.304,7.445,2.154,28.157999999999998
Azerbaijan,AZE,2002,Alpha Cluster,8326141.0,40295217200.0,4839.603028581909,28.57,3.431,0.545,,11.287,16.622,0.472,7.346,2.26,28.381
Azerbaijan,AZE,2003,Alpha Cluster,8400528.0,44994637993.0,5356.167849568504,30.488,3.629,6.711,,12.697,17.054,0.539,7.598,2.337,30.29
Azerbaijan,AZE,2004,Alpha Cluster,8489874.0,50107477354.0,5902.0283874648785,32.253,3.799,5.791,,12.731,18.622,0.724,7.715,2.479,32.077
Azerbaijan,AZE,2005,Alpha Cluster,8597248.0,64019175136.0,7446.473003454129,34.194,3.977,6.017,,14.638,18.533,0.743,8.681,2.563,33.914
Azerbaijan,AZE,2006,Alpha Cluster,8711380.0,87026407066.0,9989.967957545188,34.522,3.963,0.96,,12.977,20.465,0.783,9.518,2.663,34.225
Azerbaijan,AZE,2007,Alpha Cluster,8828313.0,109944254894.0,12453.597294749292,30.037,3.402,-12.992,0.022,11.456,17.578,0.817,12.742,2.695,29.872999999999998
Azerbaijan,AZE,2008,Alpha Cluster,8942637.0,123130002462.0,13768.86956968062,33.037,3.694,9.987,0.015,10.607,20.738,0.77,13.584,2.904,32.13
Azerbaijan,AZE,2009,Alpha Cluster,9046336.0,136020226283.0,15035.946739431301,29.103,3.217,-11.908,0.015,9.241,18.789,0.621,12.131,2.916,28.666
Azerbaijan,AZE,2010,Alpha Cluster,9146852.0,144296577620.0,15775.545249884879,27.549,3.012,-5.338,0.022,8.695,17.968,0.617,12.386,2.895,27.302000000000003
Azerbaijan,AZE,2011,Alpha Cluster,9256156.0,145980469968.0,15771.17649788962,30.21,3.264,9.66,0.018,10.267,19.023,0.465,11.983,2.997,29.773
Azerbaijan,AZE,2012,Alpha Cluster,9376179.0,149196415149.0,15912.283153830575,32.77,3.495,8.473,0.015,11.639,19.831,0.658,12.088,3.095,32.143
Azerbaijan,AZE,2013,Alpha Cluster,9504417.0,157913964589.0,16614.797581903236,33.559,3.531,2.407,0.011,12.069,19.936,0.722,12.241,3.141,32.738
Azerbaijan,AZE,2014,Alpha Cluster,9631136.0,162332395164.0,16854.958248331244,34.345,3.566,2.342,0.007,11.63,21.2,0.925,12.297,3.213,33.762
Azerbaijan,AZE,2015,Alpha Cluster,9752859.0,164036906588.0,16819.36615591387,34.683,3.556,0.986,0.011,11.534,21.933,0.843,12.299,3.555,34.321
Azerbaijan,AZE,2016,Alpha Cluster,9868434.0,159010796104.0,16113.072864853735,34.727,3.519,0.126,0.004,12.136,21.51,0.726,12.163,3.486,34.376
Azerbaijan,AZE,2017,Alpha Cluster,9968510.0,159255674569.0,15975.875488814276,34.698,3.481,-0.083,0.004,12.587,20.894,0.929,11.902,3.423,34.414
Azerbaijan,AZE,2018,Alpha Cluster,10039782.0,161644514845.0,16100.400869759922,34.576,3.444,-0.352,0.004,11.837,21.282,1.083,11.962,3.716,34.205999999999996
Azerbaijan,AZE,2019,Alpha Cluster,10110483.0,165653307401.0,16384.311946422342,37.753,3.734,9.186,0.004,12.112,24.122,1.096,12.222,3.465,37.334
Azerbaijan,AZE,2020,Alpha Cluster,10181736.0,158697520949.0,15586.489469870365,36.237,3.559,-4.014,0.004,10.629,24.333,1.018,12.078,3.484,35.983999999999995
Azerbaijan,AZE,2021,Alpha Cluster,10234372.0,167584576527.0,16374.68097964389,38.3,3.742,5.692,0.0,11.744,25.222,1.081,12.506,3.225,38.047000000000004
Azerbaijan,AZE,2022,Alpha Cluster,10295307.0,175370552026.0,17034.028419550774,41.175,3.999,7.506,0.044,12.847,26.793,1.119,12.463,3.088,40.803
Azerbaijan,AZE,2023,Alpha Cluster,10318209.0,,,42.748,4.143,3.822,0.044,13.374,27.556,1.119,12.554,3.152,42.093
Azerbaijan,AZE,2024,Alpha Cluster,10336577.0,,,39.83,3.853,-6.826,0.044,13.169,25.126,1.119,12.679,2.977,39.458
Bahamas,BHS,1990,Alpha Cluster,275954.0,,,2.023,7.329,3.955,0.004,2.019,,0.0,0.209,0.037,2.023
Bahamas,BHS,1991,Alpha Cluster,280745.0,,,1.997,7.113,-1.268,0.004,1.993,,0.0,0.211,0.036,1.997
Bahamas,BHS,1992,Alpha Cluster,285938.0,,,1.869,6.535,-6.422,0.004,1.865,,0.0,0.213,0.034,1.869
Bahamas,BHS,1993,Alpha Cluster,291350.0,,,1.744,5.986,-6.667,0.004,1.74,,0.0,0.216,0.034,1.744
Bahamas,BHS,1994,Alpha Cluster,296519.0,,,1.77,5.968,1.471,0.004,1.766,,0.0,0.22,0.035,1.77
Bahamas,BHS,1995,Alpha Cluster,301471.0,,,1.839,6.101,3.934,0.004,1.836,,0.0,0.227,0.043,1.84
Bahamas,BHS,1996,Alpha Cluster,306281.0,,,1.814,5.922,-1.394,0.004,1.81,,0.0,0.232,0.049,1.814
Bahamas,BHS,1997,Alpha Cluster,310914.0,,,1.608,5.173,-11.313,0.004,1.605,,0.0,0.236,0.048,1.609
Bahamas,BHS,1998,Alpha Cluster,315376.0,,,1.99,6.309,23.69,0.004,1.986,,0.0,0.243,0.061,1.99
Bahamas,BHS,1999,Alpha Cluster,319623.0,,,2.034,6.362,2.21,0.004,2.03,,0.0,0.248,0.054,2.034
Bahamas,BHS,2000,Alpha Cluster,323846.0,,,2.026,6.257,-0.36,0.004,2.023,,0.0,0.25,0.04,2.027
Bahamas,BHS,2001,Alpha Cluster,327847.0,,,1.946,5.934,-3.978,0.004,1.942,,0.0,0.253,0.041,1.946
Bahamas,BHS,2002,Alpha Cluster,331625.0,,,2.034,6.132,4.52,0.004,2.03,,0.0,0.259,0.045,2.034
Bahamas,BHS,2003,Alpha Cluster,335625.0,,,2.07,6.168,1.802,0.007,2.063,,0.0,0.258,0.037,2.0700000000000003
Bahamas,BHS,2004,Alpha Cluster,339794.0,,,2.048,6.028,-1.062,0.007,2.041,,0.0,0.276,0.054,2.048
Bahamas,BHS,2005,Alpha Cluster,343905.0,,,1.905,5.54,-6.977,0.007,1.898,,0.0,0.274,0.046,1.9049999999999998
Bahamas,BHS,2006,Alpha Cluster,348386.0,,,1.854,5.322,-2.692,0.007,1.847,,0.0,0.278,0.047,1.8539999999999999
Bahamas,BHS,2007,Alpha Cluster,353343.0,,,1.872,5.299,0.988,0.004,1.869,,0.0,0.287,0.051,1.873
Bahamas,BHS,2008,Alpha Cluster,358133.0,,,1.92,5.361,2.544,0.004,1.916,,0.0,0.301,0.061,1.92
Bahamas,BHS,2009,Alpha Cluster,362806.0,,,2.154,5.938,12.214,0.004,2.151,,0.0,0.289,0.05,2.155
Bahamas,BHS,2010,Alpha Cluster,367482.0,,,2.231,6.072,3.571,0.004,2.228,,0.0,0.29,0.047,2.232
Bahamas,BHS,2011,Alpha Cluster,371738.0,,,2.11,5.677,-5.419,0.004,2.107,,0.0,0.309,0.053,2.111
Bahamas,BHS,2012,Alpha Cluster,375474.0,,,2.048,5.455,-2.951,0.004,2.045,,0.0,0.307,0.045,2.049
Bahamas,BHS,2013,Alpha Cluster,378957.0,,,1.993,5.26,-2.683,0.004,1.99,,0.0,0.317,0.056,1.994
Bahamas,BHS,2014,Alpha Cluster,382312.0,,,2.063,5.396,3.493,0.004,2.059,,0.0,0.314,0.046,2.063
Bahamas,BHS,2015,Alpha Cluster,385355.0,,,2.231,5.79,8.171,0.004,2.228,,0.0,0.319,0.049,2.232
Bahamas,BHS,2016,Alpha Cluster,388060.0,,,2.246,5.788,0.657,0.004,2.242,,0.0,0.322,0.056,2.246
Bahamas,BHS,2017,Alpha Cluster,390496.0,,,2.521,6.455,12.235,0.004,2.517,,0.0,0.329,0.067,2.521
Bahamas,BHS,2018,Alpha Cluster,392718.0,,,2.455,6.251,-2.616,0.004,2.451,,0.0,0.326,0.06,2.455
Bahamas,BHS,2019,Alpha Cluster,394684.0,,,2.521,6.387,2.687,0.004,2.517,,0.0,0.33,0.058,2.521
Bahamas,BHS,2020,Alpha Cluster,395874.0,,,2.052,5.183,-18.605,0.004,2.048,,0.0,0.336,0.056,2.052
Bahamas,BHS,2021,Alpha Cluster,396381.0,,,2.726,6.877,32.857,0.004,2.722,,0.0,0.336,0.054,2.726
Bahamas,BHS,2022,Alpha Cluster,397542.0,,,2.962,7.451,8.656,0.004,2.958,,0.0,0.338,0.049,2.962
Bahamas,BHS,2023,Alpha Cluster,399452.0,,,2.956,7.4,-0.198,0.004,2.952,,0.0,0.341,0.052,2.956
Bahamas,BHS,2024,Alpha Cluster,401282.0,,,3.07,7.65,3.841,0.004,3.066,,0.0,0.343,0.048,3.07
Bahrain,BHR,1990,Alpha Cluster,514799.0,3274114078.0,6359.985310771777,11.494,22.327,-1.352,,1.041,10.453,0.0,13.982,0.084,11.494
Bahrain,BHR,1991,Alpha Cluster,531883.0,3651056951.0,6864.398657223487,11.329,21.3,-1.434,,1.392,9.937,0.0,16.568,0.085,11.328999999999999
Bahrain,BHR,1992,Alpha Cluster,547753.0,4256667780.0,7771.144621754696,10.402,18.99,-8.183,,0.462,9.94,0.0,18.589,0.091,10.402
Bahrain,BHR,1993,Alpha Cluster,562820.0,4978466441.0,8845.574856970257,16.748,29.758,61.008,,4.239,12.509,0.0,19.333,0.094,16.748
Bahrain,BHR,1994,Alpha Cluster,577960.0,5580193474.0,9654.982133711675,14.352,24.832,-14.308,,2.099,12.252,0.0,18.995,0.098,14.351
Bahrain,BHR,1995,Alpha Cluster,593230.0,6161508997.0,10386.374588270992,14.744,24.854,2.732,,1.7,13.044,0.0,19.023,0.102,14.744
Bahrain,BHR,1996,Alpha Cluster,608593.0,6872042752.0,11291.688783801324,15.942,26.195,8.126,,2.488,13.454,0.0,19.762,0.109,15.942
Bahrain,BHR,1997,Alpha Cluster,624019.0,7574288621.0,12137.913462570852,17.221,27.597,8.021,,2.727,14.494,0.0,16.674,0.117,17.221
Bahrain,BHR,1998,Alpha Cluster,639391.0,8524455571.0,13332.148201960928,18.276,28.583,6.128,,3.001,15.275,0.0,17.145,0.127,18.276
Bahrain,BHR,1999,Alpha Cluster,654622.0,9667911784.0,14768.693664435354,18.254,27.885,-0.12,,2.426,15.828,0.0,19.1,0.127,18.253999999999998
Bahrain,BHR,2000,Alpha Cluster,669589.0,11032289188.0,16476.210314088195,19.199,28.673,5.179,,3.056,16.144,0.0,19.131,0.114,19.2
Bahrain,BHR,2001,Alpha Cluster,699964.0,12074987722.0,17250.869647581876,19.679,28.115,2.5,,3.393,16.286,0.0,19.495,0.117,19.679000000000002
Bahrain,BHR,2002,Alpha Cluster,752205.0,13787453002.0,18329.382285414216,20.112,26.737,2.197,,3.261,16.851,0.0,18.107,0.136,20.112
Bahrain,BHR,2003,Alpha Cluster,811276.0,16535287306.0,20381.827277030257,20.976,25.856,4.3,,3.745,17.232,0.0,17.006,0.138,20.977
Bahrain,BHR,2004,Alpha Cluster,871446.0,19633464819.0,22529.754934901302,21.204,24.331,1.083,,4.247,16.957,0.0,16.835,0.141,21.204
Bahrain,BHR,2005,Alpha Cluster,932618.0,22873324996.0,24525.93129877399,24.487,26.256,15.483,,5.371,19.115,0.0,16.731,0.151,24.485999999999997
Bahrain,BHR,2006,Alpha Cluster,994626.0,26149797771.0,26291.08606752689,24.036,24.166,-1.84,,3.734,20.302,0.0,16.164,0.161,24.036
Bahrain,BHR,2007,Alpha Cluster,1057419.0,30119518073.0,28483.99553346403,26.626,25.18,10.777,,5.76,20.866,0.0,16.71,0.161,26.625999999999998
Bahrain,BHR,2008,Alpha Cluster,1120718.0,33548850204.0,29935.1399763366,29.525,26.344,10.885,,6.555,22.97,0.0,18.545,0.171,29.525
Bahrain,BHR,2009,Alpha Cluster,1183616.0,35937223742.0,30362.23212764951,28.138,23.773,-4.697,,3.671,24.175,0.291,19.179,0.167,28.137
Bahrain,BHR,2010,Alpha Cluster,1213248.0,39778047298.0,32786.41077339505,29.143,24.02,3.571,,4.114,24.531,0.497,18.343,0.184,29.142
Bahrain,BHR,2011,Alpha Cluster,1206733.0,43727144774.0,36235.97330478242,28.544,23.654,-2.053,,3.723,24.285,0.537,18.528,0.176,28.544999999999998
Bahrain,BHR,2012,Alpha Cluster,1216307.0,45357290589.0,37290.9886969326,27.202,22.365,-4.7,,2.158,24.392,0.553,21.082,0.179,27.103
Bahrain,BHR,2013,Alpha Cluster,1257206.0,47813841200.0,38031.82708323059,31.228,24.839,14.799,,4.367,26.179,0.523,23.707,0.19,31.069
Bahrain,BHR,2014,Alpha Cluster,1312857.0,49894227022.0,38004.31198675865,30.971,23.59,-0.825,,2.012,28.352,0.525,24.315,0.193,30.889
Bahrain,BHR,2015,Alpha Cluster,1369656.0,51134096686.0,37333.53242419995,32.521,23.744,5.004,,3.778,28.242,0.424,24.203,0.193,32.444
Bahrain,BHR,2016,Alpha Cluster,1429609.0,52953446666.0,37040.510143682644,31.635,22.129,-2.722,,3.712,27.172,0.561,24.357,0.189,31.445
Bahrain,BHR,2017,Alpha Cluster,1482003.0,55226208950.0,37264.57297994674,32.917,22.211,4.05,,4.078,27.989,0.602,23.776,0.196,32.669
Bahrain,BHR,2018,Alpha Cluster,1497634.0,56391482183.0,37653.71391341276,32.698,21.833,-0.663,,3.678,28.404,0.474,23.604,0.2,32.556
Bahrain,BHR,2019,Alpha Cluster,1485675.0,57613480945.0,38779.32989718478,37.616,25.319,15.039,,3.748,33.276,0.271,24.328,0.207,37.295
Bahrain,BHR,2020,Alpha Cluster,1483081.0,54937336615.0,37042.708129225575,37.429,25.238,-0.497,,3.609,33.13,0.246,24.364,0.205,36.98500000000001
Bahrain,BHR,2021,Alpha Cluster,1501762.0,56404169544.0,37558.66078912637,36.265,24.148,-3.11,,3.257,32.467,0.286,23.999,0.209,36.01
Bahrain,BHR,2022,Alpha Cluster,1533460.0,58769760175.0,38324.938488777014,37.827,24.668,4.306,,4.656,32.671,0.323,23.97,0.209,37.65
Bahrain,BHR,2023,Alpha Cluster,1569674.0,,,38.787,24.71,2.537,,4.709,33.575,0.323,23.925,0.213,38.607000000000006
Bahrain,BHR,2024,Alpha Cluster,1607059.0,,,39.003,24.27,0.559,,4.734,33.824,0.323,23.757,0.214,38.881
Bangladesh,BGD,1990,Alpha Cluster,111633722.0,112105268328.0,1004.2240491452932,14.082,0.126,5.225,1.07,5.337,7.575,0.1,65.267,14.572,14.081999999999999
Bangladesh,BGD,1991,Alpha Cluster,113787112.0,117331560870.0,1031.1498271438684,14.753,0.13,4.768,0.341,5.276,9.057,0.079,65.169,15.293,14.753
Bangladesh,BGD,1992,Alpha Cluster,115952198.0,123425133934.0,1064.4484198048578,15.391,0.133,4.324,0.322,5.386,9.607,0.075,65.841,15.644,15.389999999999999
Bangladesh,BGD,1993,Alpha Cluster,118132363.0,129907345176.0,1099.6761757487234,16.074,0.136,4.438,0.121,5.491,10.389,0.073,65.788,16.0,16.073999999999998
Bangladesh,BGD,1994,Alpha Cluster,120343183.0,137432659561.0,1142.0061870974446,17.553,0.146,9.2,0.099,5.91,11.472,0.072,67.125,16.76,17.553
Bangladesh,BGD,1995,Alpha Cluster,122600372.0,145833067614.0,1189.4993892351322,21.056,0.172,19.961,1.22,6.738,13.029,0.069,68.434,18.103,21.056
Bangladesh,BGD,1996,Alpha Cluster,124862185.0,155028875281.0,1241.599890959781,21.507,0.172,2.142,0.678,7.178,13.498,0.154,69.113,18.818,21.508
Bangladesh,BGD,1997,Alpha Cluster,127198070.0,165329622112.0,1299.7809016441838,23.144,0.182,7.61,1.227,8.424,13.264,0.229,70.164,18.517,23.144
Bangladesh,BGD,1998,Alpha Cluster,129622332.0,175900627375.0,1357.024091921136,23.216,0.179,0.311,0.352,8.271,14.325,0.269,70.329,18.726,23.217
Bangladesh,BGD,1999,Alpha Cluster,132108065.0,187794887949.0,1421.5247793463632,25.093,0.19,8.086,0.176,8.871,15.616,0.431,72.894,20.014,25.094
Bangladesh,BGD,2000,Alpha Cluster,134544303.0,200824294390.0,1492.6257739058635,26.539,0.197,5.762,1.253,7.702,16.88,0.704,73.923,20.198,26.539
Bangladesh,BGD,2001,Alpha Cluster,136805810.0,213164797419.0,1558.1560272842214,31.064,0.227,17.05,1.33,9.896,18.903,0.935,74.105,20.726,31.063999999999997
Bangladesh,BGD,2002,Alpha Cluster,138933659.0,226285297151.0,1628.7291271224635,32.007,0.23,3.035,1.33,9.906,19.886,0.885,75.264,21.284,32.007
Bangladesh,BGD,2003,Alpha Cluster,140970355.0,242325893842.0,1718.9847740824657,33.496,0.238,4.652,1.37,9.9,21.39,0.835,76.025,20.888,33.495
Bangladesh,BGD,2004,Alpha Cluster,142902857.0,260372737862.0,1822.0261184981068,35.978,0.252,7.411,1.451,10.651,23.091,0.785,75.405,21.091,35.977999999999994
Bangladesh,BGD,2005,Alpha Cluster,144715789.0,280264340330.0,1936.653507310111,37.717,0.261,4.832,1.605,10.637,24.725,0.751,76.956,21.854,37.717999999999996
Bangladesh,BGD,2006,Alpha Cluster,146405983.0,303255436424.0,2071.3322653214245,41.726,0.285,10.63,1.81,10.959,28.257,0.7,78.065,22.878,41.726000000000006
Bangladesh,BGD,2007,Alpha Cluster,147989282.0,327072515722.0,2210.109484293599,42.675,0.288,2.275,2.209,10.204,29.579,0.682,78.855,23.005,42.67400000000001
Bangladesh,BGD,2008,Alpha Cluster,149474264.0,349461394439.0,2337.93688015082,45.341,0.303,6.248,2.469,9.951,32.222,0.699,81.754,25.076,45.341
Bangladesh,BGD,2009,Alpha Cluster,150873716.0,372693237092.0,2470.2330331149265,49.188,0.326,8.484,3.015,10.032,35.442,0.699,82.806,24.721,49.188
Bangladesh,BGD,2010,Alpha Cluster,152201978.0,400087800634.0,2628.663607998577,54.036,0.355,9.854,3.074,10.885,39.397,0.68,84.043,25.383,54.035999999999994
Bangladesh,BGD,2011,Alpha Cluster,153591074.0,431418704062.0,2808.878750740424,55.593,0.362,2.882,2.836,13.865,38.197,0.695,84.741,26.488,55.593
Bangladesh,BGD,2012,Alpha Cluster,155070110.0,458456647637.0,2956.447555476681,59.704,0.385,7.395,3.422,15.576,40.015,0.675,85.275,25.997,59.688
Bangladesh,BGD,2013,Alpha Cluster,156532134.0,486135250102.0,3105.6578459602424,64.763,0.414,8.473,3.748,16.312,43.942,0.743,85.88,26.149,64.745
Bangladesh,BGD,2014,Alpha Cluster,157964931.0,516793803718.0,3271.573003238295,67.552,0.428,4.307,3.51,18.287,44.972,0.752,86.573,27.086,67.521
Bangladesh,BGD,2015,Alpha Cluster,159383179.0,552104723056.0,3464.008727395254,76.946,0.483,13.907,8.607,18.727,48.493,1.062,87.026,27.743,76.889
Bangladesh,BGD,2016,Alpha Cluster,160811934.0,589932630231.0,3668.4630024473186,81.761,0.508,6.258,6.071,21.644,52.903,1.116,86.753,27.037,81.734
Bangladesh,BGD,2017,Alpha Cluster,162186146.0,630957812405.0,3890.331128560142,86.531,0.534,5.834,7.152,25.478,52.683,1.206,89.0,27.872,86.519
Bangladesh,BGD,2018,Alpha Cluster,163523109.0,678912369102.0,4151.7824193398865,86.608,0.53,0.089,8.182,24.359,52.654,1.394,89.101,28.649,86.58900000000001
Bangladesh,BGD,2019,Alpha Cluster,164913060.0,717214595514.0,4349.0466765579395,94.808,0.575,9.467,8.68,25.187,59.417,1.496,89.562,28.637,94.78
Bangladesh,BGD,2020,Alpha Cluster,166298024.0,754358367084.0,4536.183587388868,95.729,0.576,0.972,10.549,23.636,60.126,1.39,90.907,28.937,95.70100000000001
Bangladesh,BGD,2021,Alpha Cluster,167658855.0,807308397444.0,4815.184962607552,98.53,0.588,2.926,14.216,22.596,60.156,1.514,92.285,30.403,98.48199999999999
Bangladesh,BGD,2022,Alpha Cluster,169384891.0,858143907016.0,5066.236439093024,102.147,0.603,3.671,16.149,25.759,58.784,1.416,93.141,30.684,102.108
Bangladesh,BGD,2023,Alpha Cluster,171466986.0,,,104.527,0.61,2.329,23.837,21.608,57.634,1.416,94.319,31.166,104.495
Bangladesh,BGD,2024,Alpha Cluster,173562366.0,,,108.318,0.624,3.627,26.008,24.879,55.992,1.416,95.567,32.007,108.29499999999999
Barbados,BRB,1990,Alpha Cluster,258583.0,3404428000.0,13165.706949026038,1.037,4.011,4.897,,0.883,0.051,0.099,0.205,0.044,1.0330000000000001
Barbados,BRB,1991,Alpha Cluster,259382.0,3234507041.0,12470.052050643453,1.184,4.563,14.133,,1.037,0.044,0.099,0.203,0.055,1.18
Barbados,BRB,1992,Alpha Cluster,260272.0,3028225649.0,11634.849883967541,1.164,4.473,-1.644,,1.037,0.037,0.087,0.209,0.054,1.1609999999999998
Barbados,BRB,1993,Alpha Cluster,261036.0,3017396976.0,11559.313565944927,0.936,3.584,-19.633,,0.864,0.037,0.031,0.2,0.052,0.932
Barbados,BRB,1994,Alpha Cluster,261625.0,3045284405.0,11639.883057811754,0.94,3.593,0.468,,0.861,0.037,0.039,0.201,0.053,0.937
Barbados,BRB,1995,Alpha Cluster,262046.0,3074994312.0,11734.55924532334,1.023,3.903,8.807,,0.949,0.033,0.037,0.201,0.057,1.019
Barbados,BRB,1996,Alpha Cluster,262290.0,3163661977.0,12061.694982652789,1.05,4.002,2.627,,0.964,0.029,0.053,0.205,0.058,1.046
Barbados,BRB,1997,Alpha Cluster,262405.0,3273617373.0,12475.438246222442,1.156,4.404,10.101,,1.03,0.037,0.086,0.201,0.059,1.153
Barbados,BRB,1998,Alpha Cluster,262434.0,3356270425.0,12789.007617153266,1.228,4.678,6.229,,1.063,0.033,0.128,0.206,0.058,1.2239999999999998
Barbados,BRB,1999,Alpha Cluster,262521.0,3340959870.0,12726.448055584126,1.302,4.958,6.026,,1.129,0.044,0.126,0.206,0.058,1.299
Barbados,BRB,2000,Alpha Cluster,262071.0,3452406154.0,13173.552792945424,1.309,4.995,0.573,,1.136,0.037,0.133,0.219,0.052,1.3059999999999998
Barbados,BRB,2001,Alpha Cluster,262429.0,3330849682.0,12692.38415723872,1.307,4.982,-0.128,,1.15,0.029,0.124,0.208,0.048,1.303
Barbados,BRB,2002,Alpha Cluster,264155.0,3319030722.0,12564.709060967993,1.317,4.985,0.715,,1.136,0.029,0.148,0.196,0.04,1.3129999999999997
Barbados,BRB,2003,Alpha Cluster,265789.0,3362359775.0,12650.485065220908,1.358,5.111,3.162,,1.172,0.029,0.153,0.195,0.04,1.3539999999999999
Barbados,BRB,2004,Alpha Cluster,267297.0,3369967163.0,12607.575704179246,1.387,5.188,2.084,,1.202,0.029,0.152,0.195,0.054,1.3829999999999998
Barbados,BRB,2005,Alpha Cluster,268717.0,3466246054.0,12899.243642940342,1.429,5.318,3.051,,1.242,0.029,0.154,0.193,0.045,1.4249999999999998
Barbados,BRB,2006,Alpha Cluster,270011.0,3622055423.0,13414.473569595313,1.471,5.448,2.937,,1.279,0.037,0.152,0.179,0.045,1.4679999999999997
Barbados,BRB,2007,Alpha Cluster,271298.0,3642717925.0,13426.99881679924,1.469,5.415,-0.136,,1.282,0.037,0.15,0.174,0.045,1.4689999999999999
Barbados,BRB,2008,Alpha Cluster,272719.0,3618468400.0,13268.1199329713,1.733,6.356,17.997,,1.554,0.033,0.143,0.19,0.049,1.73
Barbados,BRB,2009,Alpha Cluster,274137.0,3446882402.0,12573.575993025384,1.7,6.2,-1.944,,1.55,0.033,0.113,0.174,0.044,1.696
Barbados,BRB,2010,Alpha Cluster,275251.0,3418936167.0,12421.158023040789,1.567,5.692,-7.832,,1.433,0.029,0.101,0.171,0.045,1.563
Barbados,BRB,2011,Alpha Cluster,276150.0,3406690000.0,12336.375158428391,1.626,5.889,3.807,,1.491,0.033,0.098,0.174,0.043,1.622
Barbados,BRB,2012,Alpha Cluster,276949.0,3415680000.0,12333.245471187836,1.554,5.612,-4.429,,1.436,0.037,0.078,0.169,0.045,1.551
Barbados,BRB,2013,Alpha Cluster,277669.0,3412801000.0,12290.896715153654,1.54,5.546,-0.925,,1.422,0.044,0.071,0.165,0.047,1.537
Barbados,BRB,2014,Alpha Cluster,278355.0,3416200000.0,12272.817086095094,1.368,4.913,-11.184,,1.253,0.04,0.071,0.167,0.043,1.3639999999999999
Barbados,BRB,2015,Alpha Cluster,278999.0,3448059000.0,12358.678704941594,1.335,4.784,-2.411,,1.224,0.037,0.071,0.165,0.043,1.3319999999999999
Barbados,BRB,2016,Alpha Cluster,279604.0,3528285767.0,12618.86728015336,1.371,4.905,2.758,,1.261,0.037,0.071,0.165,0.046,1.3689999999999998
Barbados,BRB,2017,Alpha Cluster,280177.0,3554020089.0,12684.910213900499,1.399,4.994,2.026,,1.253,0.037,0.106,0.167,0.046,1.396
Barbados,BRB,2018,Alpha Cluster,280719.0,3526291932.0,12561.643251792719,1.447,5.154,3.404,,1.29,0.048,0.106,0.167,0.047,1.4440000000000002
Barbados,BRB,2019,Alpha Cluster,281216.0,3535586950.0,12572.495697257624,1.392,4.95,-3.799,,1.238,0.044,0.106,0.168,0.046,1.3880000000000001
Barbados,BRB,2020,Alpha Cluster,281706.0,3085224475.0,10951.930292574529,1.256,4.457,-9.798,,1.143,0.029,0.079,0.165,0.045,1.251
Barbados,BRB,2021,Alpha Cluster,282157.0,3061072053.0,10848.825487228742,1.19,4.218,-5.21,,1.059,0.026,0.106,0.163,0.045,1.191
Barbados,BRB,2022,Alpha Cluster,282324.0,3408005977.0,12071.2584725351,1.315,4.658,10.492,,1.18,0.029,0.106,0.162,0.046,1.315
Barbados,BRB,2023,Alpha Cluster,282347.0,,,1.317,4.664,0.133,,1.177,0.034,0.106,0.163,0.047,1.3170000000000002
Barbados,BRB,2024,Alpha Cluster,282476.0,,,1.365,4.833,3.679,,1.223,0.037,0.106,0.16,0.047,1.366
Belarus,BLR,1990,Alpha Cluster,10186258.0,116974867000.0,11483.595546077862,108.459,10.648,-0.678,10.192,66.944,26.589,0.985,23.57,18.162,104.71
Belarus,BLR,1991,Alpha Cluster,10193889.0,114005544177.0,11183.71449571405,104.186,10.22,-3.94,9.872,64.549,25.384,0.947,23.206,17.591,100.75200000000001
Belarus,BLR,1992,Alpha Cluster,10217561.0,101880793628.0,9971.14611089672,93.597,9.16,-10.164,8.734,47.716,33.09,0.908,20.816,15.843,90.44800000000001
Belarus,BLR,1993,Alpha Cluster,10241320.0,93050209032.0,9085.763264110486,80.674,7.877,-13.806,7.663,39.451,30.05,0.854,19.935,15.441,78.018
Belarus,BLR,1994,Alpha Cluster,10230193.0,81212667307.0,7938.527387215471,67.99,6.646,-15.723,6.312,32.582,26.765,0.63,19.105,14.584,66.28899999999999
Belarus,BLR,1995,Alpha Cluster,10197466.0,71373341741.0,6999.125247487955,61.015,5.983,-10.259,5.889,28.607,24.34,0.563,18.189,14.624,59.399
Belarus,BLR,1996,Alpha Cluster,10164025.0,72504136402.0,7133.407916843967,61.844,6.085,1.359,5.843,27.511,26.23,0.637,17.679,14.637,60.221000000000004
Belarus,BLR,1997,Alpha Cluster,10122365.0,79868071251.0,7890.257983287503,61.697,6.095,-0.236,5.03,23.729,30.213,0.825,17.262,14.652,59.797000000000004
Belarus,BLR,1998,Alpha Cluster,10080579.0,85602469015.0,8491.820659805355,60.184,5.97,-2.453,4.777,23.02,29.595,0.914,17.178,14.55,58.306
Belarus,BLR,1999,Alpha Cluster,10039221.0,87455010171.0,8711.334292869935,58.076,5.785,-3.503,4.112,20.823,30.693,0.885,17.045,14.525,56.513
Belarus,BLR,2000,Alpha Cluster,9991310.0,91419114455.0,9149.862676165589,55.014,5.506,-5.271,4.198,17.209,31.337,0.862,16.446,14.405,53.606
Belarus,BLR,2001,Alpha Cluster,9938068.0,94624119098.0,9521.37971867369,54.105,5.444,-1.654,3.735,16.439,31.648,0.822,16.249,14.366,52.644000000000005
Belarus,BLR,2002,Alpha Cluster,9873451.0,98263269227.0,9952.271928730897,53.944,5.464,-0.297,3.227,16.129,31.999,0.982,16.029,14.05,52.337
Belarus,BLR,2003,Alpha Cluster,9803175.0,103937865617.0,10602.469670999446,55.236,5.635,2.395,3.142,15.545,33.6,1.164,16.022,14.288,53.45100000000001
Belarus,BLR,2004,Alpha Cluster,9735089.0,114486408721.0,11760.18100307044,58.373,5.996,5.678,2.97,15.873,36.354,1.301,16.42,14.49,56.498000000000005
Belarus,BLR,2005,Alpha Cluster,9667833.0,123858071551.0,12811.35819691962,59.396,6.144,1.753,2.963,15.957,36.976,1.466,15.738,14.868,57.362
Belarus,BLR,2006,Alpha Cluster,9608041.0,134673942572.0,14016.795158555215,61.809,6.433,4.063,2.892,17.94,37.419,1.572,15.995,15.389,59.823
Belarus,BLR,2007,Alpha Cluster,9563135.0,144615680573.0,15122.204232503253,60.276,6.303,-2.482,2.793,16.007,37.868,1.617,15.837,15.288,58.285000000000004
Belarus,BLR,2008,Alpha Cluster,9529357.0,157577029170.0,16535.956116451507,62.931,6.604,4.406,2.628,17.911,38.635,1.808,16.773,15.822,60.982
Belarus,BLR,2009,Alpha Cluster,9507334.0,156010272888.0,16409.465880550742,60.628,6.377,-3.659,2.677,22.486,31.82,1.874,17.212,15.855,58.857000000000006
Belarus,BLR,2010,Alpha Cluster,9490752.0,166239903113.0,17515.9885236702,62.515,6.587,3.113,2.901,16.326,39.553,1.97,17.564,15.778,60.75
Belarus,BLR,2011,Alpha Cluster,9472738.0,173120303880.0,18275.63518382964,61.353,6.477,-1.859,2.975,17.418,37.378,1.966,17.467,16.319,59.737
Belarus,BLR,2012,Alpha Cluster,9463075.0,175940441074.0,18592.31180921635,62.592,6.614,2.019,5.004,17.088,36.817,2.189,17.746,16.198,61.098
Belarus,BLR,2013,Alpha Cluster,9464454.0,177632980571.0,18768.434034440867,64.152,6.778,2.493,4.838,18.704,36.9,2.37,18.061,15.975,62.812
Belarus,BLR,2014,Alpha Cluster,9472704.0,180627882895.0,19068.24945601594,63.699,6.725,-0.706,4.634,18.383,36.594,2.653,18.197,15.545,62.264
Belarus,BLR,2015,Alpha Cluster,9487289.0,173709821418.0,18309.742795650054,58.828,6.201,-7.648,4.094,17.178,33.957,2.269,18.431,15.426,57.498
Belarus,BLR,2016,Alpha Cluster,9499066.0,169304543676.0,17823.28322342428,58.188,6.126,-1.087,3.692,17.313,33.885,2.206,18.326,14.705,57.096000000000004
Belarus,BLR,2017,Alpha Cluster,9495793.0,173606575679.0,18282.47263593467,59.444,6.26,2.159,3.882,17.345,34.769,2.227,18.445,15.11,58.22299999999999
Belarus,BLR,2018,Alpha Cluster,9480031.0,179054352755.0,18887.528190044948,62.171,6.558,4.586,3.964,18.139,36.813,2.163,18.489,15.025,61.07899999999999
Belarus,BLR,2019,Alpha Cluster,9435415.0,181643469714.0,19251.24329072966,62.171,6.589,-0.0,4.101,17.973,36.685,2.276,18.569,15.034,61.035
Belarus,BLR,2020,Alpha Cluster,9350943.0,180420997693.0,19294.41743928928,59.123,6.323,-4.902,3.789,17.906,34.029,2.302,18.704,15.372,58.026
Belarus,BLR,2021,Alpha Cluster,9251368.0,184521985376.0,19945.372984406196,60.861,6.579,2.94,3.883,17.728,35.938,2.239,18.611,15.112,59.788000000000004
Belarus,BLR,2022,Alpha Cluster,9173240.0,175773799265.0,19161.582959237956,57.121,6.227,-6.146,3.812,16.216,33.846,2.279,18.519,15.243,56.15299999999999
Belarus,BLR,2023,Alpha Cluster,9115679.0,,,55.736,6.114,-2.424,3.462,18.351,30.622,2.34,18.617,15.325,54.775000000000006
Belarus,BLR,2024,Alpha Cluster,9056696.0,,,55.818,6.163,0.148,3.427,18.468,30.622,2.34,18.577,15.353,54.857
Belgium,BEL,1990,Alpha Cluster,9960968.0,273278713941.0,27434.955512456218,120.335,12.081,12.682,41.394,53.249,19.826,2.824,16.471,8.265,117.29299999999999
Belgium,BEL,1991,Alpha Cluster,9998962.0,278686606016.0,27871.553668870827,123.396,12.341,2.544,40.122,55.934,21.596,2.88,16.464,8.21,120.532
Belgium,BEL,1992,Alpha Cluster,10045988.0,283358354426.0,28206.12113273478,122.519,12.196,-0.711,38.118,56.361,22.177,3.089,16.093,7.849,119.745
Belgium,BEL,1993,Alpha Cluster,10084932.0,281005275818.0,27863.874126072442,121.451,12.043,-0.872,36.562,55.846,23.189,3.082,15.724,8.089,118.67899999999997
Belgium,BEL,1994,Alpha Cluster,10116005.0,290433135887.0,28710.26021507502,124.833,12.34,2.785,38.013,57.234,23.677,3.179,15.835,8.668,122.10300000000001
Belgium,BEL,1995,Alpha Cluster,10137264.0,297763645458.0,29373.176574862802,125.969,12.426,0.91,36.955,56.621,26.284,3.255,15.929,8.953,123.11499999999998
Belgium,BEL,1996,Alpha Cluster,10156972.0,302924438524.0,29824.286069115875,129.503,12.75,2.805,34.203,60.415,29.192,3.009,15.56,9.518,126.819
Belgium,BEL,1997,Alpha Cluster,10181465.0,314576090803.0,30896.937798538816,124.017,12.181,-4.236,31.916,58.48,27.721,3.162,15.292,9.298,121.27900000000001
Belgium,BEL,1998,Alpha Cluster,10203185.0,321240211745.0,31484.307277090436,130.256,12.766,5.03,33.214,60.233,30.851,3.175,14.984,10.038,127.473
Belgium,BEL,1999,Alpha Cluster,10226681.0,333121577520.0,32573.77222580816,124.719,12.195,-4.251,28.931,56.9,32.957,3.113,15.239,10.07,121.90100000000001
Belgium,BEL,2000,Alpha Cluster,10251719.0,345706865981.0,33721.84372016049,126.776,12.366,1.649,31.672,55.595,33.187,3.27,14.84,9.713,123.72399999999999
Belgium,BEL,2001,Alpha Cluster,10287005.0,349015220419.0,33927.777853612395,126.085,12.257,-0.545,28.29,58.888,32.914,2.957,14.311,9.528,123.04899999999999
Belgium,BEL,2002,Alpha Cluster,10332975.0,355705534550.0,34424.309993007824,126.883,12.279,0.633,28.637,58.705,33.235,2.993,13.905,9.539,123.57
Belgium,BEL,2003,Alpha Cluster,10376262.0,358937085300.0,34592.13783345101,128.292,12.364,1.11,27.766,59.396,34.973,2.933,13.253,8.693,125.06800000000001
Belgium,BEL,2004,Alpha Cluster,10421298.0,372499172102.0,35744.028440794995,128.812,12.36,0.405,28.252,59.311,34.963,2.837,13.351,8.668,125.36300000000001
Belgium,BEL,2005,Alpha Cluster,10478883.0,380840056202.0,36343.573661620234,125.658,11.992,-2.449,26.196,57.578,35.624,2.934,13.091,8.75,122.332
Belgium,BEL,2006,Alpha Cluster,10548445.0,390874955040.0,37055.22046519653,123.9,11.746,-1.398,25.337,56.542,35.371,3.112,12.895,8.696,120.362
Belgium,BEL,2007,Alpha Cluster,10625488.0,404721960651.0,38089.72921064896,120.493,11.34,-2.75,23.158,55.086,35.621,3.087,12.865,9.017,116.95200000000001
Belgium,BEL,2008,Alpha Cluster,10709711.0,408290544814.0,38123.39518909521,120.204,11.224,-0.24,23.259,54.708,35.671,3.033,12.88,8.901,116.671
Belgium,BEL,2009,Alpha Cluster,10812936.0,399489943721.0,36945.557036590246,107.807,9.97,-10.314,15.162,50.706,36.468,2.795,12.889,8.455,105.13100000000001
Belgium,BEL,2010,Alpha Cluster,10936619.0,411261674695.0,37604.096356927126,114.563,10.475,6.267,17.526,51.153,40.339,2.582,12.768,9.555,111.6
Belgium,BEL,2011,Alpha Cluster,11038624.0,420934235947.0,38132.85387263847,105.159,9.526,-8.208,16.689,48.22,34.572,2.762,12.695,9.496,102.243
Belgium,BEL,2012,Alpha Cluster,11107522.0,424045845634.0,38176.45786648003,102.486,9.227,-2.542,15.078,47.133,34.911,2.643,12.361,9.337,99.765
Belgium,BEL,2013,Alpha Cluster,11160277.0,425993254852.0,38170.49118512023,102.816,9.213,0.322,15.269,47.229,35.272,2.541,12.446,9.389,100.31099999999999
Belgium,BEL,2014,Alpha Cluster,11210113.0,432717694183.0,38600.65408644855,97.081,8.66,-5.578,14.725,46.313,30.995,2.643,12.402,9.315,94.676
Belgium,BEL,2015,Alpha Cluster,11275332.0,441551470878.0,39160.839865114394,101.327,8.987,4.374,14.381,48.237,33.812,2.348,12.462,9.316,98.778
Belgium,BEL,2016,Alpha Cluster,11332707.0,447144517813.0,39456.10857255905,99.816,8.808,-1.491,13.476,47.124,34.369,2.436,12.614,9.043,97.405
Belgium,BEL,2017,Alpha Cluster,11376583.0,454386396677.0,39940.49853782986,99.282,8.727,-0.535,13.247,46.258,35.03,2.291,12.313,8.958,96.826
Belgium,BEL,2018,Alpha Cluster,11428608.0,462533269863.0,40471.53160411137,100.256,8.772,0.981,13.297,45.875,36.104,2.534,12.441,8.96,97.81
Belgium,BEL,2019,Alpha Cluster,11490623.0,472897988852.0,41155.121776425876,99.799,8.685,-0.456,13.156,45.341,36.224,2.819,12.316,8.982,97.54
Belgium,BEL,2020,Alpha Cluster,11540102.0,447544069854.0,38781.639005790414,91.255,7.908,-8.561,10.466,40.098,36.073,2.634,12.25,8.959,89.271
Belgium,BEL,2021,Alpha Cluster,11570843.0,474995824355.0,41051.09924618284,94.928,8.204,4.026,11.762,42.152,36.281,2.66,12.3,9.217,92.85499999999999
Belgium,BEL,2022,Alpha Cluster,11641814.0,489678394377.0,42062.03555365169,88.915,7.638,-6.334,11.903,41.466,31.174,2.456,12.029,8.663,86.99900000000001
Belgium,BEL,2023,Alpha Cluster,11712891.0,,,84.703,7.232,-4.737,10.431,41.188,29.155,2.181,11.996,8.365,82.955
Belgium,BEL,2024,Alpha Cluster,11738761.0,,,85.456,7.28,0.889,11.492,41.96,28.075,2.181,11.92,8.379,83.708
Belize,BLZ,1990,Alpha Cluster,183090.0,,,0.311,1.701,3.659,,0.311,,0.0,0.258,0.075,0.311
Belize,BLZ,1991,Alpha Cluster,187056.0,,,0.407,2.174,30.588,,0.407,,0.0,0.255,0.084,0.407
Belize,BLZ,1992,Alpha Cluster,190995.0,,,0.355,1.861,-12.613,,0.355,,0.0,0.278,0.086,0.355
Belize,BLZ,1993,Alpha Cluster,194916.0,,,0.377,1.936,6.186,,0.377,,0.0,0.265,0.082,0.377
Belize,BLZ,1994,Alpha Cluster,199101.0,,,0.374,1.877,-0.971,,0.374,,0.0,0.27,0.083,0.374
Belize,BLZ,1995,Alpha Cluster,204165.0,,,0.377,1.848,0.98,,0.377,,0.0,0.244,0.077,0.377
Belize,BLZ,1996,Alpha Cluster,210321.0,,,0.308,1.463,-18.447,,0.308,,0.0,0.247,0.069,0.308
Belize,BLZ,1997,Alpha Cluster,217459.0,,,0.388,1.786,26.19,,0.388,,0.0,0.259,0.073,0.388
Belize,BLZ,1998,Alpha Cluster,225186.0,,,0.37,1.643,-4.717,,0.37,,0.0,0.271,0.086,0.37
Belize,BLZ,1999,Alpha Cluster,233066.0,,,0.348,1.493,-5.941,,0.348,,0.0,0.285,0.085,0.348
Belize,BLZ,2000,Alpha Cluster,240809.0,,,0.396,1.643,13.684,,0.396,,0.0,0.282,0.085,0.396
Belize,BLZ,2001,Alpha Cluster,248393.0,,,0.447,1.8,12.963,,0.447,,0.0,0.297,0.084,0.447
Belize,BLZ,2002,Alpha Cluster,256019.0,,,0.432,1.689,-3.279,,0.432,,0.0,0.305,0.147,0.432
Belize,BLZ,2003,Alpha Cluster,263794.0,,,0.432,1.639,0.0,,0.432,,0.0,0.321,0.215,0.432
Belize,BLZ,2004,Alpha Cluster,271695.0,,,0.392,1.443,-9.322,,0.392,,0.0,0.314,0.084,0.392
Belize,BLZ,2005,Alpha Cluster,279747.0,,,0.418,1.493,6.542,,0.418,,0.0,0.324,0.105,0.418
Belize,BLZ,2006,Alpha Cluster,287889.0,,,0.443,1.54,6.14,,0.443,,0.0,0.385,0.093,0.443
Belize,BLZ,2007,Alpha Cluster,296117.0,,,0.473,1.596,6.612,,0.473,,0.0,0.418,0.108,0.473
Belize,BLZ,2008,Alpha Cluster,304373.0,,,0.432,1.42,-8.527,,0.432,,0.0,0.435,0.099,0.432
Belize,BLZ,2009,Alpha Cluster,312619.0,,,0.513,1.641,18.644,,0.513,,0.0,0.449,0.123,0.513
Belize,BLZ,2010,Alpha Cluster,320256.0,,,0.539,1.682,5.0,,0.528,0.011,0.0,0.45,0.111,0.539
Belize,BLZ,2011,Alpha Cluster,327306.0,,,0.572,1.746,6.122,,0.561,0.011,0.0,0.487,0.167,0.5720000000000001
Belize,BLZ,2012,Alpha Cluster,334421.0,,,0.473,1.413,-17.308,,0.465,0.007,0.0,0.455,0.134,0.47200000000000003
Belize,BLZ,2013,Alpha Cluster,341635.0,,,0.473,1.384,0.0,,0.469,0.004,0.0,0.479,0.203,0.473
Belize,BLZ,2014,Alpha Cluster,348934.0,,,0.502,1.439,6.202,,0.498,0.004,0.0,0.441,0.197,0.502
Belize,BLZ,2015,Alpha Cluster,356341.0,,,0.685,1.923,36.496,,0.682,0.004,0.0,0.453,0.204,0.686
Belize,BLZ,2016,Alpha Cluster,364717.0,,,0.674,1.848,-1.604,,0.671,0.004,0.0,0.459,0.202,0.675
Belize,BLZ,2017,Alpha Cluster,373215.0,,,0.667,1.787,-1.087,,0.663,0.004,0.0,0.466,0.191,0.667
Belize,BLZ,2018,Alpha Cluster,380232.0,,,0.66,1.735,-1.096,,0.656,0.004,0.0,0.471,0.199,0.66
Belize,BLZ,2019,Alpha Cluster,385833.0,,,0.769,1.994,16.663,,0.769,0.0,0.0,0.485,0.212,0.769
Belize,BLZ,2020,Alpha Cluster,390819.0,,,0.654,1.672,-15.05,,0.652,0.0,0.0,0.481,0.215,0.652
Belize,BLZ,2021,Alpha Cluster,395355.0,,,0.694,1.754,6.119,,0.689,,0.0,0.489,0.206,0.689
Belize,BLZ,2022,Alpha Cluster,402741.0,,,0.724,1.797,4.344,,0.718,,0.0,0.493,0.148,0.718
Belize,BLZ,2023,Alpha Cluster,411112.0,,,0.766,1.864,5.898,,0.761,,0.0,0.498,0.156,0.761
Belize,BLZ,2024,Alpha Cluster,417077.0,,,0.796,1.909,3.859,,0.791,,0.0,0.501,0.134,0.791
Benin,BEN,1990,Alpha Cluster,5281482.0,8723574620.0,1651.7285527054717,0.579,0.11,1.61,,0.506,,0.074,3.251,1.498,0.58
Benin,BEN,1991,Alpha Cluster,5446935.0,9020546630.0,1656.0775243324915,0.62,0.114,6.957,,0.546,,0.074,3.377,1.561,0.62
Benin,BEN,1992,Alpha Cluster,5617847.0,9209668142.0,1639.3590181434276,0.671,0.119,8.278,,0.597,,0.074,3.453,1.571,0.6709999999999999
Benin,BEN,1993,Alpha Cluster,5872707.0,9663859223.0,1645.5544645765574,0.807,0.137,20.341,,0.729,,0.078,3.496,1.555,0.8069999999999999
Benin,BEN,1994,Alpha Cluster,6096510.0,9706566478.0,1592.1513255944794,0.912,0.15,12.894,,0.846,,0.065,3.707,1.692,0.911
Benin,BEN,1995,Alpha Cluster,6226775.0,10500460878.0,1686.3401805910764,0.956,0.154,4.908,,0.876,,0.081,3.533,1.638,0.957
Benin,BEN,1996,Alpha Cluster,6391861.0,10810469226.0,1691.2866575164885,1.184,0.185,23.795,,1.118,,0.066,3.963,2.041,1.1840000000000002
Benin,BEN,1997,Alpha Cluster,6583375.0,11307899196.0,1717.6447029069436,1.224,0.186,3.393,,1.147,,0.077,4.059,2.077,1.224
Benin,BEN,1998,Alpha Cluster,6789492.0,11647427795.0,1715.5079930869645,1.114,0.164,-8.997,,1.114,,0.0,4.241,2.221,1.114
Benin,BEN,1999,Alpha Cluster,7002818.0,12157431164.0,1736.076985579234,1.462,0.209,31.25,,1.462,,0.0,4.238,2.183,1.462
Benin,BEN,2000,Alpha Cluster,7221618.0,12746225376.0,1765.009638560223,1.473,0.204,0.752,,1.473,,0.0,4.477,2.308,1.473
Benin,BEN,2001,Alpha Cluster,7445599.0,13306904218.0,1787.2174176986969,1.689,0.227,14.677,,1.689,,0.0,4.009,1.876,1.689
Benin,BEN,2002,Alpha Cluster,7675430.0,13793055302.0,1797.0400748883123,2.11,0.275,24.922,,1.953,,0.157,4.321,2.186,2.11
Benin,BEN,2003,Alpha Cluster,7913074.0,14127733603.0,1785.3660414397743,2.394,0.303,13.457,,2.228,,0.166,4.282,1.973,2.394
Benin,BEN,2004,Alpha Cluster,8159098.0,14599811664.0,1789.3904036941337,2.594,0.318,8.338,,2.382,,0.212,4.306,1.908,2.5940000000000003
Benin,BEN,2005,Alpha Cluster,8426145.0,14703566396.0,1744.9932793703408,2.49,0.295,-4.005,,2.268,,0.222,4.757,2.345,2.4899999999999998
Benin,BEN,2006,Alpha Cluster,8693243.0,15130030225.0,1740.4356722801836,3.351,0.385,34.597,,3.125,,0.226,4.686,2.114,3.351
Benin,BEN,2007,Alpha Cluster,8953973.0,15874980420.0,1772.953796041154,3.931,0.439,17.303,,3.719,,0.212,4.828,2.194,3.931
Benin,BEN,2008,Alpha Cluster,9228468.0,16519715795.0,1790.0821452704827,3.919,0.425,-0.304,,3.737,,0.182,4.759,1.977,3.919
Benin,BEN,2009,Alpha Cluster,9509431.0,16780073808.0,1764.5718032971688,4.225,0.444,7.796,,4.001,,0.223,4.904,2.086,4.224
Benin,BEN,2010,Alpha Cluster,9797488.0,17023196060.0,1737.506191382934,4.679,0.478,10.767,,4.437,,0.242,5.296,2.111,4.679
Benin,BEN,2011,Alpha Cluster,10093626.0,17416238625.0,1725.4689865663736,4.48,0.444,-4.267,,4.247,,0.233,5.503,2.181,4.4799999999999995
Benin,BEN,2012,Alpha Cluster,10397659.0,18305935000.0,1760.582358009625,4.403,0.423,-1.723,,4.166,,0.237,5.628,2.233,4.4030000000000005
Benin,BEN,2013,Alpha Cluster,10708831.0,19651418479.0,1835.0666360315145,4.566,0.426,3.712,,4.331,0.022,0.213,6.057,2.367,4.566000000000001
Benin,BEN,2014,Alpha Cluster,11030008.0,21043177203.0,1907.8115993206895,4.774,0.433,4.556,0.165,4.338,0.055,0.216,6.077,2.366,4.774
Benin,BEN,2015,Alpha Cluster,11360681.0,22279707949.0,1961.1243330395423,5.318,0.468,11.4,0.099,4.943,0.062,0.214,6.213,2.334,5.3180000000000005
Benin,BEN,2016,Alpha Cluster,11697845.0,23134706997.0,1977.6896511280497,5.311,0.454,-0.145,0.187,4.91,0.004,0.21,6.438,2.559,5.311
Benin,BEN,2017,Alpha Cluster,12039777.0,24568275710.0,2040.5922559861367,5.555,0.461,4.603,0.176,5.056,0.11,0.213,6.547,2.47,5.555000000000001
Benin,BEN,2018,Alpha Cluster,12383349.0,26346543293.0,2127.5781933465655,5.668,0.458,2.042,0.0,5.24,0.037,0.392,6.728,2.811,5.6690000000000005
Benin,BEN,2019,Alpha Cluster,12726760.0,28155410176.0,2212.2999236254946,5.273,0.414,-6.983,0.238,4.525,0.106,0.403,7.041,3.072,5.272
Benin,BEN,2020,Alpha Cluster,13070169.0,29239039610.0,2237.081984938374,5.541,0.424,5.089,0.256,4.547,0.319,0.419,6.886,2.898,5.5409999999999995
Benin,BEN,2021,Alpha Cluster,13413423.0,31331235336.0,2335.81206944715,5.806,0.433,4.78,0.293,4.711,0.352,0.45,7.137,2.996,5.806000000000001
Benin,BEN,2022,Alpha Cluster,13759507.0,33290362034.0,2419.444390994532,6.092,0.443,4.935,0.348,4.974,0.305,0.465,7.336,3.109,6.092
Benin,BEN,2023,Alpha Cluster,14111035.0,,,5.928,0.42,-2.699,0.405,4.756,0.302,0.465,7.475,3.224,5.928
Benin,BEN,2024,Alpha Cluster,14462721.0,,,6.066,0.419,2.337,0.332,4.942,0.327,0.465,7.57,3.214,6.066
Bermuda,BMU,1990,Alpha Cluster,57584.0,,,0.502,8.717,-35.681,,0.502,,0.0,,,0.502
Bermuda,BMU,1991,Alpha Cluster,58007.0,,,0.539,9.285,7.299,,0.539,,0.0,,,0.539
Bermuda,BMU,1992,Alpha Cluster,58430.0,,,0.462,7.901,-14.286,,0.462,,0.0,,,0.462
Bermuda,BMU,1993,Alpha Cluster,58834.0,,,0.539,9.155,16.667,,0.539,,0.0,,,0.539
Bermuda,BMU,1994,Alpha Cluster,59214.0,,,0.531,8.972,-1.361,,0.531,,0.0,,,0.531
Bermuda,BMU,1995,Alpha Cluster,59549.0,,,0.531,8.922,0.0,,0.531,,0.0,,,0.531
Bermuda,BMU,1996,Alpha Cluster,59836.0,,,0.528,8.818,-0.69,,0.528,,0.0,,,0.528
Bermuda,BMU,1997,Alpha Cluster,60194.0,,,0.524,8.704,-0.694,,0.524,,0.0,,,0.524
Bermuda,BMU,1998,Alpha Cluster,60659.0,,,0.52,8.577,-0.699,,0.52,,0.0,,,0.52
Bermuda,BMU,1999,Alpha Cluster,61142.0,,,0.513,8.39,-1.408,,0.513,,0.0,,,0.513
Bermuda,BMU,2000,Alpha Cluster,61569.0,,,0.517,8.391,0.714,,0.517,,0.0,,,0.517
Bermuda,BMU,2001,Alpha Cluster,61887.0,,,0.528,8.525,2.128,,0.528,,0.0,,,0.528
Bermuda,BMU,2002,Alpha Cluster,62163.0,,,0.557,8.959,5.556,,0.557,,0.0,,,0.557
Bermuda,BMU,2003,Alpha Cluster,62405.0,,,0.561,8.983,0.658,,0.561,,0.0,,,0.561
Bermuda,BMU,2004,Alpha Cluster,62576.0,,,0.583,9.31,3.922,,0.583,,0.0,,,0.583
Bermuda,BMU,2005,Alpha Cluster,62730.0,,,0.583,9.287,0.0,,0.583,,0.0,,,0.583
Bermuda,BMU,2006,Alpha Cluster,62855.0,,,0.656,10.434,12.579,,0.656,,0.0,,,0.656
Bermuda,BMU,2007,Alpha Cluster,63030.0,,,0.729,11.568,11.173,,0.729,,0.0,,,0.729
Bermuda,BMU,2008,Alpha Cluster,63319.0,,,0.645,10.184,-11.558,,0.645,,0.0,,,0.645
Bermuda,BMU,2009,Alpha Cluster,63587.0,,,0.473,7.433,-26.705,0.0,0.473,,0.0,,,0.473
Bermuda,BMU,2010,Alpha Cluster,63748.0,,,0.605,9.484,27.907,0.0,0.605,,0.0,,,0.605
Bermuda,BMU,2011,Alpha Cluster,63753.0,,,0.443,6.954,-26.667,0.0,0.443,,0.0,,,0.443
Bermuda,BMU,2012,Alpha Cluster,63665.0,,,0.366,5.755,-17.355,0.0,0.366,,0.0,,,0.366
Bermuda,BMU,2013,Alpha Cluster,63593.0,,,0.535,8.412,46.0,0.0,0.535,,0.0,,,0.535
Bermuda,BMU,2014,Alpha Cluster,63551.0,,,0.667,10.493,24.658,0.0,0.667,,0.0,,,0.667
Bermuda,BMU,2015,Alpha Cluster,63482.0,,,0.542,8.542,-18.681,0.0,0.542,,0.0,,,0.542
Bermuda,BMU,2016,Alpha Cluster,63466.0,,,0.616,9.699,13.514,0.0,0.616,,0.0,,,0.616
Bermuda,BMU,2017,Alpha Cluster,63603.0,,,0.641,10.081,4.167,0.0,0.641,,0.0,,,0.641
Bermuda,BMU,2018,Alpha Cluster,63852.0,,,0.696,10.903,8.571,0.0,0.696,,0.0,,,0.696
Bermuda,BMU,2019,Alpha Cluster,64130.0,,,0.594,9.256,-14.737,0.0,0.594,,0.0,,,0.594
Bermuda,BMU,2020,Alpha Cluster,64404.0,,,0.436,6.77,-26.543,0.0,0.436,,0.0,,,0.436
Bermuda,BMU,2021,Alpha Cluster,64672.0,,,0.517,7.988,18.487,0.0,0.517,,0.0,,,0.517
Bermuda,BMU,2022,Alpha Cluster,64772.0,,,0.531,8.194,2.73,0.0,0.531,,0.0,,,0.531
Bermuda,BMU,2023,Alpha Cluster,64721.0,,,0.53,8.184,-0.202,0.0,0.53,,0.0,,,0.53
Bermuda,BMU,2024,Alpha Cluster,64660.0,,,0.55,8.506,3.842,0.0,0.55,,0.0,,,0.55
Bhutan,BTN,1990,Alpha Cluster,589295.0,,,0.186,0.315,55.072,0.048,0.081,,0.057,0.886,0.162,0.186
Bhutan,BTN,1991,Alpha Cluster,599789.0,,,0.186,0.31,0.004,0.048,0.081,,0.057,0.784,0.13,0.186
Bhutan,BTN,1992,Alpha Cluster,577780.0,,,0.215,0.372,15.785,0.081,0.077,,0.058,0.753,0.121,0.216
Bhutan,BTN,1993,Alpha Cluster,554680.0,,,0.182,0.328,-15.471,0.044,0.084,,0.054,0.762,0.126,0.182
Bhutan,BTN,1994,Alpha Cluster,554509.0,,,0.212,0.383,16.846,0.063,0.09,,0.06,0.767,0.13,0.213
Bhutan,BTN,1995,Alpha Cluster,547995.0,,,0.249,0.454,17.21,0.077,0.103,,0.069,0.852,0.142,0.249
Bhutan,BTN,1996,Alpha Cluster,548792.0,,,0.298,0.544,19.804,0.093,0.126,,0.079,0.837,0.142,0.298
Bhutan,BTN,1997,Alpha Cluster,558698.0,,,0.39,0.698,30.788,0.189,0.122,,0.079,0.831,0.14,0.39
Bhutan,BTN,1998,Alpha Cluster,569439.0,,,0.385,0.676,-1.262,0.181,0.129,,0.074,0.829,0.142,0.384
Bhutan,BTN,1999,Alpha Cluster,582589.0,,,0.386,0.662,0.178,0.176,0.136,,0.074,0.851,0.145,0.386
Bhutan,BTN,2000,Alpha Cluster,596871.0,,,0.397,0.665,2.851,0.176,0.147,,0.074,0.853,0.142,0.39699999999999996
Bhutan,BTN,2001,Alpha Cluster,610801.0,,,0.464,0.759,16.799,0.225,0.159,,0.079,0.832,0.14,0.463
Bhutan,BTN,2002,Alpha Cluster,624417.0,,,0.494,0.791,6.571,0.247,0.167,,0.079,0.833,0.135,0.49300000000000005
Bhutan,BTN,2003,Alpha Cluster,637667.0,,,0.494,0.775,0.002,0.229,0.185,,0.079,0.842,0.138,0.49300000000000005
Bhutan,BTN,2004,Alpha Cluster,650559.0,,,0.436,0.67,-11.712,0.158,0.194,,0.084,0.841,0.141,0.436
Bhutan,BTN,2005,Alpha Cluster,661875.0,,,0.546,0.825,25.205,0.253,0.209,,0.084,0.925,0.148,0.5459999999999999
Bhutan,BTN,2006,Alpha Cluster,670803.0,,,0.411,0.613,-24.715,0.104,0.218,,0.089,0.99,0.164,0.41100000000000003
Bhutan,BTN,2007,Alpha Cluster,678643.0,,,0.397,0.585,-3.389,0.084,0.224,,0.089,1.001,0.17,0.397
Bhutan,BTN,2008,Alpha Cluster,686359.0,,,0.646,0.942,62.732,0.337,0.22,,0.089,1.029,0.172,0.646
Bhutan,BTN,2009,Alpha Cluster,693994.0,,,0.683,0.984,5.67,0.348,0.245,,0.089,0.985,0.166,0.6819999999999999
Bhutan,BTN,2010,Alpha Cluster,701638.0,,,0.905,1.291,32.571,0.495,0.311,,0.099,1.0,0.166,0.905
Bhutan,BTN,2011,Alpha Cluster,709387.0,,,1.007,1.419,11.194,0.37,0.366,,0.27,1.02,0.171,1.006
Bhutan,BTN,2012,Alpha Cluster,717288.0,,,1.15,1.603,14.222,0.449,0.442,,0.259,1.013,0.175,1.15
Bhutan,BTN,2013,Alpha Cluster,725282.0,,,1.269,1.75,10.344,0.542,0.443,,0.283,1.075,0.181,1.268
Bhutan,BTN,2014,Alpha Cluster,733151.0,,,1.332,1.817,4.993,0.557,0.432,,0.343,1.097,0.188,1.332
Bhutan,BTN,2015,Alpha Cluster,740623.0,,,1.434,1.936,7.623,0.59,0.451,,0.393,1.107,0.189,1.434
Bhutan,BTN,2016,Alpha Cluster,747878.0,,,1.56,2.086,8.813,0.614,0.479,,0.467,1.147,0.192,1.56
Bhutan,BTN,2017,Alpha Cluster,754343.0,,,1.649,2.186,5.705,0.689,0.517,,0.444,1.179,0.197,1.65
Bhutan,BTN,2018,Alpha Cluster,759766.0,,,1.682,2.214,1.978,0.627,0.564,,0.491,1.208,0.208,1.682
Bhutan,BTN,2019,Alpha Cluster,764830.0,,,1.565,2.046,-6.958,0.528,0.575,,0.462,1.213,0.207,1.565
Bhutan,BTN,2020,Alpha Cluster,770013.0,,,1.214,1.576,-22.444,0.486,0.405,,0.323,1.172,0.201,1.214
Bhutan,BTN,2021,Alpha Cluster,775450.0,,,1.455,1.876,19.859,0.703,0.41,,0.341,1.167,0.201,1.454
Bhutan,BTN,2022,Alpha Cluster,780921.0,,,1.55,1.984,6.525,0.758,0.478,,0.314,1.142,0.195,1.55
Bhutan,BTN,2023,Alpha Cluster,786386.0,,,1.63,2.072,5.166,0.841,0.475,,0.314,1.126,0.195,1.63
Bhutan,BTN,2024,Alpha Cluster,791530.0,,,1.657,2.094,1.704,0.847,0.497,,0.314,1.103,0.191,1.658
Bolivia,BOL,1990,Alpha Cluster,7130143.0,23021797458.0,3228.798841481861,10.018,1.405,101.258,,3.265,1.436,0.264,22.425,4.934,4.965000000000001
Bolivia,BOL,1991,Alpha Cluster,7280294.0,24300991136.0,3337.9134326168696,10.506,1.443,4.873,,3.283,1.506,0.276,23.531,5.304,5.0649999999999995
Bolivia,BOL,1992,Alpha Cluster,7430337.0,24762215565.0,3332.5831069304127,11.025,1.484,4.944,,3.408,1.821,0.304,24.626,5.055,5.533
Bolivia,BOL,1993,Alpha Cluster,7579196.0,25872205207.0,3413.5817581442675,11.562,1.525,4.865,,3.697,1.88,0.335,24.763,5.7,5.912
Bolivia,BOL,1994,Alpha Cluster,7727320.0,27129137815.0,3510.8081217032554,9.65,1.249,-16.538,,4.173,2.206,0.361,26.226,5.589,6.739999999999999
Bolivia,BOL,1995,Alpha Cluster,7874676.0,28456929800.0,3613.7270663580316,9.029,1.147,-6.436,,5.023,2.451,0.414,19.405,5.717,7.888
Bolivia,BOL,1996,Alpha Cluster,8021742.0,29770158709.0,3711.1837689369713,10.027,1.25,11.062,,5.474,3.1,0.417,18.97,5.734,8.991
Bolivia,BOL,1997,Alpha Cluster,8167911.0,31321344983.0,3834.6824522206475,11.733,1.436,17.01,,5.787,3.74,0.483,22.06,5.365,10.010000000000002
Bolivia,BOL,1998,Alpha Cluster,8313400.0,32973947605.0,3966.3612487069067,11.264,1.355,-3.996,,6.595,3.199,0.536,19.413,5.745,10.33
Bolivia,BOL,1999,Alpha Cluster,8459810.0,33199090219.0,3924.3304777530466,10.95,1.294,-2.786,,6.037,3.449,0.55,19.92,6.228,10.036000000000001
Bolivia,BOL,2000,Alpha Cluster,8606330.0,34126236477.0,3965.2484249383883,8.442,0.981,-22.903,,4.833,2.415,0.489,19.47,5.835,7.737
Bolivia,BOL,2001,Alpha Cluster,8752740.0,34794954024.0,3975.3213306918747,8.752,1.0,3.672,,5.21,2.605,0.446,18.241,6.035,8.261
Bolivia,BOL,2002,Alpha Cluster,8900358.0,35770128530.0,4018.9539038766757,10.415,1.17,18.997,,5.067,4.382,0.456,19.599,6.912,9.905
Bolivia,BOL,2003,Alpha Cluster,9050703.0,36849589696.0,4071.4615976239634,10.983,1.214,5.455,,6.002,3.946,0.51,19.742,6.379,10.458
Bolivia,BOL,2004,Alpha Cluster,9204297.0,38518211935.0,4184.807588781631,11.051,1.201,0.62,,6.199,3.891,0.568,20.53,7.936,10.658
Bolivia,BOL,2005,Alpha Cluster,9360758.0,40366066215.0,4312.264692132838,12.337,1.318,11.634,,6.984,4.408,0.637,21.164,7.994,12.029
Bolivia,BOL,2006,Alpha Cluster,9521685.0,42467223163.0,4460.053358517951,12.369,1.299,0.258,,6.797,4.646,0.728,20.578,7.741,12.171
Bolivia,BOL,2007,Alpha Cluster,9685960.0,44577390720.0,4602.268718846661,12.74,1.315,3.002,,7.636,4.192,0.766,20.615,7.967,12.594
Bolivia,BOL,2008,Alpha Cluster,9850859.0,47500614555.0,4821.97690120222,13.028,1.322,2.258,,7.548,4.459,0.865,20.893,7.512,12.872
Bolivia,BOL,2009,Alpha Cluster,10016279.0,49290119749.0,4921.001077246351,13.633,1.361,4.647,,7.464,4.987,1.006,21.258,7.33,13.457
Bolivia,BOL,2010,Alpha Cluster,10182345.0,51541502268.0,5061.84992435436,14.809,1.454,8.622,,7.944,5.676,1.043,23.1,10.339,14.663
Bolivia,BOL,2011,Alpha Cluster,10348931.0,54437027542.0,5260.159483332143,16.051,1.551,8.391,0.004,8.398,6.372,1.145,22.753,8.25,15.918999999999999
Bolivia,BOL,2012,Alpha Cluster,10515814.0,57225289193.0,5441.831625492805,17.575,1.671,9.491,0.0,9.702,6.654,1.099,23.42,8.225,17.455000000000002
Bolivia,BOL,2013,Alpha Cluster,10682612.0,61114326124.0,5720.916019789916,17.778,1.664,1.155,0.004,9.695,6.786,1.208,23.963,8.075,17.692999999999998
Bolivia,BOL,2014,Alpha Cluster,10848889.0,64451770571.0,5940.8636747043865,19.9,1.834,11.94,0.011,10.869,7.597,1.329,23.606,7.637,19.806
Bolivia,BOL,2015,Alpha Cluster,11014707.0,67582198248.0,6135.632863225504,19.9,1.807,-0.003,0.015,10.765,7.639,1.381,24.093,8.276,19.8
Bolivia,BOL,2016,Alpha Cluster,11180020.0,70463901130.0,6302.663244788471,21.25,1.901,6.783,0.015,11.223,8.519,1.434,24.637,8.84,21.191000000000003
Bolivia,BOL,2017,Alpha Cluster,11344591.0,73419862854.0,6471.794607139209,22.182,1.955,4.386,0.022,12.044,8.629,1.438,24.541,8.525,22.133
Bolivia,BOL,2018,Alpha Cluster,11508370.0,76521114837.0,6649.170546046052,22.509,1.956,1.475,0.018,12.241,8.702,1.496,24.486,8.461,22.456999999999997
Bolivia,BOL,2019,Alpha Cluster,11671386.0,78217588630.0,6701.653825004159,22.609,1.937,0.446,0.022,12.861,8.119,1.553,25.281,9.903,22.555000000000003
Bolivia,BOL,2020,Alpha Cluster,11816301.0,71382934039.0,6041.055829485048,18.32,1.55,-18.97,0.007,10.336,6.61,1.277,25.647,9.701,18.23
Bolivia,BOL,2021,Alpha Cluster,11937369.0,75741579784.0,6344.914007768379,21.767,1.823,18.812,0.022,12.729,7.519,1.436,26.124,9.979,21.706
Bolivia,BOL,2022,Alpha Cluster,12077156.0,78165311428.0,6472.162107370312,23.488,1.945,7.909,0.022,13.76,8.081,1.548,26.717,10.075,23.411
Bolivia,BOL,2023,Alpha Cluster,12244161.0,,,24.621,2.011,4.821,0.024,13.975,8.961,1.583,27.112,10.435,24.543
Bolivia,BOL,2024,Alpha Cluster,12413318.0,,,28.709,2.313,16.605,0.025,14.533,12.413,1.616,27.595,10.45,28.587
Bonaire Sint Eustatius and Saba,BES,1990,Alpha Cluster,12958.0,,,0.089,6.906,7.091,0.0,0.089,0.0,0.0,,,0.089
Bonaire Sint Eustatius and Saba,BES,1991,Alpha Cluster,13070.0,,,0.071,5.464,-20.203,0.0,0.071,0.0,0.0,,,0.071
Bonaire Sint Eustatius and Saba,BES,1992,Alpha Cluster,13186.0,,,0.059,4.462,-17.612,0.0,0.059,0.0,0.0,,,0.059
Bonaire Sint Eustatius and Saba,BES,1993,Alpha Cluster,13297.0,,,0.091,6.83,54.366,0.0,0.091,0.0,0.0,,,0.091
Bonaire Sint Eustatius and Saba,BES,1994,Alpha Cluster,13407.0,,,0.087,6.495,-4.128,0.0,0.087,0.0,0.0,,,0.087
Bonaire Sint Eustatius and Saba,BES,1995,Alpha Cluster,13531.0,,,0.086,6.368,-1.042,0.0,0.086,0.0,0.0,,,0.086
Bonaire Sint Eustatius and Saba,BES,1996,Alpha Cluster,13670.0,,,0.081,5.896,-6.456,0.0,0.081,0.0,0.0,,,0.081
Bonaire Sint Eustatius and Saba,BES,1997,Alpha Cluster,13812.0,,,0.084,6.107,4.651,0.0,0.084,0.0,0.0,,,0.084
Bonaire Sint Eustatius and Saba,BES,1998,Alpha Cluster,13959.0,,,0.005,0.334,-94.48,0.0,0.005,0.0,0.0,,,0.005
Bonaire Sint Eustatius and Saba,BES,1999,Alpha Cluster,14101.0,,,0.035,2.474,649.356,0.0,0.035,0.0,0.0,,,0.035
Bonaire Sint Eustatius and Saba,BES,2000,Alpha Cluster,14256.0,,,0.093,6.494,165.34,0.0,0.093,0.0,0.0,,,0.093
Bonaire Sint Eustatius and Saba,BES,2001,Alpha Cluster,14526.0,,,0.094,6.49,1.829,0.0,0.094,0.0,0.0,,,0.094
Bonaire Sint Eustatius and Saba,BES,2002,Alpha Cluster,15033.0,,,0.091,6.046,-3.592,0.0,0.091,0.0,0.0,,,0.091
Bonaire Sint Eustatius and Saba,BES,2003,Alpha Cluster,15666.0,,,0.091,5.805,0.066,0.0,0.091,0.0,0.0,,,0.091
Bonaire Sint Eustatius and Saba,BES,2004,Alpha Cluster,16330.0,,,0.095,5.843,4.921,0.0,0.095,0.0,0.0,,,0.095
Bonaire Sint Eustatius and Saba,BES,2005,Alpha Cluster,17002.0,,,0.095,5.562,-0.888,0.0,0.095,0.0,0.0,,,0.095
Bonaire Sint Eustatius and Saba,BES,2006,Alpha Cluster,17701.0,,,0.099,5.568,4.22,0.0,0.099,0.0,0.0,,,0.099
Bonaire Sint Eustatius and Saba,BES,2007,Alpha Cluster,18408.0,,,0.111,6.028,12.577,0.0,0.111,0.0,0.0,,,0.111
Bonaire Sint Eustatius and Saba,BES,2008,Alpha Cluster,19118.0,,,0.107,5.583,-3.814,0.0,0.107,0.0,0.0,,,0.107
Bonaire Sint Eustatius and Saba,BES,2009,Alpha Cluster,19847.0,,,0.109,5.502,2.323,0.0,0.109,0.0,0.0,,,0.109
Bonaire Sint Eustatius and Saba,BES,2010,Alpha Cluster,20583.0,,,0.075,3.655,-31.118,0.0,0.075,0.0,0.0,,,0.075
Bonaire Sint Eustatius and Saba,BES,2011,Alpha Cluster,21650.0,,,0.096,4.432,27.571,0.0,0.096,0.0,0.0,,,0.096
Bonaire Sint Eustatius and Saba,BES,2012,Alpha Cluster,22847.0,,,0.117,5.132,22.18,,0.117,,0.0,,,0.117
Bonaire Sint Eustatius and Saba,BES,2013,Alpha Cluster,23835.0,,,0.114,4.765,-3.125,,0.114,,0.0,,,0.114
Bonaire Sint Eustatius and Saba,BES,2014,Alpha Cluster,24491.0,,,0.117,4.787,3.226,,0.117,,0.0,,,0.117
Bonaire Sint Eustatius and Saba,BES,2015,Alpha Cluster,24638.0,,,0.128,5.205,9.375,,0.128,,0.0,,,0.128
Bonaire Sint Eustatius and Saba,BES,2016,Alpha Cluster,24567.0,,,0.132,5.369,2.857,,0.132,,0.0,,,0.132
Bonaire Sint Eustatius and Saba,BES,2017,Alpha Cluster,24821.0,,,0.139,5.609,5.556,,0.139,,0.0,,,0.139
Bonaire Sint Eustatius and Saba,BES,2018,Alpha Cluster,25184.0,,,0.132,5.238,-5.263,,0.132,,0.0,,,0.132
Bonaire Sint Eustatius and Saba,BES,2019,Alpha Cluster,25652.0,,,0.139,5.428,5.556,,0.139,,0.0,,,0.139
Bonaire Sint Eustatius and Saba,BES,2020,Alpha Cluster,26476.0,,,0.132,4.982,-5.263,,0.132,,0.0,,,0.132
Bonaire Sint Eustatius and Saba,BES,2021,Alpha Cluster,27347.0,,,0.139,5.091,5.556,,0.139,,0.0,,,0.139
Bonaire Sint Eustatius and Saba,BES,2022,Alpha Cluster,28654.0,,,0.147,5.115,5.263,,0.147,,0.0,,,0.147
Bonaire Sint Eustatius and Saba,BES,2023,Alpha Cluster,29920.0,,,0.146,4.889,-0.202,,0.146,,0.0,,,0.146
Bonaire Sint Eustatius and Saba,BES,2024,Alpha Cluster,30699.0,,,0.152,4.947,3.841,,0.152,,0.0,,,0.152
Bosnia and Herzegovina,BIH,1990,Alpha Cluster,4448658.0,26068545854.0,5859.867369889976,19.872,4.467,-0.975,15.937,3.02,0.783,0.098,6.784,1.017,19.838
Bosnia and Herzegovina,BIH,1991,Alpha Cluster,4458350.0,22759463465.0,5104.907300907286,14.06,3.154,-29.248,10.404,2.79,0.743,0.101,6.39,1.0,14.038
Bosnia and Herzegovina,BIH,1992,Alpha Cluster,4234620.0,16213891161.0,3828.8892890035,15.029,3.549,6.89,12.586,1.594,0.788,0.061,5.889,0.912,15.029
Bosnia and Herzegovina,BIH,1993,Alpha Cluster,3904484.0,11077007356.0,2836.9964778956705,12.581,3.222,-16.29,10.908,1.345,0.267,0.061,5.366,0.857,12.581
Bosnia and Herzegovina,BIH,1994,Alpha Cluster,3725412.0,11242944737.0,3017.906405251285,3.205,0.86,-74.525,1.175,1.61,0.322,0.098,2.92,0.745,3.205
Bosnia and Herzegovina,BIH,1995,Alpha Cluster,3715565.0,11770817203.0,3167.9750463253904,3.406,0.917,6.26,1.378,1.656,0.282,0.09,2.651,0.691,3.4059999999999997
Bosnia and Herzegovina,BIH,1996,Alpha Cluster,3875246.0,17934743605.0,4628.027125245726,4.24,1.094,24.486,1.999,1.709,0.473,0.059,2.421,0.633,4.24
Bosnia and Herzegovina,BIH,1997,Alpha Cluster,4018228.0,21766878558.0,5417.0342145841405,8.366,2.082,97.329,6.243,1.762,0.282,0.078,3.365,0.755,8.365
Bosnia and Herzegovina,BIH,1998,Alpha Cluster,4089357.0,24470419886.0,5983.928496827251,10.551,2.58,26.116,7.958,2.154,0.322,0.116,3.692,0.923,10.549999999999999
Bosnia and Herzegovina,BIH,1999,Alpha Cluster,4130312.0,26775071100.0,6482.578337907645,10.333,2.502,-2.06,7.757,2.132,0.33,0.114,3.707,0.962,10.333
Bosnia and Herzegovina,BIH,2000,Alpha Cluster,4159785.0,27629709487.0,6642.100369850846,13.702,3.294,32.602,9.706,3.301,0.458,0.237,3.82,1.011,13.702
Bosnia and Herzegovina,BIH,2001,Alpha Cluster,4179446.0,27937499205.0,6684.4981858839665,13.263,3.173,-3.207,9.453,3.246,0.3,0.263,3.81,0.949,13.262
Bosnia and Herzegovina,BIH,2002,Alpha Cluster,4188006.0,28997438498.0,6923.924774224297,14.173,3.384,6.86,10.453,3.1,0.282,0.337,3.766,0.943,14.171999999999999
Bosnia and Herzegovina,BIH,2003,Alpha Cluster,4178523.0,29748999379.0,7119.501167996443,14.358,3.436,1.309,10.812,2.851,0.37,0.325,4.167,0.911,14.357999999999999
Bosnia and Herzegovina,BIH,2004,Alpha Cluster,4140990.0,31229543774.0,7541.564643720463,15.462,3.734,7.691,11.091,3.404,0.583,0.385,4.248,1.093,15.463
Bosnia and Herzegovina,BIH,2005,Alpha Cluster,4096493.0,32159580501.0,7850.515184817843,16.046,3.917,3.774,11.85,3.136,0.692,0.368,4.371,1.116,16.046
Bosnia and Herzegovina,BIH,2006,Alpha Cluster,4063269.0,33580206309.0,8264.33256301761,17.387,4.279,8.356,12.895,3.315,0.729,0.448,4.679,1.115,17.387
Bosnia and Herzegovina,BIH,2007,Alpha Cluster,4013420.0,35158268243.0,8760.176668028764,17.474,4.354,0.503,12.688,3.543,0.769,0.473,4.543,1.077,17.473
Bosnia and Herzegovina,BIH,2008,Alpha Cluster,3947545.0,36676627730.0,9290.996741012452,19.955,5.055,14.197,14.573,4.099,0.762,0.521,4.767,1.211,19.955000000000002
Bosnia and Herzegovina,BIH,2009,Alpha Cluster,3879798.0,35937393954.0,9262.697169801108,20.537,5.293,2.917,15.319,4.397,0.436,0.385,4.743,1.329,20.537000000000003
Bosnia and Herzegovina,BIH,2010,Alpha Cluster,3811480.0,35774435069.0,9385.969510268977,21.146,5.548,2.963,15.87,4.458,0.458,0.36,4.716,1.302,21.145999999999997
Bosnia and Herzegovina,BIH,2011,Alpha Cluster,3741799.0,35664062419.0,9531.260877187684,23.765,6.351,12.386,18.488,4.419,0.52,0.337,4.954,1.439,23.764
Bosnia and Herzegovina,BIH,2012,Alpha Cluster,3670109.0,35371051813.0,9637.602537962768,22.138,6.032,-6.847,17.235,4.107,0.48,0.315,4.808,1.511,22.137
Bosnia and Herzegovina,BIH,2013,Alpha Cluster,3610857.0,36202157063.0,10025.918241292857,21.801,6.038,-1.521,17.086,4.004,0.374,0.337,4.74,1.442,21.800999999999995
Bosnia and Herzegovina,BIH,2014,Alpha Cluster,3564831.0,36619951250.0,10272.563061194205,19.312,5.417,-11.418,14.55,4.093,0.348,0.321,5.687,1.524,19.312
Bosnia and Herzegovina,BIH,2015,Alpha Cluster,3518541.0,38199900995.0,10856.744598116094,18.46,5.247,-4.408,13.491,4.254,0.407,0.309,5.817,1.575,18.461
Bosnia and Herzegovina,BIH,2016,Alpha Cluster,3472997.0,39438504839.0,11355.755515769233,21.734,6.258,17.733,16.155,4.836,0.421,0.322,6.098,1.852,21.733999999999998
Bosnia and Herzegovina,BIH,2017,Alpha Cluster,3428684.0,40717914490.0,11875.668475135066,22.153,6.461,1.925,16.455,4.891,0.458,0.348,6.144,1.856,22.151999999999994
Bosnia and Herzegovina,BIH,2018,Alpha Cluster,3386999.0,42277004927.0,12482.142724872372,22.079,6.519,-0.333,16.604,4.639,0.454,0.381,6.412,1.796,22.078
Bosnia and Herzegovina,BIH,2019,Alpha Cluster,3345532.0,43497123759.0,13001.556631052998,20.81,6.22,-5.745,15.334,4.683,0.429,0.365,6.152,1.591,20.810999999999996
Bosnia and Herzegovina,BIH,2020,Alpha Cluster,3299352.0,42185625323.0,12786.033537191546,20.832,6.314,0.103,15.722,4.287,0.392,0.431,6.115,1.739,20.832
Bosnia and Herzegovina,BIH,2021,Alpha Cluster,3244912.0,45303796505.0,13961.486938628845,21.268,6.554,2.092,15.564,4.812,0.473,0.42,5.662,1.527,21.269000000000002
Bosnia and Herzegovina,BIH,2022,Alpha Cluster,3204802.0,47069138435.0,14687.06598254744,20.743,6.472,-2.468,15.192,4.708,0.461,0.382,5.878,1.542,20.743
Bosnia and Herzegovina,BIH,2023,Alpha Cluster,3185072.0,,,19.881,6.242,-4.153,14.389,4.647,0.462,0.382,5.757,1.498,19.880000000000003
Bosnia and Herzegovina,BIH,2024,Alpha Cluster,3164256.0,,,19.426,6.139,-2.29,13.869,4.724,0.451,0.382,5.605,1.465,19.426000000000002
Botswana,BWA,1990,Alpha Cluster,1305699.0,6660711722.0,5101.26125699721,2.7,2.068,21.149,1.748,0.953,0.0,,6.783,4.616,2.701
Botswana,BWA,1991,Alpha Cluster,1341767.0,7315023272.0,5451.783560036877,2.634,1.963,-2.442,1.718,0.916,0.0,,6.427,4.352,2.634
Botswana,BWA,1992,Alpha Cluster,1380038.0,7702501132.0,5581.368869552867,2.777,2.012,5.424,1.943,0.834,0.0,,6.269,4.242,2.777
Botswana,BWA,1993,Alpha Cluster,1420120.0,8026901258.0,5652.269708193674,3.195,2.25,15.04,1.924,1.271,0.0,,6.069,4.318,3.195
Botswana,BWA,1994,Alpha Cluster,1460030.0,8505234702.0,5825.383520886558,3.03,2.075,-5.161,1.953,1.077,0.0,,6.354,4.249,3.0300000000000002
Botswana,BWA,1995,Alpha Cluster,1498842.0,9306926237.0,6209.4111567463415,3.045,2.031,0.484,1.975,1.07,0.0,,6.9,4.534,3.045
Botswana,BWA,1996,Alpha Cluster,1535917.0,10069439768.0,6555.979110850391,2.755,1.794,-9.507,1.587,1.169,0.0,,7.257,5.008,2.7560000000000002
Botswana,BWA,1997,Alpha Cluster,1571700.0,11122733889.0,7076.881013552204,2.799,1.781,1.596,1.7,1.099,0.0,,6.988,4.733,2.799
Botswana,BWA,1998,Alpha Cluster,1606906.0,11452605950.0,7127.116303007146,3.342,2.08,19.372,2.023,1.319,0.0,,6.574,4.275,3.342
Botswana,BWA,1999,Alpha Cluster,1642006.0,12841571074.0,7820.660261899165,3.158,1.923,-5.482,1.594,1.565,0.0,,6.57,4.217,3.159
Botswana,BWA,2000,Alpha Cluster,1677384.0,13391002424.0,7983.265861603544,3.778,2.252,19.606,2.052,1.726,0.0,,6.398,4.28,3.778
Botswana,BWA,2001,Alpha Cluster,1712264.0,13725120137.0,8015.773348619138,3.847,2.247,1.843,2.004,1.843,0.0,,7.95,5.508,3.847
Botswana,BWA,2002,Alpha Cluster,1744765.0,14885467195.0,8531.502635025347,3.975,2.278,3.333,2.088,1.887,0.0,,7.968,5.882,3.975
Botswana,BWA,2003,Alpha Cluster,1775744.0,15922248755.0,8966.5226265723,3.825,2.154,-3.779,1.803,2.023,0.0,,3.757,1.954,3.826
Botswana,BWA,2004,Alpha Cluster,1807153.0,16720998899.0,9252.674731469886,3.895,2.155,1.82,1.982,1.913,0.0,,4.01,2.053,3.895
Botswana,BWA,2005,Alpha Cluster,1839881.0,17874650435.0,9715.112246389848,4.096,2.226,5.174,2.142,1.955,0.0,,4.724,2.696,4.0969999999999995
Botswana,BWA,2006,Alpha Cluster,1874526.0,19804034564.0,10564.822554608472,4.133,2.205,0.894,2.09,2.043,0.0,,5.867,3.737,4.133
Botswana,BWA,2007,Alpha Cluster,1911200.0,21924081026.0,11471.369310380913,4.228,2.212,2.305,1.935,2.294,0.0,,4.866,2.887,4.229
Botswana,BWA,2008,Alpha Cluster,1949973.0,23814412331.0,12212.68824286285,4.503,2.309,6.499,1.953,2.55,0.0,,9.762,7.294,4.503
Botswana,BWA,2009,Alpha Cluster,1990671.0,22485468865.0,11295.421928083546,3.855,1.937,-14.382,1.577,2.182,0.0,0.096,4.634,2.496,3.855
Botswana,BWA,2010,Alpha Cluster,2033110.0,24958864035.0,12276.199534211135,4.537,2.232,17.685,1.991,2.446,0.0,0.1,11.395,8.617,4.537
Botswana,BWA,2011,Alpha Cluster,2073538.0,27061119164.0,13050.69845066741,4.029,1.943,-11.207,1.43,2.593,0.0,0.006,14.122,11.191,4.029
Botswana,BWA,2012,Alpha Cluster,2108617.0,27014847416.0,12811.642615041044,5.077,2.408,26.01,2.327,2.744,0.0,0.006,6.837,4.338,5.077
Botswana,BWA,2013,Alpha Cluster,2140687.0,30014304729.0,14020.874947621955,5.663,2.645,11.55,2.774,2.884,0.0,0.006,6.005,3.882,5.664
Botswana,BWA,2014,Alpha Cluster,2172053.0,31724220202.0,14605.638169050202,6.85,3.154,20.962,3.844,3.001,0.0,0.006,4.469,2.864,6.851
Botswana,BWA,2015,Alpha Cluster,2203276.0,30185273524.0,13700.17806393752,5.418,2.459,-20.914,2.898,2.51,0.004,0.006,4.425,2.747,5.417999999999999
Botswana,BWA,2016,Alpha Cluster,2234784.0,32359220755.0,14479.797937966265,6.341,2.837,17.043,3.57,2.765,0.0,0.006,3.824,2.22,6.341
Botswana,BWA,2017,Alpha Cluster,2266749.0,33690154993.0,14862.76380534413,7.066,3.117,11.441,4.252,2.809,0.0,0.006,5.568,3.979,7.067
Botswana,BWA,2018,Alpha Cluster,2299149.0,35101769105.0,15267.287637730307,7.643,3.324,8.168,4.624,3.019,0.0,0.0,4.49,2.991,7.643
Botswana,BWA,2019,Alpha Cluster,2332082.0,36166405883.0,15508.20506440168,7.486,3.21,-2.066,3.86,3.625,0.0,0.0,3.287,2.076,7.484999999999999
Botswana,BWA,2020,Alpha Cluster,2365895.0,33010529929.0,13952.660591023692,6.192,2.617,-17.279,2.929,3.263,0.0,0.0,4.853,3.204,6.192
Botswana,BWA,2021,Alpha Cluster,2401448.0,36918974292.0,15373.630531246148,6.683,2.783,7.929,3.29,3.393,0.0,0.0,9.315,7.459,6.683
Botswana,BWA,2022,Alpha Cluster,2439895.0,39293967463.0,16104.778059301732,7.396,3.031,10.663,4.353,3.039,0.0,0.004,7.692,5.802,7.395999999999999
Botswana,BWA,2023,Alpha Cluster,2480242.0,,,7.249,2.923,-1.989,4.174,3.07,0.0,0.004,7.893,5.857,7.247999999999999
Botswana,BWA,2024,Alpha Cluster,2521145.0,,,7.462,2.96,2.937,4.361,3.096,0.0,0.004,10.223,7.927,7.460999999999999
Brazil,BRA,1990,Alpha Cluster,149143223.0,1185475140000.0,7948.568605091765,218.658,1.466,3.133,37.095,151.775,7.484,11.062,365.41,100.456,207.41600000000003
Brazil,BRA,1991,Alpha Cluster,151724253.0,1213090136106.0,7995.36074239891,229.394,1.512,4.91,42.466,156.7,7.336,11.776,373.664,103.996,218.27800000000002
Brazil,BRA,1992,Alpha Cluster,154275077.0,1221828516629.0,7919.80493796156,233.601,1.514,1.834,41.203,163.252,7.983,9.77,379.587,106.648,222.20800000000003
Brazil,BRA,1993,Alpha Cluster,156794574.0,1298220757545.0,8279.755634560415,244.306,1.558,4.582,42.343,171.252,8.73,10.164,382.577,110.082,232.489
Brazil,BRA,1994,Alpha Cluster,159265011.0,1391783970549.0,8738.793045692879,254.002,1.595,3.969,43.664,179.165,8.985,10.086,391.601,111.742,241.90000000000003
Brazil,BRA,1995,Alpha Cluster,161735079.0,1468835128486.0,9081.735004970691,268.678,1.661,5.778,45.582,190.347,9.603,11.528,397.709,113.545,257.06
Brazil,BRA,1996,Alpha Cluster,164202549.0,1520364859776.0,9259.081963313492,289.311,1.762,7.68,46.471,206.279,10.608,13.884,387.277,109.087,277.242
Brazil,BRA,1997,Alpha Cluster,166661662.0,1591956040321.0,9552.023070074749,306.949,1.842,6.097,47.047,219.83,11.863,15.267,396.153,111.744,294.007
Brazil,BRA,1998,Alpha Cluster,169159651.0,1617675773756.0,9563.012007845771,317.359,1.876,3.392,45.591,229.578,12.411,16.175,404.289,122.874,303.755
Brazil,BRA,1999,Alpha Cluster,171641544.0,1645887982219.0,9589.100306735763,327.256,1.907,3.118,46.805,235.468,14.069,16.439,410.408,123.775,312.781
Brazil,BRA,2000,Alpha Cluster,174018278.0,1739728033832.0,9997.386790782977,340.183,1.955,3.95,50.457,239.491,18.443,16.047,417.31,123.375,324.43800000000005
Brazil,BRA,2001,Alpha Cluster,176301201.0,1785513006345.0,10127.628151239876,346.166,1.963,1.759,49.43,241.792,23.185,15.227,429.615,127.265,329.63399999999996
Brazil,BRA,2002,Alpha Cluster,178503485.0,1861742323845.0,10429.725357154792,347.765,1.948,0.462,48.689,239.219,29.293,14.39,450.588,132.379,331.591
Brazil,BRA,2003,Alpha Cluster,180622688.0,1904932706436.0,10546.47523812734,344.645,1.908,-0.897,51.933,232.434,30.919,13.096,471.538,137.421,328.382
Brazil,BRA,2004,Alpha Cluster,182675144.0,2038447931287.0,11158.868615902118,361.434,1.979,4.871,53.833,239.768,38.215,13.273,494.991,145.924,345.08900000000006
Brazil,BRA,2005,Alpha Cluster,184688101.0,2129214530430.0,11528.704442253158,364.371,1.973,0.812,50.952,240.218,39.619,14.349,497.686,145.947,345.138
Brazil,BRA,2006,Alpha Cluster,186653099.0,2240805319046.0,12005.186793314371,368.871,1.976,1.235,50.835,242.251,42.053,15.44,493.284,143.004,350.579
Brazil,BRA,2007,Alpha Cluster,188552311.0,2405626901513.0,12758.405817221726,390.573,2.071,5.883,54.989,256.003,43.246,17.2,491.52,155.795,371.43799999999993
Brazil,BRA,2008,Alpha Cluster,190367297.0,2559842659987.0,13446.861411217074,412.638,2.168,5.649,55.315,267.239,51.303,18.884,488.155,148.711,392.741
Brazil,BRA,2009,Alpha Cluster,192079958.0,2589568436235.0,13481.721170696008,389.775,2.029,-5.541,43.586,262.705,40.959,19.031,486.858,144.287,366.281
Brazil,BRA,2010,Alpha Cluster,193701931.0,2820492538862.0,14560.993400019332,440.269,2.273,12.955,56.688,286.08,55.049,21.288,507.871,162.328,419.10499999999996
Brazil,BRA,2011,Alpha Cluster,195284736.0,2968455007203.0,15200.65043487577,461.911,2.365,4.916,62.292,303.885,53.101,22.176,505.267,159.959,441.454
Brazil,BRA,2012,Alpha Cluster,196876113.0,3025484250011.0,15367.452170345317,497.468,2.527,7.698,61.016,327.734,63.397,24.157,506.852,161.607,476.304
Brazil,BRA,2013,Alpha Cluster,198478290.0,3116394665745.0,15701.438508690295,531.569,2.678,6.855,65.604,342.338,74.704,25.803,506.459,161.161,508.449
Brazil,BRA,2014,Alpha Cluster,200085126.0,3132099937531.0,15653.836945036084,556.526,2.781,4.695,69.037,356.751,81.285,25.533,512.64,167.812,532.606
Brazil,BRA,2015,Alpha Cluster,201675534.0,3021043246476.0,14979.721072542196,528.174,2.619,-5.094,69.455,330.356,80.464,23.903,521.174,165.629,504.178
Brazil,BRA,2016,Alpha Cluster,203218108.0,2922076150345.0,14379.01464147575,491.745,2.42,-6.897,63.828,312.942,69.666,21.412,524.133,164.676,467.84799999999996
Brazil,BRA,2017,Alpha Cluster,204703440.0,2960731613785.0,14463.516655044976,497.255,2.429,1.12,67.318,315.045,70.688,20.306,522.645,173.265,473.35699999999997
Brazil,BRA,2018,Alpha Cluster,206107265.0,3013541086239.0,14621.226894835561,476.601,2.312,-4.154,65.837,298.889,67.418,20.559,522.116,167.676,452.70300000000003
Brazil,BRA,2019,Alpha Cluster,207455459.0,3050327159562.0,14703.528045323696,476.724,2.298,0.026,61.885,302.98,67.122,20.841,528.946,175.207,452.82800000000003
Brazil,BRA,2020,Alpha Cluster,208660845.0,2950377451264.0,14139.583548911633,447.999,2.147,-6.025,55.949,285.284,59.027,23.843,535.772,183.761,424.103
Brazil,BRA,2021,Alpha Cluster,209550291.0,3097565215045.0,14781.965705048819,496.562,2.37,10.84,67.936,303.465,75.975,25.288,545.361,189.952,472.664
Brazil,BRA,2022,Alpha Cluster,210306411.0,3187412907763.0,15156.042521989499,480.058,2.283,-3.324,56.112,315.339,60.086,24.625,566.221,194.986,456.16200000000003
Brazil,BRA,2023,Alpha Cluster,211140731.0,,,483.992,2.292,0.819,54.906,323.29,56.12,25.779,566.203,196.181,460.095
Brazil,BRA,2024,Alpha Cluster,211998565.0,,,483.012,2.278,-0.203,50.954,323.865,58.914,25.381,579.99,203.971,459.11400000000003
British Virgin Islands,VGB,1990,Alpha Cluster,15727.0,,,0.066,4.194,0.0,,0.066,,0.0,0.008,0.003,0.066
British Virgin Islands,VGB,1991,Alpha Cluster,16208.0,,,0.073,4.521,11.111,,0.073,,0.0,0.009,0.003,0.073
British Virgin Islands,VGB,1992,Alpha Cluster,16615.0,,,0.081,4.852,10.0,,0.081,,0.0,0.009,0.003,0.081
British Virgin Islands,VGB,1993,Alpha Cluster,17008.0,,,0.084,4.955,4.545,,0.084,,0.0,0.009,0.003,0.084
British Virgin Islands,VGB,1994,Alpha Cluster,17430.0,,,0.088,5.045,4.348,,0.088,,0.0,0.009,0.003,0.088
British Virgin Islands,VGB,1995,Alpha Cluster,17863.0,,,0.088,4.923,0.0,,0.088,,0.0,0.009,0.003,0.088
British Virgin Islands,VGB,1996,Alpha Cluster,18308.0,,,0.099,5.404,12.5,,0.099,,0.0,0.009,0.003,0.099
British Virgin Islands,VGB,1997,Alpha Cluster,18783.0,,,0.103,5.462,3.704,,0.103,,0.0,0.009,0.003,0.103
British Virgin Islands,VGB,1998,Alpha Cluster,19262.0,,,0.103,5.326,0.0,,0.103,,0.0,0.009,0.004,0.103
British Virgin Islands,VGB,1999,Alpha Cluster,19755.0,,,0.114,5.75,10.714,,0.114,,0.0,0.009,0.004,0.114
British Virgin Islands,VGB,2000,Alpha Cluster,20266.0,,,0.117,5.785,3.226,,0.117,,0.0,0.009,0.004,0.117
British Virgin Islands,VGB,2001,Alpha Cluster,20825.0,,,0.128,6.158,9.375,,0.128,,0.0,0.01,0.004,0.128
British Virgin Islands,VGB,2002,Alpha Cluster,21454.0,,,0.139,6.49,8.571,,0.139,,0.0,0.01,0.004,0.139
British Virgin Islands,VGB,2003,Alpha Cluster,22155.0,,,0.147,6.615,5.263,,0.147,,0.0,0.01,0.004,0.147
British Virgin Islands,VGB,2004,Alpha Cluster,22905.0,,,0.154,6.719,5.0,,0.154,,0.0,0.01,0.004,0.154
British Virgin Islands,VGB,2005,Alpha Cluster,23693.0,,,0.165,6.959,7.143,,0.165,,0.0,0.01,0.004,0.165
British Virgin Islands,VGB,2006,Alpha Cluster,24519.0,,,0.18,7.322,8.889,,0.18,,0.0,0.01,0.004,0.18
British Virgin Islands,VGB,2007,Alpha Cluster,25391.0,,,0.183,7.215,2.041,,0.183,,0.0,0.01,0.004,0.183
British Virgin Islands,VGB,2008,Alpha Cluster,26308.0,,,0.191,7.242,4.0,,0.191,,0.0,0.01,0.004,0.191
British Virgin Islands,VGB,2009,Alpha Cluster,27240.0,,,0.194,7.129,1.923,,0.194,,0.0,0.01,0.004,0.194
British Virgin Islands,VGB,2010,Alpha Cluster,27698.0,,,0.213,7.672,9.434,,0.213,,0.0,0.01,0.004,0.213
British Virgin Islands,VGB,2011,Alpha Cluster,28733.0,,,0.209,7.269,-1.724,,0.209,,0.0,0.011,0.004,0.209
British Virgin Islands,VGB,2012,Alpha Cluster,30369.0,,,0.209,6.877,0.0,,0.209,,0.0,0.011,0.004,0.209
British Virgin Islands,VGB,2013,Alpha Cluster,31727.0,,,0.213,6.698,1.754,,0.213,,0.0,0.011,0.004,0.213
British Virgin Islands,VGB,2014,Alpha Cluster,32988.0,,,0.216,6.553,1.724,,0.216,,0.0,0.011,0.004,0.216
British Virgin Islands,VGB,2015,Alpha Cluster,34523.0,,,0.224,6.474,3.39,,0.224,,0.0,0.011,0.004,0.224
British Virgin Islands,VGB,2016,Alpha Cluster,33904.0,,,0.227,6.7,1.639,,0.227,,0.0,0.011,0.005,0.227
British Virgin Islands,VGB,2017,Alpha Cluster,32724.0,,,0.18,5.486,-20.968,,0.18,,0.0,0.011,0.004,0.18
British Virgin Islands,VGB,2018,Alpha Cluster,34682.0,,,0.158,4.543,-12.245,,0.158,,0.0,0.011,0.005,0.158
British Virgin Islands,VGB,2019,Alpha Cluster,36423.0,,,0.183,5.03,16.279,,0.183,,0.0,0.011,0.005,0.183
British Virgin Islands,VGB,2020,Alpha Cluster,37161.0,,,0.18,4.831,-2.0,,0.18,,0.0,0.011,0.004,0.18
British Virgin Islands,VGB,2021,Alpha Cluster,37833.0,,,0.183,4.842,2.041,,0.183,,0.0,0.012,0.004,0.183
British Virgin Islands,VGB,2022,Alpha Cluster,38346.0,,,0.186,4.844,1.398,,0.186,,0.0,0.012,0.004,0.186
British Virgin Islands,VGB,2023,Alpha Cluster,39009.0,,,0.185,4.752,-0.202,,0.185,,0.0,0.012,0.005,0.185
British Virgin Islands,VGB,2024,Alpha Cluster,39498.0,,,0.193,4.874,3.842,,0.193,,0.0,0.012,0.005,0.193
Brunei,BRN,1990,Alpha Cluster,255307.0,,,5.009,19.618,-21.028,,1.096,3.855,0.0,1.499,0.047,4.9510000000000005
Brunei,BRN,1991,Alpha Cluster,262604.0,,,6.826,25.994,36.284,,1.253,4.371,0.0,1.407,0.051,5.6240000000000006
Brunei,BRN,1992,Alpha Cluster,269848.0,,,6.668,24.712,-2.308,,1.048,4.477,0.0,1.165,0.056,5.525
Brunei,BRN,1993,Alpha Cluster,276978.0,,,5.851,21.126,-12.253,,1.099,4.162,0.0,1.429,0.058,5.261
Brunei,BRN,1994,Alpha Cluster,284098.0,,,5.293,18.63,-9.546,,1.092,4.078,0.0,1.475,0.057,5.17
Brunei,BRN,1995,Alpha Cluster,291207.0,,,5.884,20.207,11.179,,1.15,4.639,0.0,1.435,0.059,5.789
Brunei,BRN,1996,Alpha Cluster,298283.0,,,5.963,19.989,1.326,,1.275,4.576,0.0,1.489,0.063,5.850999999999999
Brunei,BRN,1997,Alpha Cluster,305357.0,,,6.179,20.235,3.628,,1.37,4.675,0.0,1.586,0.07,6.045
Brunei,BRN,1998,Alpha Cluster,312398.0,,,5.595,17.911,-9.445,,1.422,3.975,0.0,1.798,0.075,5.397
Brunei,BRN,1999,Alpha Cluster,319412.0,,,5.978,18.716,6.841,,1.546,4.195,0.0,1.999,0.084,5.7410000000000005
Brunei,BRN,2000,Alpha Cluster,326429.0,,,5.886,18.032,-1.537,,1.4,4.203,0.0,2.223,0.085,5.603
Brunei,BRN,2001,Alpha Cluster,333353.0,,,5.758,17.273,-2.178,,1.472,3.9,0.0,2.657,0.09,5.372
Brunei,BRN,2002,Alpha Cluster,340108.0,,,5.285,15.54,-8.206,,1.334,3.701,0.0,2.125,0.086,5.035
Brunei,BRN,2003,Alpha Cluster,346650.0,,,6.14,17.711,16.162,,1.378,4.503,0.0,2.228,0.094,5.881
Brunei,BRN,2004,Alpha Cluster,352921.0,,,5.967,16.907,-2.817,,1.334,4.455,0.0,1.896,0.1,5.789
Brunei,BRN,2005,Alpha Cluster,358930.0,,,5.429,15.124,-9.019,,1.059,4.206,0.0,1.826,0.094,5.265000000000001
Brunei,BRN,2006,Alpha Cluster,364670.0,,,7.144,19.589,31.596,,0.971,5.877,0.0,2.47,0.11,6.848
Brunei,BRN,2007,Alpha Cluster,370883.0,,,8.077,21.777,13.061,,1.847,5.939,0.0,2.418,0.116,7.786
Brunei,BRN,2008,Alpha Cluster,377800.0,,,9.166,24.26,13.482,,2.056,6.493,0.0,3.787,0.117,8.549
Brunei,BRN,2009,Alpha Cluster,384965.0,,,7.745,20.119,-15.5,,1.754,5.596,0.0,2.799,0.109,7.35
Brunei,BRN,2010,Alpha Cluster,392340.0,,,8.017,20.435,3.518,,1.59,6.126,0.0,3.275,0.11,7.716
Brunei,BRN,2011,Alpha Cluster,399395.0,,,9.555,23.925,19.184,,1.957,7.288,0.0,3.823,0.105,9.245000000000001
Brunei,BRN,2012,Alpha Cluster,405564.0,,,9.5,23.424,-0.582,,2.066,7.113,0.0,3.975,0.115,9.179
Brunei,BRN,2013,Alpha Cluster,411205.0,,,7.626,18.546,-19.724,,1.656,5.624,0.0,2.654,0.118,7.279999999999999
Brunei,BRN,2014,Alpha Cluster,416757.0,,,8.831,21.19,15.8,,1.689,6.771,0.0,3.356,0.112,8.46
Brunei,BRN,2015,Alpha Cluster,422223.0,,,6.933,16.421,-21.489,,1.645,4.891,0.0,3.133,0.112,6.536
Brunei,BRN,2016,Alpha Cluster,427571.0,,,7.633,17.852,10.091,,1.803,5.341,0.0,3.292,0.113,7.144
Brunei,BRN,2017,Alpha Cluster,432787.0,,,9.309,21.51,21.964,,1.927,6.822,0.0,3.045,0.11,8.749
Brunei,BRN,2018,Alpha Cluster,437811.0,,,9.341,21.336,0.341,,1.905,7.024,0.0,3.429,0.114,8.929
Brunei,BRN,2019,Alpha Cluster,442690.0,,,9.564,21.605,2.388,0.605,2.411,5.972,0.0,3.327,0.233,8.988
Brunei,BRN,2020,Alpha Cluster,447411.0,,,11.157,24.937,16.655,2.132,3.41,5.329,0.0,3.38,0.439,10.870999999999999
Brunei,BRN,2021,Alpha Cluster,451722.0,,,11.709,25.92,4.945,2.744,3.228,5.331,0.0,3.018,0.444,11.303
Brunei,BRN,2022,Alpha Cluster,455374.0,,,12.237,26.872,4.511,2.689,3.638,5.738,0.0,1.741,0.455,12.065000000000001
Brunei,BRN,2023,Alpha Cluster,458959.0,,,12.503,27.241,2.171,2.981,3.621,5.687,0.0,1.873,0.487,12.289000000000001
Brunei,BRN,2024,Alpha Cluster,462734.0,,,12.052,26.046,-3.601,3.003,3.787,5.073,0.0,1.578,0.569,11.863
Bulgaria,BGR,1990,Alpha Cluster,8822366.0,79352520673.0,8994.47162733897,76.638,8.687,-11.368,34.721,26.355,12.111,2.142,16.537,7.671,75.329
Bulgaria,BGR,1991,Alpha Cluster,8695798.0,72983249507.0,8392.932943819533,61.521,7.075,-19.726,31.777,17.356,10.184,1.265,15.567,6.591,60.582
Bulgaria,BGR,1992,Alpha Cluster,8559091.0,67935669606.0,7937.252870193809,57.356,6.701,-6.77,31.436,15.096,8.892,1.097,14.844,4.925,56.520999999999994
Bulgaria,BGR,1993,Alpha Cluster,8466533.0,67190225135.0,7935.978650883425,58.389,6.896,1.802,33.042,15.219,8.15,1.154,13.541,4.288,57.565
Bulgaria,BGR,1994,Alpha Cluster,8416924.0,68680754016.0,8159.840105007483,56.383,6.699,-3.437,31.375,14.595,8.113,1.441,12.644,4.323,55.524
Bulgaria,BGR,1995,Alpha Cluster,8357576.0,70965735433.0,8491.18637186189,57.917,6.93,2.721,31.308,13.675,9.987,1.993,12.42,4.006,56.96300000000001
Bulgaria,BGR,1996,Alpha Cluster,8291402.0,65116237713.0,7853.465278007266,58.46,7.051,0.939,31.466,13.911,10.187,1.961,12.444,4.118,57.525
Bulgaria,BGR,1997,Alpha Cluster,8217101.0,64936506648.0,7902.605389418969,55.806,6.791,-4.54,34.011,11.252,8.234,1.573,12.058,3.902,55.07000000000001
Bulgaria,BGR,1998,Alpha Cluster,8138193.0,67715867197.0,8320.74972871742,53.114,6.526,-4.824,32.115,12.103,7.157,1.118,11.909,3.423,52.493
Bulgaria,BGR,1999,Alpha Cluster,8067464.0,64098092292.0,7945.259165953514,46.371,5.748,-12.694,26.598,11.927,6.215,1.106,11.635,3.175,45.846
Bulgaria,BGR,2000,Alpha Cluster,8000519.0,67719765830.0,8464.421599398738,45.499,5.687,-1.88,26.375,10.515,6.767,1.212,11.45,3.477,44.86900000000001
Bulgaria,BGR,2001,Alpha Cluster,7928455.0,68877651140.0,8687.398886668336,49.02,6.183,7.737,30.061,10.825,6.288,1.228,11.138,3.682,48.401999999999994
Bulgaria,BGR,2002,Alpha Cluster,7861949.0,73450036758.0,9342.471791409484,46.141,5.869,-5.872,27.82,10.815,5.601,1.215,10.761,4.076,45.451
Bulgaria,BGR,2003,Alpha Cluster,7804405.0,77722336425.0,9958.777949760424,50.491,6.47,9.428,31.191,11.535,5.822,1.273,10.889,4.18,49.821000000000005
Bulgaria,BGR,2004,Alpha Cluster,7749430.0,83228668873.0,10739.972988077832,49.537,6.392,-1.889,29.943,11.565,5.827,1.444,10.865,4.044,48.779
Bulgaria,BGR,2005,Alpha Cluster,7695047.0,89684785590.0,11654.871710335232,50.6,6.576,2.146,29.489,12.14,6.573,1.618,10.653,3.691,49.82000000000001
Bulgaria,BGR,2006,Alpha Cluster,7640292.0,96404598197.0,12617.920649760506,51.837,6.785,2.445,29.993,12.58,6.731,1.55,10.639,3.112,50.854
Bulgaria,BGR,2007,Alpha Cluster,7586896.0,104058200673.0,13715.516948301387,55.669,7.338,7.392,33.366,12.404,6.877,1.979,10.644,3.42,54.626
Bulgaria,BGR,2008,Alpha Cluster,7535589.0,110900337989.0,14716.877206148052,54.026,7.169,-2.952,32.489,11.78,6.725,1.9,10.426,3.575,52.894
Bulgaria,BGR,2009,Alpha Cluster,7488016.0,107365071902.0,14338.253537652698,45.75,6.11,-15.318,27.274,11.297,5.05,0.983,10.182,3.607,44.60399999999999
Bulgaria,BGR,2010,Alpha Cluster,7437594.0,109045208364.0,14661.355320551243,47.816,6.429,4.515,29.294,10.912,5.386,0.807,10.004,3.593,46.39900000000001
Bulgaria,BGR,2011,Alpha Cluster,7380023.0,109435363210.0,14828.593787580337,53.12,7.198,11.094,34.481,10.107,6.151,0.787,10.223,4.177,51.526
Bulgaria,BGR,2012,Alpha Cluster,7317020.0,110261509885.0,15069.182520342982,48.277,6.598,-9.119,29.412,10.627,5.753,0.981,9.58,3.349,46.773
Bulgaria,BGR,2013,Alpha Cluster,7264605.0,109643527181.0,15092.840860721264,42.583,5.862,-11.794,24.997,9.557,5.612,0.892,9.284,3.65,41.05800000000001
Bulgaria,BGR,2014,Alpha Cluster,7223450.0,110703533681.0,15325.57623863943,45.169,6.253,6.073,26.579,10.562,5.602,0.911,8.33,3.715,43.653999999999996
Bulgaria,BGR,2015,Alpha Cluster,7177515.0,114498611934.0,15952.403016085651,48.127,6.705,6.549,27.678,11.488,5.94,1.105,10.237,3.878,46.21099999999999
Bulgaria,BGR,2016,Alpha Cluster,7127436.0,117979077002.0,16552.80762984052,45.344,6.362,-5.783,24.155,11.886,5.945,1.194,10.018,4.074,43.18
Bulgaria,BGR,2017,Alpha Cluster,7075642.0,121237951710.0,17134.55142445025,47.446,6.706,4.636,25.792,12.162,6.053,1.239,10.245,4.039,45.245999999999995
Bulgaria,BGR,2018,Alpha Cluster,7024745.0,124492855771.0,17722.04624808445,43.503,6.193,-8.31,22.113,12.372,5.797,1.224,9.605,3.98,41.50599999999999
Bulgaria,BGR,2019,Alpha Cluster,6975466.0,129520075495.0,18567.94592576324,42.195,6.049,-3.007,20.806,12.901,5.266,1.138,9.321,4.086,40.111
Bulgaria,BGR,2020,Alpha Cluster,6933656.0,124392792956.0,17940.433294642826,36.571,5.274,-13.328,16.204,11.944,5.31,1.066,9.493,4.02,34.52400000000001
Bulgaria,BGR,2021,Alpha Cluster,6877222.0,133889804025.0,19468.5883377038,42.365,6.16,15.843,20.423,12.742,6.258,1.06,9.499,4.114,40.483000000000004
Bulgaria,BGR,2022,Alpha Cluster,6825862.0,138390156500.0,20274.385345030416,46.932,6.876,10.78,25.068,13.385,5.018,1.039,9.388,4.061,44.510000000000005
Bulgaria,BGR,2023,Alpha Cluster,6795805.0,,,34.501,5.077,-26.487,13.961,13.17,4.678,1.046,8.807,3.991,32.855000000000004
Bulgaria,BGR,2024,Alpha Cluster,6757686.0,,,31.622,4.679,-8.345,10.285,13.574,5.022,1.094,8.962,4.01,29.975
Burkina Faso,BFA,1990,Alpha Cluster,9159358.0,10752296234.0,1173.91374308112,0.594,0.065,-27.679,,0.594,,,9.294,4.343,0.594
Burkina Faso,BFA,1991,Alpha Cluster,9394631.0,11509843577.0,1225.1512142414108,0.638,0.068,7.407,,0.638,,,9.586,4.58,0.638
Burkina Faso,BFA,1992,Alpha Cluster,9629280.0,11312544997.0,1174.8069426789957,0.634,0.066,-0.575,,0.634,,,9.808,4.594,0.634
Burkina Faso,BFA,1993,Alpha Cluster,9871715.0,11471092622.0,1162.0161868530442,0.634,0.064,0.0,,0.634,,,10.022,4.651,0.634
Burkina Faso,BFA,1994,Alpha Cluster,10123807.0,11400569605.0,1126.1148701274135,0.66,0.065,4.046,,0.66,,0.0,10.286,4.8,0.66
Burkina Faso,BFA,1995,Alpha Cluster,10386723.0,11823046260.0,1138.284544605647,0.661,0.064,0.187,,0.649,,0.012,10.635,4.919,0.661
Burkina Faso,BFA,1996,Alpha Cluster,10655943.0,12896055272.0,1210.2218707438656,0.727,0.068,9.979,,0.714,,0.012,11.088,5.242,0.726
Burkina Faso,BFA,1997,Alpha Cluster,10934222.0,13326250630.0,1218.7653250501041,0.764,0.07,5.094,,0.747,,0.016,11.444,5.36,0.763
Burkina Faso,BFA,1998,Alpha Cluster,11240668.0,13917970173.0,1238.1799883245374,0.848,0.075,11.031,,0.832,,0.016,11.578,5.566,0.848
Burkina Faso,BFA,1999,Alpha Cluster,11574930.0,14604702492.0,1261.7529861519681,1.04,0.09,22.67,,0.967,,0.073,10.943,5.669,1.04
Burkina Faso,BFA,2000,Alpha Cluster,11925548.0,14546973590.0,1219.8159438878615,0.931,0.078,-10.517,,0.89,,0.04,11.561,6.056,0.93
Burkina Faso,BFA,2001,Alpha Cluster,12294996.0,15179805834.0,1234.63284038482,1.064,0.087,14.353,,1.044,,0.02,12.138,5.617,1.064
Burkina Faso,BFA,2002,Alpha Cluster,12680904.0,15543232009.0,1225.7195550885015,1.067,0.084,0.272,,1.055,,0.012,12.522,5.931,1.067
Burkina Faso,BFA,2003,Alpha Cluster,13082530.0,16390237677.0,1252.8339454983095,1.184,0.091,10.981,,1.172,,0.012,14.741,7.096,1.184
Burkina Faso,BFA,2004,Alpha Cluster,13500536.0,16718435442.0,1238.3534581145518,1.107,0.082,-6.5,,1.096,,0.012,15.179,7.327,1.108
Burkina Faso,BFA,2005,Alpha Cluster,13932127.0,17737650575.0,1273.147350365095,1.104,0.079,-0.335,,1.092,,0.012,15.586,7.601,1.104
Burkina Faso,BFA,2006,Alpha Cluster,14373713.0,18406718353.0,1280.582014751512,1.217,0.085,10.281,,1.205,,0.012,15.605,7.401,1.217
Burkina Faso,BFA,2007,Alpha Cluster,14816313.0,18724205542.0,1263.7560735926677,1.616,0.109,32.797,,1.605,,0.012,15.973,7.57,1.617
Burkina Faso,BFA,2008,Alpha Cluster,15258103.0,19365623019.0,1269.2025357936043,1.818,0.119,12.458,,1.638,,0.18,16.531,7.709,1.8179999999999998
Burkina Faso,BFA,2009,Alpha Cluster,15710067.0,19506442026.0,1241.6523765302848,1.836,0.117,1.017,,1.619,,0.217,17.087,7.883,1.836
Burkina Faso,BFA,2010,Alpha Cluster,16176503.0,20688336651.0,1278.9127941310926,1.985,0.123,8.102,,1.759,,0.226,17.744,8.215,1.9849999999999999
Burkina Faso,BFA,2011,Alpha Cluster,16661907.0,21589787625.0,1295.7572998696967,2.149,0.129,8.271,,1.924,,0.226,18.05,8.209,2.15
Burkina Faso,BFA,2012,Alpha Cluster,17172284.0,22982976785.0,1338.3762337613332,2.612,0.152,21.511,,2.36,,0.252,18.155,8.24,2.612
Burkina Faso,BFA,2013,Alpha Cluster,17695411.0,24314382909.0,1374.050193521925,2.809,0.159,7.555,,2.583,,0.226,18.609,8.525,2.809
Burkina Faso,BFA,2014,Alpha Cluster,18229466.0,25366464630.0,1391.5089246168814,2.868,0.157,2.088,,2.711,,0.156,18.975,8.583,2.867
Burkina Faso,BFA,2015,Alpha Cluster,18777488.0,26361085012.0,1403.86642835293,3.744,0.199,30.558,,3.221,,0.523,19.155,8.648,3.744
Burkina Faso,BFA,2016,Alpha Cluster,19334854.0,27931683815.0,1444.6286387784464,3.988,0.206,6.514,,3.348,,0.639,19.939,9.111,3.987
Burkina Faso,BFA,2017,Alpha Cluster,19894413.0,29664279937.0,1491.0859615209556,4.622,0.232,15.899,,3.924,,0.697,20.189,9.132,4.6209999999999996
Burkina Faso,BFA,2018,Alpha Cluster,20438289.0,31623015393.0,1547.2437733413008,5.226,0.256,13.082,,4.393,,0.833,20.401,9.231,5.226
Burkina Faso,BFA,2019,Alpha Cluster,20961956.0,33422048798.0,1594.4146051065081,5.618,0.268,7.496,,4.554,,1.064,21.047,9.281,5.618
Burkina Faso,BFA,2020,Alpha Cluster,21478691.0,34067429050.0,1586.1035968160256,5.618,0.262,0.001,,4.533,,1.085,18.545,7.923,5.618
Burkina Faso,BFA,2021,Alpha Cluster,21995249.0,36419784717.0,1655.8023379048811,6.329,0.288,12.649,,5.166,,1.162,21.816,9.551,6.328
Burkina Faso,BFA,2022,Alpha Cluster,22509038.0,37320442404.0,1658.020320726279,6.542,0.291,3.373,,5.341,,1.201,21.694,9.538,6.542
Burkina Faso,BFA,2023,Alpha Cluster,23025777.0,,,6.308,0.274,-3.573,,5.107,,1.201,22.259,9.684,6.308
Burkina Faso,BFA,2024,Alpha Cluster,23548782.0,,,6.508,0.276,3.158,,5.306,,1.201,22.744,9.922,6.507
Burundi,BDI,1990,Alpha Cluster,5587051.0,6041848505.0,1081.4020679245634,0.209,0.037,-21.918,0.015,0.194,,,2.237,0.755,0.20900000000000002
Burundi,BDI,1991,Alpha Cluster,5703860.0,6316030264.0,1107.3256117786902,0.238,0.042,14.035,0.015,0.224,,,2.284,0.755,0.239
Burundi,BDI,1992,Alpha Cluster,5858405.0,6377442162.0,1088.5970092542254,0.216,0.037,-9.231,0.018,0.198,,,2.29,0.766,0.216
Burundi,BDI,1993,Alpha Cluster,5676847.0,5844277258.0,1029.4935301233238,0.227,0.04,5.085,0.018,0.209,,,2.316,0.756,0.22699999999999998
Burundi,BDI,1994,Alpha Cluster,5713856.0,5760142060.0,1008.1006696703593,0.234,0.041,3.226,0.018,0.216,,,2.325,0.709,0.23399999999999999
Burundi,BDI,1995,Alpha Cluster,6066319.0,5429588207.0,895.0383596708317,0.238,0.039,1.562,0.018,0.22,,,2.423,0.743,0.238
Burundi,BDI,1996,Alpha Cluster,6070510.0,4794534934.0,789.8076000204267,0.242,0.04,1.538,0.018,0.224,,,2.505,0.742,0.242
Burundi,BDI,1997,Alpha Cluster,6070038.0,4657583236.0,767.3070969242697,0.249,0.041,3.03,0.018,0.231,,,2.557,0.753,0.249
Burundi,BDI,1998,Alpha Cluster,6187114.0,4813569995.0,777.9992408415296,0.249,0.04,0.0,0.018,0.231,,,2.546,0.732,0.249
Burundi,BDI,1999,Alpha Cluster,6337155.0,4732759799.0,746.8272117377593,0.253,0.04,1.471,0.007,0.246,,,2.12,0.737,0.253
Burundi,BDI,2000,Alpha Cluster,6470196.0,4647178132.0,718.2437953966155,0.271,0.042,7.246,0.007,0.264,,,2.163,0.758,0.271
Burundi,BDI,2001,Alpha Cluster,6634368.0,4722946125.0,711.8908877228396,0.205,0.031,-24.324,0.011,0.194,,,2.191,0.761,0.20500000000000002
Burundi,BDI,2002,Alpha Cluster,6824139.0,4917697691.0,720.6326968134734,0.213,0.031,3.571,0.011,0.202,,,2.206,0.749,0.21300000000000002
Burundi,BDI,2003,Alpha Cluster,7043158.0,4852463827.0,688.9613759907132,0.169,0.024,-20.69,0.007,0.161,,,2.261,0.753,0.168
Burundi,BDI,2004,Alpha Cluster,7310656.0,5086686387.0,695.7906906028679,0.198,0.027,17.391,0.007,0.191,,,2.336,0.778,0.198
Burundi,BDI,2005,Alpha Cluster,7587303.0,5144959327.0,678.1012076359676,0.158,0.021,-20.37,0.007,0.15,,0.0,2.434,0.809,0.157
Burundi,BDI,2006,Alpha Cluster,7865545.0,5422209655.0,689.3622317334654,0.187,0.024,18.605,0.015,0.172,,0.0,2.525,0.842,0.187
Burundi,BDI,2007,Alpha Cluster,8161879.0,5601361293.0,686.2833047390191,0.187,0.023,0.0,0.011,0.176,,0.0,2.605,0.854,0.187
Burundi,BDI,2008,Alpha Cluster,8505643.0,5894788502.0,693.0444296803898,0.202,0.024,7.843,0.015,0.187,,0.0,2.732,0.891,0.202
Burundi,BDI,2009,Alpha Cluster,8947653.0,6197653893.0,692.6569339468126,0.216,0.024,7.273,0.015,0.201,,0.0,2.825,0.937,0.21600000000000003
Burundi,BDI,2010,Alpha Cluster,9376448.0,6558969212.0,699.5153401373313,0.333,0.036,54.237,0.018,0.315,,0.0,2.931,1.003,0.333
Burundi,BDI,2011,Alpha Cluster,9717980.0,6787360000.0,698.4332134867534,0.414,0.043,24.176,0.011,0.403,,0.0,3.016,1.054,0.41400000000000003
Burundi,BDI,2012,Alpha Cluster,10071033.0,7086796000.0,703.6811417458368,0.392,0.039,-5.31,0.026,0.366,,0.0,3.006,1.076,0.392
Burundi,BDI,2013,Alpha Cluster,10439346.0,7430922000.0,711.818728874395,0.436,0.042,11.215,0.022,0.414,,0.0,3.787,1.225,0.436
Burundi,BDI,2014,Alpha Cluster,10799789.0,7764240000.0,718.925156778526,0.355,0.033,-18.552,0.015,0.34,,0.0,3.722,1.236,0.35500000000000004
Burundi,BDI,2015,Alpha Cluster,11047581.0,7340438000.0,664.4384865790981,0.355,0.032,0.079,0.004,0.352,,0.0,3.668,1.224,0.356
Burundi,BDI,2016,Alpha Cluster,11239459.0,7554391939.0,672.1312777598993,0.429,0.038,20.619,0.037,0.392,,0.0,3.832,1.351,0.429
Burundi,BDI,2017,Alpha Cluster,11506764.0,7833860723.0,680.8048486090443,0.516,0.045,20.483,0.022,0.494,,0.0,4.121,1.538,0.516
Burundi,BDI,2018,Alpha Cluster,11859444.0,8207327776.0,692.0499625446184,0.645,0.054,24.898,0.018,0.627,,0.0,4.109,1.582,0.645
Burundi,BDI,2019,Alpha Cluster,12255339.0,8573379471.0,699.5628167446041,0.685,0.056,6.212,0.044,0.641,,0.0,3.892,1.451,0.685
Burundi,BDI,2020,Alpha Cluster,12617041.0,8635657446.0,684.4439552823835,0.739,0.059,7.92,0.026,0.711,,0.003,3.801,1.4,0.74
Burundi,BDI,2021,Alpha Cluster,12965487.0,8956206318.0,690.7728431643177,0.772,0.06,4.361,0.044,0.725,,0.003,4.309,1.545,0.772
Burundi,BDI,2022,Alpha Cluster,13321102.0,9177077459.0,688.9127835670051,0.878,0.066,13.716,0.044,0.831,,0.003,4.433,1.598,0.878
Burundi,BDI,2023,Alpha Cluster,13689455.0,,,0.901,0.066,2.643,0.051,0.848,,0.003,4.454,1.613,0.902
Burundi,BDI,2024,Alpha Cluster,14047788.0,,,0.917,0.065,1.771,0.052,0.862,,0.003,4.705,1.678,0.917
Cambodia,KHM,1990,Alpha Cluster,7374754.0,13119771234.0,1779.0113723115373,1.26,0.171,179.675,,1.26,,0.0,14.446,3.13,1.26
Cambodia,KHM,1991,Alpha Cluster,7686857.0,13798587857.0,1795.0884031015537,1.304,0.17,3.488,,1.304,,0.0,14.009,3.243,1.304
Cambodia,KHM,1992,Alpha Cluster,8113085.0,14439550426.0,1779.7854239170426,1.348,0.166,3.371,,1.348,,0.0,14.342,3.445,1.348
Cambodia,KHM,1993,Alpha Cluster,8616383.0,14667326402.0,1702.2602641967053,1.385,0.161,2.717,,1.385,,0.0,15.085,3.35,1.385
Cambodia,KHM,1994,Alpha Cluster,9239160.0,15501963200.0,1677.854177219574,1.425,0.154,2.91,,1.425,,0.0,13.737,3.34,1.425
Cambodia,KHM,1995,Alpha Cluster,10018500.0,16125089863.0,1609.5313532964017,1.499,0.15,5.141,,1.499,,0.0,16.415,3.522,1.499
Cambodia,KHM,1996,Alpha Cluster,10801268.0,16613603930.0,1538.1160739646493,1.517,0.14,1.222,,1.517,,0.0,16.478,3.793,1.517
Cambodia,KHM,1997,Alpha Cluster,11570986.0,17142178985.0,1481.4795372667463,1.466,0.127,-3.382,,1.466,,0.0,16.686,3.558,1.466
Cambodia,KHM,1998,Alpha Cluster,12058180.0,17586612782.0,1458.4798686037195,1.876,0.156,28.0,,1.876,,0.0,16.656,3.573,1.876
Cambodia,KHM,1999,Alpha Cluster,12265734.0,19228281616.0,1567.6421497482336,1.894,0.154,0.977,,1.894,,0.0,17.619,3.655,1.894
Cambodia,KHM,2000,Alpha Cluster,12462343.0,20435399154.0,1639.7718433845064,1.997,0.16,5.416,,1.997,,0.0,16.734,3.413,1.997
Cambodia,KHM,2001,Alpha Cluster,12658486.0,21587210573.0,1705.3548562600615,2.235,0.177,11.927,,2.235,,0.0,16.848,3.652,2.235
Cambodia,KHM,2002,Alpha Cluster,12855249.0,22474402661.0,1748.2666155280228,2.154,0.168,-3.607,,2.154,,0.0,17.081,3.67,2.154
Cambodia,KHM,2003,Alpha Cluster,13050977.0,23833222981.0,1826.1638941666972,2.253,0.173,4.592,,2.253,,0.0,18.367,3.887,2.253
Cambodia,KHM,2004,Alpha Cluster,13244737.0,25705927295.0,1940.8409011821072,2.239,0.169,-0.65,,2.239,,0.0,18.048,4.185,2.239
Cambodia,KHM,2005,Alpha Cluster,13439203.0,28474467511.0,2118.761619346028,2.209,0.164,-1.309,,2.209,,0.0,19.33,3.749,2.209
Cambodia,KHM,2006,Alpha Cluster,13639032.0,30776292972.0,2256.486601981724,2.847,0.209,28.856,,2.847,,0.0,20.34,4.288,2.847
Cambodia,KHM,2007,Alpha Cluster,13841773.0,33022342696.0,2385.7017952830174,3.489,0.252,22.569,,3.437,,0.053,20.696,4.397,3.4899999999999998
Cambodia,KHM,2008,Alpha Cluster,14053479.0,34271375874.0,2438.6399890020116,3.936,0.28,12.806,0.048,3.517,,0.371,20.919,4.351,3.936
Cambodia,KHM,2009,Alpha Cluster,14276819.0,34042366543.0,2384.4503837304374,4.579,0.321,16.336,0.059,4.173,,0.347,21.424,4.591,4.579000000000001
Cambodia,KHM,2010,Alpha Cluster,14500730.0,34365990229.0,2369.948976982538,5.067,0.349,10.657,0.084,4.613,,0.37,21.628,4.417,5.067
Cambodia,KHM,2011,Alpha Cluster,14722587.0,35746712625.0,2428.0184335130775,5.271,0.358,4.019,0.099,4.741,,0.431,22.445,4.677,5.271
Cambodia,KHM,2012,Alpha Cluster,14945090.0,38360866456.0,2566.7872495916718,5.572,0.373,5.716,0.132,4.954,,0.487,21.911,4.465,5.5729999999999995
Cambodia,KHM,2013,Alpha Cluster,15170210.0,41183075555.0,2714.7333856947266,5.626,0.371,0.958,0.198,4.921,,0.507,21.768,4.393,5.626
Cambodia,KHM,2014,Alpha Cluster,15396771.0,44124784572.0,2865.8466487551186,6.702,0.435,19.137,1.092,5.099,,0.51,22.013,4.507,6.7010000000000005
Cambodia,KHM,2015,Alpha Cluster,15623253.0,47229402407.0,3023.019751840414,8.186,0.524,22.137,1.931,5.602,,0.653,22.183,4.875,8.186
Cambodia,KHM,2016,Alpha Cluster,15852802.0,50470756754.0,3183.7120500211886,10.644,0.671,30.02,2.681,6.542,,1.421,22.368,4.571,10.643999999999998
Cambodia,KHM,2017,Alpha Cluster,16073374.0,54002196805.0,3359.729998505603,12.087,0.752,13.563,3.166,6.621,,2.301,22.949,5.163,12.088000000000001
Cambodia,KHM,2018,Alpha Cluster,16274522.0,58035619609.0,3566.0414240737764,13.938,0.856,15.309,3.364,7.258,,3.316,23.242,5.264,13.937999999999999
Cambodia,KHM,2019,Alpha Cluster,16481305.0,62129452776.0,3769.69255626299,18.626,1.13,33.641,4.488,9.131,,5.007,23.131,5.028,18.625999999999998
Cambodia,KHM,2020,Alpha Cluster,16725484.0,60205930987.0,3599.652541415244,20.991,1.255,12.695,6.441,9.204,,5.346,23.069,4.907,20.991
Cambodia,KHM,2021,Alpha Cluster,16974309.0,62027758832.0,3654.214073279802,20.775,1.224,-1.026,5.705,9.16,,5.887,24.198,5.15,20.752
Cambodia,KHM,2022,Alpha Cluster,17201721.0,65136593996.0,3786.6323954446184,20.865,1.213,0.432,5.444,9.399,,6.022,23.218,4.667,20.865000000000002
Cambodia,KHM,2023,Alpha Cluster,17423884.0,,,21.412,1.229,2.619,6.034,9.355,,6.022,23.673,4.626,21.411
Cambodia,KHM,2024,Alpha Cluster,17638804.0,,,21.883,1.241,2.201,6.078,9.783,,6.022,23.828,4.563,21.883000000000003
Cameroon,CMR,1990,Alpha Cluster,11331827.0,22937075576.0,2024.1286401566138,2.605,0.23,-65.626,0.004,2.345,,0.256,21.492,5.049,2.6050000000000004
Cameroon,CMR,1991,Alpha Cluster,11667186.0,22472507403.0,1926.129179992502,2.668,0.229,2.443,0.004,2.451,,0.214,20.909,5.078,2.669
Cameroon,CMR,1992,Alpha Cluster,12006362.0,22168696553.0,1846.412473070527,2.712,0.226,1.644,0.004,2.455,,0.254,20.002,5.146,2.713
Cameroon,CMR,1993,Alpha Cluster,12353131.0,21846592889.0,1768.5065340114988,2.866,0.232,5.659,0.004,2.609,,0.253,19.023,4.904,2.866
Cameroon,CMR,1994,Alpha Cluster,12704900.0,21685984140.0,1706.899238876339,4.88,0.384,70.276,0.004,2.642,,0.195,17.683,5.078,2.8409999999999997
Cameroon,CMR,1995,Alpha Cluster,13058517.0,22791497700.0,1745.3358371398529,5.375,0.412,10.142,0.004,2.975,,0.225,18.21,5.089,3.204
Cameroon,CMR,1996,Alpha Cluster,13414761.0,24336586345.0,1814.1647357712895,5.975,0.445,11.163,0.004,3.466,,0.124,19.334,5.489,3.5940000000000003
Cameroon,CMR,1997,Alpha Cluster,13775216.0,26071011666.0,1892.6027487336678,5.379,0.39,-9.973,0.004,2.902,,0.252,18.939,5.429,3.1580000000000004
Cameroon,CMR,1998,Alpha Cluster,14144857.0,27818636369.0,1966.6961899296684,5.373,0.38,-0.104,,2.836,,0.3,19.626,6.093,3.1359999999999997
Cameroon,CMR,1999,Alpha Cluster,14525145.0,29453506980.0,2027.7599280420263,5.219,0.359,-2.861,,2.653,,0.344,19.89,5.9,2.997
Cameroon,CMR,2000,Alpha Cluster,14912632.0,31207712778.0,2092.7032047729735,5.589,0.375,7.072,,2.986,,0.36,20.911,6.538,3.346
Cameroon,CMR,2001,Alpha Cluster,15309489.0,33173869115.0,2166.882847298169,5.562,0.363,-0.468,,2.931,,0.395,20.368,6.193,3.326
Cameroon,CMR,2002,Alpha Cluster,15725534.0,35058274715.0,2229.385324212202,5.351,0.34,-3.807,,2.95,0.0,0.376,19.68,5.955,3.326
Cameroon,CMR,2003,Alpha Cluster,16160340.0,37066671075.0,2293.6813875821917,5.705,0.353,6.616,,3.32,0.0,0.379,20.497,6.755,3.699
Cameroon,CMR,2004,Alpha Cluster,16610485.0,39050234319.0,2350.9388388719535,5.698,0.343,-0.108,,3.44,0.0,0.411,19.209,5.934,3.851
Cameroon,CMR,2005,Alpha Cluster,17074599.0,40566543367.0,2375.8416444802015,5.424,0.318,-4.819,,3.195,0.0,0.396,20.103,6.811,3.5909999999999997
Cameroon,CMR,2006,Alpha Cluster,17550403.0,42544656064.0,2424.1412612576473,5.486,0.313,1.144,,3.36,0.0,0.393,18.891,6.09,3.753
Cameroon,CMR,2007,Alpha Cluster,18049897.0,44640871980.0,2473.1926160021853,7.409,0.41,35.062,,4.573,0.685,0.445,18.436,5.88,5.703000000000001
Cameroon,CMR,2008,Alpha Cluster,18574052.0,46686367319.0,2513.5262525915186,7.321,0.394,-1.198,,4.33,0.711,0.385,18.707,5.783,5.426
Cameroon,CMR,2009,Alpha Cluster,19113978.0,48395507236.0,2531.943232120493,8.555,0.448,16.861,,5.581,0.59,0.424,18.833,5.609,6.595000000000001
Cameroon,CMR,2010,Alpha Cluster,19668063.0,50826589427.0,2584.2193726448813,8.383,0.426,-2.006,,5.683,0.594,0.386,18.237,5.86,6.663
Cameroon,CMR,2011,Alpha Cluster,20232312.0,53836234148.0,2660.9037142171396,8.105,0.401,-3.317,,5.658,0.425,0.438,17.908,5.759,6.521
Cameroon,CMR,2012,Alpha Cluster,20809530.0,56263171005.0,2703.7213721309417,7.607,0.366,-6.147,,5.163,0.509,0.487,18.479,5.685,6.159000000000001
Cameroon,CMR,2013,Alpha Cluster,21402379.0,59069016946.0,2759.9276204762095,7.853,0.367,3.236,,5.159,0.586,0.545,19.499,5.837,6.29
Cameroon,CMR,2014,Alpha Cluster,22059894.0,62482615428.0,2832.407781651172,8.775,0.398,11.74,,5.734,0.85,0.504,20.821,5.924,7.087999999999999
Cameroon,CMR,2015,Alpha Cluster,22763418.0,65981645134.0,2898.5825034711397,9.85,0.433,12.248,,6.213,0.942,0.659,23.097,5.967,7.814
Cameroon,CMR,2016,Alpha Cluster,23454165.0,68936963106.0,2939.2205224956847,9.965,0.425,1.167,,6.035,1.011,0.907,22.921,6.109,7.953
Cameroon,CMR,2017,Alpha Cluster,24128609.0,71378025048.0,2958.232074132413,9.582,0.397,-3.845,,5.507,1.121,0.992,21.236,6.055,7.62
Cameroon,CMR,2018,Alpha Cluster,24806377.0,74248839020.0,2993.135153110025,9.844,0.397,2.736,,5.28,1.458,1.097,20.661,6.004,7.835000000000001
Cameroon,CMR,2019,Alpha Cluster,25506095.0,76789634582.0,3010.6386172403104,9.605,0.377,-2.424,,5.238,1.327,1.077,21.156,6.024,7.642
Cameroon,CMR,2020,Alpha Cluster,26210566.0,77203536828.0,2945.5120056545134,9.716,0.371,1.155,,4.99,1.7,1.333,21.775,6.252,8.023
Cameroon,CMR,2021,Alpha Cluster,26915765.0,80020685294.0,2973.0043078470926,9.734,0.362,0.178,,5.137,1.385,1.744,21.678,6.229,8.266
Cameroon,CMR,2022,Alpha Cluster,27632770.0,82727797383.0,2993.82933317941,9.792,0.354,0.605,,5.354,1.215,1.821,21.464,6.394,8.39
Cameroon,CMR,2023,Alpha Cluster,28372690.0,,,9.695,0.342,-0.996,,5.522,1.098,1.821,21.222,6.393,8.441
Cameroon,CMR,2024,Alpha Cluster,29123748.0,,,9.632,0.331,-0.653,,5.599,1.114,1.821,21.405,6.523,8.534
Canada,CAN,1990,Alpha Cluster,27789437.0,835996817449.0,30083.258521898086,458.018,16.482,-1.052,99.139,212.193,125.706,5.823,97.489,44.935,442.861
Canada,CAN,1991,Alpha Cluster,28157154.0,820274272433.0,29132.002205656154,449.776,15.974,-1.799,104.152,199.964,125.276,4.771,99.285,42.125,434.163
Canada,CAN,1992,Alpha Cluster,28500066.0,829742094636.0,29113.690285348814,463.393,16.259,3.027,106.985,202.862,132.473,4.804,103.655,42.163,447.12399999999997
Canada,CAN,1993,Alpha Cluster,28830635.0,853775990714.0,29613.49934588676,464.072,16.096,0.146,99.618,206.16,137.022,4.893,105.476,43.854,447.693
Canada,CAN,1994,Alpha Cluster,29147383.0,894851932653.0,30700.935746204043,478.468,16.415,3.102,103.287,211.173,140.26,5.769,109.122,47.992,460.48900000000003
Canada,CAN,1995,Alpha Cluster,29459138.0,921360066054.0,31275.86645793913,491.305,16.678,2.683,104.709,213.868,147.985,6.529,112.922,47.888,473.091
Canada,CAN,1996,Alpha Cluster,29767210.0,938872519434.0,31540.49437061787,507.775,17.058,3.352,106.867,220.802,154.547,6.185,114.909,48.086,488.401
Canada,CAN,1997,Alpha Cluster,30059088.0,981728042651.0,32659.94106843827,522.019,17.366,2.805,113.731,228.749,153.155,6.657,117.49,41.082,502.292
Canada,CAN,1998,Alpha Cluster,30329971.0,1022474596969.0,33711.69055746872,529.615,17.462,1.455,119.841,231.618,149.967,6.828,118.379,41.351,508.254
Canada,CAN,1999,Alpha Cluster,30599458.0,1078414980757.0,35242.943870345676,543.859,17.774,2.69,120.136,234.589,162.468,7.118,118.62,40.253,524.311
Canada,CAN,2000,Alpha Cluster,30891800.0,1137681278760.0,36827.937470785124,566.68,18.344,4.196,129.483,237.243,173.031,7.232,121.653,38.863,546.989
Canada,CAN,2001,Alpha Cluster,31213578.0,1161459919261.0,37210.085920332494,558.981,17.908,-1.359,126.847,241.282,165.269,6.983,121.985,37.813,540.381
Canada,CAN,2002,Alpha Cluster,31535579.0,1199865635264.0,38047.997636701075,564.256,17.893,0.944,124.528,242.197,171.331,7.148,124.416,38.558,545.2040000000001
Canada,CAN,2003,Alpha Cluster,31836483.0,1224575760991.0,38464.542738310636,581.19,18.255,3.001,123.577,257.913,173.956,7.248,123.516,39.308,562.6940000000001
Canada,CAN,2004,Alpha Cluster,32132680.0,1265917327101.0,39396.56844997056,576.286,17.935,-0.844,116.233,263.667,169.728,7.52,127.205,38.632,557.1479999999999
Canada,CAN,2005,Alpha Cluster,32440172.0,1310077836124.0,40384.42940820412,570.396,17.583,-1.022,117.261,258.105,168.709,7.614,126.354,39.671,551.6890000000001
Canada,CAN,2006,Alpha Cluster,32759174.0,1348293394113.0,41157.734749752846,566.315,17.287,-0.715,114.604,256.937,168.049,7.728,129.923,37.06,547.318
Canada,CAN,2007,Alpha Cluster,33092171.0,1379925831954.0,41699.46516818132,589.956,17.828,4.174,119.204,263.617,180.415,7.731,128.17,40.612,570.967
Canada,CAN,2008,Alpha Cluster,33449088.0,1397938727409.0,41793.02967569699,574.214,17.167,-2.668,113.144,255.22,180.742,6.988,124.892,39.386,556.094
Canada,CAN,2009,Alpha Cluster,33826370.0,1360538049277.0,40221.22531258896,541.13,15.997,-5.762,93.714,251.479,173.864,5.364,118.125,37.796,524.421
Canada,CAN,2010,Alpha Cluster,34196900.0,1406355361431.0,41125.22952171103,554.307,16.209,2.435,96.395,257.185,177.71,6.005,118.916,38.816,537.295
Canada,CAN,2011,Alpha Cluster,34555449.0,1454221365109.0,42083.706251624746,562.832,16.288,1.538,87.382,258.636,193.459,6.02,119.642,41.119,545.4970000000001
Canada,CAN,2012,Alpha Cluster,34922513.0,1479829523672.0,42374.657392839974,561.77,16.086,-0.189,82.209,258.238,196.532,6.532,122.582,42.91,543.5110000000001
Canada,CAN,2013,Alpha Cluster,35293421.0,1514296485427.0,42905.913978330405,568.59,16.11,1.214,79.921,259.85,203.564,5.973,123.239,42.682,549.308
Canada,CAN,2014,Alpha Cluster,35634265.0,1557757464897.0,43715.1563220681,564.938,15.854,-0.642,77.558,252.104,210.171,5.912,128.456,42.09,545.7450000000001
Canada,CAN,2015,Alpha Cluster,35962236.0,1568025782105.0,43602.01023387422,563.003,15.655,-0.343,74.336,251.971,212.68,6.185,127.164,42.069,545.172
Canada,CAN,2016,Alpha Cluster,36353345.0,1583727974022.0,43564.84868234271,553.707,15.231,-1.651,74.532,247.842,209.467,6.114,122.513,41.094,537.955
Canada,CAN,2017,Alpha Cluster,36808498.0,1631871440185.0,44334.094811067815,566.66,15.395,2.339,73.963,252.357,217.102,6.863,124.508,41.847,550.2850000000001
Canada,CAN,2018,Alpha Cluster,37294996.0,1677189073139.0,44970.88759947849,575.091,15.42,1.488,62.467,258.216,230.629,6.99,125.972,43.702,558.302
Canada,CAN,2019,Alpha Cluster,37782934.0,1708858221312.0,45228.30919673946,579.007,15.325,0.681,59.811,260.942,233.909,7.195,125.164,42.378,561.8570000000001
Canada,CAN,2020,Alpha Cluster,38171903.0,1622144486274.0,42495.77198899411,524.208,13.733,-9.464,49.442,225.773,224.876,6.713,110.822,44.289,506.80400000000003
Canada,CAN,2021,Alpha Cluster,38454058.0,1703443269914.0,44298.14065173564,537.479,13.977,2.532,47.059,233.624,231.229,7.385,114.91,43.141,519.297
Canada,CAN,2022,Alpha Cluster,38821259.0,1761295624423.0,45369.358691406684,547.658,14.107,1.894,39.157,242.291,240.854,6.752,117.055,43.208,529.054
Canada,CAN,2023,Alpha Cluster,39299098.0,,,545.479,13.88,-0.398,36.384,241.526,240.94,7.3,118.72,44.853,526.15
Canada,CAN,2024,Alpha Cluster,39742429.0,,,533.34,13.42,-2.225,28.672,244.572,233.468,7.3,115.338,44.735,514.012
Cape Verde,CPV,1990,Alpha Cluster,375437.0,668100000.0,1779.5262587331563,0.18,0.478,122.727,,0.18,,0.0,0.115,0.054,0.18
Cape Verde,CPV,1991,Alpha Cluster,384603.0,689942658.0,1793.908674659324,0.165,0.429,-8.163,,0.165,,0.0,0.12,0.06,0.165
Cape Verde,CPV,1992,Alpha Cluster,393426.0,722536200.0,1836.5237681292035,0.18,0.456,8.889,,0.18,,0.0,0.13,0.079,0.18
Cape Verde,CPV,1993,Alpha Cluster,401977.0,790274598.0,1965.9696898081233,0.169,0.419,-6.122,,0.169,,0.0,0.135,0.079,0.169
Cape Verde,CPV,1994,Alpha Cluster,410230.0,861446201.0,2099.9102966628475,0.176,0.429,4.348,,0.176,,0.0,0.135,0.065,0.176
Cape Verde,CPV,1995,Alpha Cluster,418116.0,941287684.0,2251.2596599986605,0.198,0.473,12.5,,0.198,,0.0,0.142,0.085,0.198
Cape Verde,CPV,1996,Alpha Cluster,425592.0,1024669345.0,2407.6330029699807,0.22,0.517,11.111,,0.22,,0.0,0.143,0.058,0.22
Cape Verde,CPV,1997,Alpha Cluster,432803.0,1122095895.0,2592.6250395676557,0.227,0.525,3.333,,0.227,,0.0,0.149,0.068,0.227
Cape Verde,CPV,1998,Alpha Cluster,439789.0,1238844923.0,2816.9074783589404,0.242,0.55,6.452,,0.242,,0.0,0.158,0.078,0.242
Cape Verde,CPV,1999,Alpha Cluster,446528.0,1412383310.0,3163.034143435574,0.286,0.64,18.182,,0.286,,0.0,0.169,0.083,0.286
Cape Verde,CPV,2000,Alpha Cluster,453335.0,1540942373.0,3399.125090716578,0.297,0.655,3.846,,0.297,,0.0,0.173,0.083,0.297
Cape Verde,CPV,2001,Alpha Cluster,460300.0,1663976329.0,3614.982248533565,0.348,0.756,17.284,,0.348,,0.0,0.172,0.077,0.348
Cape Verde,CPV,2002,Alpha Cluster,467056.0,1787222988.0,3826.5710921174336,0.385,0.824,10.526,,0.385,,0.0,0.177,0.077,0.385
Cape Verde,CPV,2003,Alpha Cluster,473384.0,1904397612.0,4022.944611562706,0.414,0.875,7.619,,0.414,,0.0,0.119,0.073,0.414
Cape Verde,CPV,2004,Alpha Cluster,479377.0,2022409320.0,4218.828437743154,0.429,0.894,3.54,,0.429,,0.0,0.127,0.076,0.429
Cape Verde,CPV,2005,Alpha Cluster,485128.0,2194575514.0,4523.7040822215995,0.447,0.921,4.274,,0.447,,0.0,0.129,0.077,0.447
Cape Verde,CPV,2006,Alpha Cluster,490728.0,2457336149.0,5007.531970867772,0.495,1.008,10.656,,0.495,,0.0,0.128,0.076,0.495
Cape Verde,CPV,2007,Alpha Cluster,496196.0,2720555147.0,5482.8236160710685,0.506,1.019,2.222,,0.506,,0.0,0.128,0.074,0.506
Cape Verde,CPV,2008,Alpha Cluster,501362.0,2956642825.0,5897.221618311719,0.473,0.943,-6.522,,0.473,,0.0,0.129,0.073,0.473
Cape Verde,CPV,2009,Alpha Cluster,506148.0,2969179680.0,5866.228217833519,0.524,1.035,10.853,,0.524,,0.0,0.135,0.077,0.524
Cape Verde,CPV,2010,Alpha Cluster,509793.0,3071163589.0,6024.334561282717,0.557,1.092,6.294,,0.557,,0.0,0.138,0.079,0.557
Cape Verde,CPV,2011,Alpha Cluster,511453.0,3248220000.0,6350.964800284679,0.616,1.204,10.526,,0.616,,0.0,0.139,0.081,0.616
Cape Verde,CPV,2012,Alpha Cluster,511966.0,3287052000.0,6420.449795494232,0.502,0.98,-18.452,,0.502,,0.0,0.14,0.079,0.502
Cape Verde,CPV,2013,Alpha Cluster,512231.0,3310254000.0,6462.424179715792,0.495,0.966,-1.46,,0.495,,0.0,0.141,0.08,0.495
Cape Verde,CPV,2014,Alpha Cluster,512334.0,3375218000.0,6587.9250645086995,0.491,0.958,-0.741,,0.491,,0.0,0.142,0.081,0.491
Cape Verde,CPV,2015,Alpha Cluster,512405.0,3421236000.0,6676.820093480743,0.495,0.965,0.746,,0.495,,0.0,0.144,0.082,0.495
Cape Verde,CPV,2016,Alpha Cluster,512556.0,3573126874.0,6971.193145724565,0.531,1.037,7.407,,0.531,,0.0,0.145,0.086,0.531
Cape Verde,CPV,2017,Alpha Cluster,512899.0,3751791578.0,7314.874035628847,0.572,1.114,7.586,,0.572,,0.0,0.137,0.076,0.572
Cape Verde,CPV,2018,Alpha Cluster,513418.0,3892648372.0,7581.830734411337,0.572,1.113,0.0,,0.572,,0.0,0.137,0.074,0.572
Cape Verde,CPV,2019,Alpha Cluster,514116.0,4189894317.0,8149.706130523073,0.63,1.226,10.256,,0.63,,0.0,0.139,0.077,0.63
Cape Verde,CPV,2020,Alpha Cluster,514683.0,3381126423.0,6569.337675812102,0.52,1.011,-17.442,,0.52,,0.0,0.144,0.082,0.52
Cape Verde,CPV,2021,Alpha Cluster,516655.0,3611420923.0,6990.004786559696,0.59,1.142,13.38,,0.59,,0.0,0.15,0.084,0.59
Cape Verde,CPV,2022,Alpha Cluster,519750.0,4251154554.0,8179.229541125541,0.598,1.15,1.313,,0.598,,0.0,0.151,0.085,0.598
Cape Verde,CPV,2023,Alpha Cluster,522335.0,,,0.571,1.094,-4.377,,0.571,,0.0,0.153,0.085,0.571
Cape Verde,CPV,2024,Alpha Cluster,524878.0,,,0.594,1.131,3.901,,0.594,,0.0,0.158,0.088,0.594
Central African Republic,CAF,1990,Alpha Cluster,2871915.0,3155955000.0,1098.9026485811733,0.183,0.064,-26.471,,0.183,,0.0,9.616,10.18,0.183
Central African Republic,CAF,1991,Alpha Cluster,2963195.0,3196204632.0,1078.634592728457,0.191,0.064,4.0,,0.191,,0.0,9.829,10.366,0.191
Central African Republic,CAF,1992,Alpha Cluster,3058837.0,3153286705.0,1030.877652192647,0.194,0.063,1.923,,0.194,,0.0,9.857,10.309,0.194
Central African Republic,CAF,1993,Alpha Cluster,3157842.0,3141613628.0,994.8609297108595,0.198,0.063,1.887,,0.198,,0.0,9.868,9.681,0.198
Central African Republic,CAF,1994,Alpha Cluster,3257956.0,3299692291.0,1012.8105754037194,0.209,0.064,5.556,,0.209,,0.0,9.908,10.221,0.209
Central African Republic,CAF,1995,Alpha Cluster,3348062.0,3468004734.0,1035.8245259496389,0.209,0.062,0.0,,0.209,,0.0,10.005,10.267,0.209
Central African Republic,CAF,1996,Alpha Cluster,3435973.0,3208680589.0,933.849185951112,0.213,0.062,1.754,,0.213,,0.0,11.211,11.566,0.213
Central African Republic,CAF,1997,Alpha Cluster,3531700.0,3401098287.0,963.0201565818161,0.216,0.061,1.724,,0.216,,0.0,11.336,10.522,0.216
Central African Republic,CAF,1998,Alpha Cluster,3628833.0,3555832992.0,979.8833377011288,0.22,0.061,1.695,,0.22,,0.0,12.382,12.567,0.22
Central African Republic,CAF,1999,Alpha Cluster,3729452.0,3763942207.0,1009.2480629861974,0.231,0.062,5.0,,0.231,,0.0,11.063,11.128,0.231
Central African Republic,CAF,2000,Alpha Cluster,3833421.0,3836505744.0,1000.8046974230068,0.125,0.032,-46.032,,0.125,,0.0,12.613,12.476,0.125
Central African Republic,CAF,2001,Alpha Cluster,3919498.0,3861482755.0,985.19829707784,0.143,0.036,14.706,,0.143,,0.0,10.645,10.928,0.143
Central African Republic,CAF,2002,Alpha Cluster,4006079.0,3833969443.0,957.0379023978309,0.117,0.029,-17.949,,0.117,,0.0,9.591,8.73,0.117
Central African Republic,CAF,2003,Alpha Cluster,4103092.0,3563805910.0,868.565927841735,0.114,0.028,-3.125,,0.114,,0.0,12.331,12.271,0.114
Central African Republic,CAF,2004,Alpha Cluster,4192828.0,3659297627.0,872.7516671325416,0.125,0.03,9.677,,0.125,,0.0,10.88,10.088,0.125
Central African Republic,CAF,2005,Alpha Cluster,4288814.0,3745738822.0,873.3740428006437,0.128,0.03,2.941,,0.128,,0.0,11.494,11.169,0.128
Central African Republic,CAF,2006,Alpha Cluster,4377582.0,3921727514.0,895.8661457398171,0.139,0.032,8.571,,0.139,,0.0,11.706,11.122,0.139
Central African Republic,CAF,2007,Alpha Cluster,4462777.0,4078141542.0,913.8125301801995,0.154,0.034,10.526,,0.154,,0.0,12.298,11.243,0.154
Central African Republic,CAF,2008,Alpha Cluster,4558989.0,4185491968.0,918.0745924151166,0.15,0.033,-2.381,,0.15,,0.0,12.999,12.044,0.15
Central African Republic,CAF,2009,Alpha Cluster,4529051.0,4261637773.0,940.9560133016829,0.154,0.034,2.439,,0.154,,0.0,10.697,8.988,0.154
Central African Republic,CAF,2010,Alpha Cluster,4493003.0,4410453712.0,981.6271460312846,0.169,0.038,9.524,,0.169,,0.0,11.847,10.491,0.169
Central African Republic,CAF,2011,Alpha Cluster,4565023.0,4499550000.0,985.6576845286431,0.154,0.034,-8.696,,0.154,,0.0,12.538,11.234,0.154
Central African Republic,CAF,2012,Alpha Cluster,4610848.0,4632212000.0,1004.6334210106254,0.183,0.04,19.048,,0.183,,0.0,10.967,9.319,0.183
Central African Republic,CAF,2013,Alpha Cluster,4642423.0,2929689000.0,631.0689482625776,0.103,0.022,-44.0,,0.103,,0.0,11.573,9.861,0.103
Central African Republic,CAF,2014,Alpha Cluster,4623187.0,2960958000.0,640.4581947474761,0.132,0.029,28.571,,0.132,,0.0,11.347,9.411,0.132
Central African Republic,CAF,2015,Alpha Cluster,4629322.0,3105792000.0,670.8956516742625,0.194,0.042,47.222,,0.194,,0.0,11.577,9.758,0.194
Central African Republic,CAF,2016,Alpha Cluster,4713663.0,3265229504.0,692.715941720908,0.238,0.051,22.642,,0.238,,0.0,12.526,11.096,0.238
Central African Republic,CAF,2017,Alpha Cluster,4793512.0,3421678627.0,713.8145532962054,0.286,0.06,20.0,,0.286,,0.0,11.476,9.736,0.286
Central African Republic,CAF,2018,Alpha Cluster,4878663.0,3557270233.0,729.1485870206653,0.271,0.056,-5.128,,0.271,,0.0,11.738,9.959,0.271
Central African Republic,CAF,2019,Alpha Cluster,4944708.0,3662931320.0,740.778084368177,0.311,0.063,14.865,,0.311,,0.0,10.818,8.809,0.311
Central African Republic,CAF,2020,Alpha Cluster,5026629.0,3698072848.0,735.6963977249962,0.333,0.066,7.059,,0.333,,0.0,11.607,9.456,0.333
Central African Republic,CAF,2021,Alpha Cluster,5112103.0,3734422040.0,730.5060246243082,0.366,0.072,9.89,,0.366,,0.0,11.596,9.552,0.366
Central African Republic,CAF,2022,Alpha Cluster,5098038.0,3752056621.0,735.9805126991992,0.377,0.074,3.0,,0.377,,0.0,12.018,10.06,0.377
Central African Republic,CAF,2023,Alpha Cluster,5152415.0,,,0.389,0.076,3.15,,0.389,,0.0,12.861,9.423,0.389
Central African Republic,CAF,2024,Alpha Cluster,5330691.0,,,0.395,0.074,1.388,,0.395,,0.0,13.129,10.01,0.395
Chad,TCD,1990,Alpha Cluster,5982838.0,4042256503.0,675.641978438995,0.377,0.063,267.857,,0.377,,,10.124,5.604,0.377
Chad,TCD,1991,Alpha Cluster,6205688.0,4243508738.0,683.8095531067627,0.388,0.063,2.913,,0.388,,,14.781,7.594,0.388
Chad,TCD,1992,Alpha Cluster,6474651.0,4384566498.0,677.1896273636988,0.403,0.062,3.774,,0.403,,,15.401,7.879,0.403
Chad,TCD,1993,Alpha Cluster,6629147.0,4228383989.0,637.8473714642321,0.399,0.06,-0.909,,0.399,,,16.023,8.02,0.399
Chad,TCD,1994,Alpha Cluster,6783456.0,4512686232.0,665.2488395295849,0.416,0.061,4.105,,0.41,,,16.753,8.454,0.41
Chad,TCD,1995,Alpha Cluster,7089063.0,4614545072.0,650.9386461934391,0.427,0.06,2.8,,0.421,,,17.528,8.754,0.421
Chad,TCD,1996,Alpha Cluster,7410107.0,4763184682.0,642.795668402629,0.443,0.06,3.698,,0.436,,,19.697,10.327,0.436
Chad,TCD,1997,Alpha Cluster,7670371.0,5091460240.0,663.782787038593,0.453,0.059,2.229,,0.451,,,20.273,10.101,0.451
Chad,TCD,1998,Alpha Cluster,7938841.0,5510466098.0,694.1146822313232,0.464,0.058,2.371,,0.462,,,20.957,10.634,0.462
Chad,TCD,1999,Alpha Cluster,8222710.0,5546894673.0,674.5823059550927,0.474,0.058,2.1,,0.473,,,22.436,11.494,0.473
Chad,TCD,2000,Alpha Cluster,8512092.0,5599887930.0,657.8744602384467,0.488,0.057,2.942,,0.487,,,24.229,12.541,0.487
Chad,TCD,2001,Alpha Cluster,8804122.0,6336850686.0,719.7595269579408,0.506,0.057,3.709,,0.502,,,22.736,10.634,0.502
Chad,TCD,2002,Alpha Cluster,9116195.0,6982839457.0,765.9818001918563,0.531,0.058,5.067,,0.513,,,24.469,11.467,0.513
Chad,TCD,2003,Alpha Cluster,9487830.0,8110109949.0,854.7908161297156,0.882,0.093,66.113,,0.744,,,25.888,12.107,0.744
Chad,TCD,2004,Alpha Cluster,9920036.0,11032101494.0,1112.1029695859975,0.906,0.091,2.695,,0.751,,,28.694,12.577,0.751
Chad,TCD,2005,Alpha Cluster,10328094.0,12146441188.0,1176.058349972415,0.929,0.09,2.557,,0.769,,,30.309,13.344,0.769
Chad,TCD,2006,Alpha Cluster,10706426.0,12214525260.0,1140.8592615313457,0.957,0.089,3.004,,0.788,,,31.13,13.626,0.788
Chad,TCD,2007,Alpha Cluster,11081667.0,14704387197.0,1326.9111223970185,1.089,0.098,13.754,,0.876,,,32.547,14.432,0.876
Chad,TCD,2008,Alpha Cluster,11476299.0,15257312990.0,1329.4628337933684,0.872,0.076,-19.881,,0.744,,,33.576,14.668,0.744
Chad,TCD,2009,Alpha Cluster,11893753.0,17078193621.0,1435.8961062164315,1.22,0.103,39.801,,1.11,,,34.663,14.736,1.11
Chad,TCD,2010,Alpha Cluster,12312580.0,19869964230.0,1613.7937158580899,1.236,0.1,1.336,,1.136,,0.0,36.682,15.838,1.136
Chad,TCD,2011,Alpha Cluster,12755004.0,19903398034.0,1560.438400019318,1.277,0.1,3.285,,1.129,,0.001,38.4,16.63,1.13
Chad,TCD,2012,Alpha Cluster,13211006.0,21656293766.0,1639.2615192211706,1.747,0.132,36.816,,1.499,,0.054,40.304,17.531,1.5530000000000002
Chad,TCD,2013,Alpha Cluster,13691081.0,22902174388.0,1672.780577954363,2.082,0.152,19.211,,1.759,,0.07,41.906,17.963,1.829
Chad,TCD,2014,Alpha Cluster,14188680.0,24480827952.0,1725.377410160776,2.183,0.154,4.832,,1.799,,0.077,43.919,18.677,1.876
Chad,TCD,2015,Alpha Cluster,14647626.0,24914134960.0,1700.8991736954508,2.352,0.161,7.747,,1.818,,0.085,47.582,20.077,1.903
Chad,TCD,2016,Alpha Cluster,15114652.0,23529405356.0,1556.7282234483466,2.382,0.158,1.263,,1.784,,0.097,50.296,21.702,1.881
Chad,TCD,2017,Alpha Cluster,15622756.0,22969403286.0,1470.2529621534127,2.341,0.15,-1.714,,1.766,,0.136,52.173,22.086,1.9020000000000001
Chad,TCD,2018,Alpha Cluster,16156535.0,23510339039.0,1455.1597257085136,2.384,0.148,1.826,,1.843,,0.143,55.311,23.556,1.986
Chad,TCD,2019,Alpha Cluster,16685223.0,24314153239.0,1457.2267472241756,2.3,0.138,-3.513,,1.821,,0.159,57.795,24.223,1.98
Chad,TCD,2020,Alpha Cluster,17224686.0,23793345004.0,1381.35145128335,2.356,0.137,2.464,,1.924,,0.151,61.443,26.039,2.0749999999999997
Chad,TCD,2021,Alpha Cluster,17828274.0,23531147275.0,1319.8780361464044,2.67,0.15,13.312,,2.136,,0.198,63.877,26.959,2.334
Chad,TCD,2022,Alpha Cluster,18455319.0,24118013870.0,1306.8326735506441,2.8,0.152,4.878,,2.15,,0.232,67.356,28.152,2.382
Chad,TCD,2023,Alpha Cluster,19319075.0,,,2.848,0.147,1.714,,2.218,,0.232,70.636,29.486,2.45
Chad,TCD,2024,Alpha Cluster,20299131.0,,,2.831,0.139,-0.597,,2.249,,0.232,73.7,30.764,2.4810000000000003
Chile,CHL,1990,Alpha Cluster,13437181.0,133955187000.0,9968.99476162448,32.908,2.449,2.781,10.707,18.527,2.613,0.676,19.748,4.961,32.523
Chile,CHL,1991,Alpha Cluster,13662482.0,143694660776.0,10517.463867546176,30.892,2.261,-6.127,8.628,19.113,2.198,0.715,19.802,4.973,30.654
Chile,CHL,1992,Alpha Cluster,13884579.0,160277244361.0,11543.54369412281,32.001,2.305,3.59,7.456,20.819,2.612,0.871,20.364,5.304,31.758
Chile,CHL,1993,Alpha Cluster,14102276.0,170385338997.0,12082.116319167204,34.098,2.418,6.554,7.628,22.819,2.448,1.005,20.687,5.515,33.9
Chile,CHL,1994,Alpha Cluster,14316263.0,178942754051.0,12499.26423194377,37.975,2.653,11.37,9.362,24.234,2.631,1.119,20.885,5.9,37.346000000000004
Chile,CHL,1995,Alpha Cluster,14527382.0,196694148759.0,13539.545443150046,41.563,2.861,9.448,10.314,26.835,2.616,0.992,22.102,6.205,40.757
Chile,CHL,1996,Alpha Cluster,14734049.0,209865805164.0,14243.593540648602,48.226,3.273,16.033,14.415,29.259,2.682,0.961,22.851,6.536,47.317
Chile,CHL,1997,Alpha Cluster,14932436.0,222279419403.0,14885.677019007482,55.942,3.746,15.999,18.606,31.052,4.529,0.946,22.836,6.739,55.132999999999996
Chile,CHL,1998,Alpha Cluster,15127799.0,227977542773.0,15070.106548414611,57.258,3.785,2.353,17.77,31.21,6.441,1.131,22.772,6.822,56.55200000000001
Chile,CHL,1999,Alpha Cluster,15319311.0,224771940848.0,14672.457582981375,61.408,4.009,7.247,18.518,32.155,9.032,0.951,23.165,7.241,60.656
Chile,CHL,2000,Alpha Cluster,15503638.0,233340518904.0,15050.69448241761,58.503,3.773,-4.731,14.242,30.627,11.919,1.01,23.262,7.143,57.797999999999995
Chile,CHL,2001,Alpha Cluster,15683852.0,239642803054.0,15279.588397926735,52.918,3.374,-9.545,9.263,28.468,13.517,1.013,23.345,7.188,52.261
Chile,CHL,2002,Alpha Cluster,15857926.0,243288829547.0,15341.78110977438,54.836,3.458,3.623,9.38,30.323,13.506,1.079,23.02,7.051,54.288000000000004
Chile,CHL,2003,Alpha Cluster,16024755.0,250723122339.0,15645.98786933092,55.1,3.438,0.483,9.244,29.587,14.737,1.113,22.819,7.151,54.681000000000004
Chile,CHL,2004,Alpha Cluster,16187324.0,264146071325.0,16318.081439835269,59.221,3.658,7.479,10.274,31.324,16.048,1.193,23.425,7.65,58.839
Chile,CHL,2005,Alpha Cluster,16348780.0,278000705012.0,17004.370051587946,61.116,3.738,3.2,10.241,33.826,15.557,1.152,23.071,7.47,60.776
Chile,CHL,2006,Alpha Cluster,16509195.0,293258343549.0,17763.333920824123,64.048,3.88,4.797,12.535,35.735,14.334,1.236,22.861,7.529,63.839999999999996
Chile,CHL,2007,Alpha Cluster,16671571.0,305709457316.0,18337.171542861797,70.469,4.227,10.025,13.003,47.223,8.764,1.316,22.739,7.936,70.306
Chile,CHL,2008,Alpha Cluster,16838987.0,314032357531.0,18649.124055443477,70.549,4.19,0.113,16.733,47.549,4.825,1.307,23.709,8.333,70.414
Chile,CHL,2009,Alpha Cluster,17009730.0,306660166266.0,18028.514636387525,65.96,3.878,-6.505,13.429,44.932,6.379,1.081,22.828,7.27,65.82100000000001
Chile,CHL,2010,Alpha Cluster,17181463.0,321457401232.0,18709.54768124228,71.347,4.153,8.168,16.525,43.461,10.227,1.046,20.598,7.696,71.259
Chile,CHL,2011,Alpha Cluster,17351810.0,338708860136.0,19520.088113920105,78.071,4.499,9.424,20.848,45.628,10.45,1.08,21.816,8.059,78.006
Chile,CHL,2012,Alpha Cluster,17519116.0,359556383692.0,20523.6601944984,79.621,4.545,1.985,23.479,45.162,9.809,1.127,22.471,8.51,79.57699999999998
Chile,CHL,2013,Alpha Cluster,17687006.0,371454072393.0,21001.523513533044,81.733,4.621,2.653,25.395,45.914,9.292,1.086,21.995,8.428,81.687
Chile,CHL,2014,Alpha Cluster,17864192.0,378114271615.0,21166.043872289327,77.586,4.343,-5.074,24.385,43.82,8.296,1.022,20.836,7.922,77.52300000000001
Chile,CHL,2015,Alpha Cluster,18047630.0,386251266445.0,21401.772224109205,81.778,4.531,5.403,27.191,44.353,9.112,1.033,19.96,8.165,81.689
Chile,CHL,2016,Alpha Cluster,18267225.0,393022253885.0,21515.1591927619,84.25,4.612,3.023,27.015,46.064,9.951,1.12,20.074,7.824,84.15
Chile,CHL,2017,Alpha Cluster,18558868.0,398359518680.0,21464.645294098755,84.135,4.533,-0.138,27.754,45.465,9.944,0.915,20.484,8.018,84.07800000000002
Chile,CHL,2018,Alpha Cluster,18893185.0,414254051745.0,21926.109956844226,84.443,4.469,0.366,27.07,46.573,9.981,0.73,21.137,7.874,84.354
Chile,CHL,2019,Alpha Cluster,19197748.0,417331966568.0,21738.589680831315,91.977,4.791,8.923,31.017,48.022,12.051,0.84,21.118,8.123,91.93
Chile,CHL,2020,Alpha Cluster,19370621.0,391686945225.0,20220.6705311616,80.178,4.139,-12.828,25.193,43.035,11.043,0.88,20.75,7.829,80.15099999999998
Chile,CHL,2021,Alpha Cluster,19456323.0,437659188270.0,22494.4450331134,83.63,4.298,4.306,24.101,46.49,12.083,0.944,19.602,7.938,83.61800000000001
Chile,CHL,2022,Alpha Cluster,19553033.0,448338105532.0,22929.33815086386,85.744,4.385,2.527,19.858,52.159,12.867,0.851,19.111,7.462,85.735
Chile,CHL,2023,Alpha Cluster,19658833.0,,,77.604,3.948,-9.493,11.731,51.571,13.446,0.851,19.213,7.524,77.599
Chile,CHL,2024,Alpha Cluster,19764774.0,,,78.726,3.983,1.445,10.874,54.435,12.559,0.851,18.641,7.305,78.719
China,CHN,1990,Alpha Cluster,1153582725.0,3385121670000.0,2934.442061794918,2483.534,2.153,0.869,1976.808,330.292,29.301,83.068,867.343,298.926,2419.469
China,CHN,1991,Alpha Cluster,1170788533.0,3508948004345.0,2997.0809462523152,2619.143,2.237,5.46,2049.723,356.027,30.778,99.573,870.125,305.411,2536.1009999999997
China,CHN,1992,Alpha Cluster,1184574236.0,3755037703201.0,3169.9471329722555,2731.29,2.306,4.282,2114.612,385.794,30.239,120.352,873.359,311.31,2650.997
China,CHN,1993,Alpha Cluster,1197308574.0,4126169229667.0,3446.2036932402357,2914.284,2.434,6.7,2228.683,428.549,35.728,140.333,876.821,307.525,2833.293
China,CHN,1994,Alpha Cluster,1209003099.0,4438753488140.0,3671.4161376521006,3093.891,2.559,6.163,2380.736,423.712,41.568,161.567,900.154,319.726,3007.583
China,CHN,1995,Alpha Cluster,1220133929.0,4809999898743.0,3942.190102594057,3351.197,2.747,8.317,2569.699,468.23,42.436,181.48,949.913,365.036,3261.8450000000003
China,CHN,1996,Alpha Cluster,1230944809.0,5127589598793.0,4165.572299670017,3499.311,2.843,4.42,2660.288,510.622,44.47,189.556,970.8,384.1,3404.9359999999997
China,CHN,1997,Alpha Cluster,1241139623.0,5291338914515.0,4263.290621344541,3512.35,2.83,0.373,2609.78,557.961,44.158,199.406,928.915,359.304,3411.305
China,CHN,1998,Alpha Cluster,1250847122.0,5338703042331.0,4268.069973087407,3355.336,2.682,-4.47,2444.896,559.262,50.501,207.755,934.065,368.418,3262.4140000000007
China,CHN,1999,Alpha Cluster,1260176650.0,5578503091801.0,4426.76278107597,3549.949,2.817,5.8,2580.985,596.751,54.572,224.419,937.708,380.822,3456.727
China,CHN,2000,Alpha Cluster,1269581174.0,5952682232028.0,4688.697622439698,3643.81,2.87,2.644,2601.591,648.685,59.796,240.21,950.032,372.301,3550.2819999999997
China,CHN,2001,Alpha Cluster,1278725061.0,6329737256820.0,4950.037697603238,3724.114,2.912,2.204,2637.885,659.301,67.158,266.198,957.323,371.259,3630.542
China,CHN,2002,Alpha Cluster,1286866835.0,6814493895929.0,5295.4149649283645,4098.181,3.185,10.044,3018.604,653.087,53.993,277.856,961.78,388.482,4003.54
China,CHN,2003,Alpha Cluster,1294517323.0,7248623080792.0,5599.479398231274,4835.251,3.735,17.985,3601.892,727.099,60.745,347.633,1007.435,398.818,4737.369
China,CHN,2004,Alpha Cluster,1302100316.0,7830953177799.0,6014.093600603196,5210.961,4.002,7.77,3835.193,839.096,71.521,362.099,1069.441,418.315,5107.909000000001
China,CHN,2005,Alpha Cluster,1310027135.0,8602939667333.0,6566.993490049349,5881.991,4.49,12.877,4424.24,850.176,84.957,411.643,1119.984,435.414,5771.0160000000005
China,CHN,2006,Alpha Cluster,1318054030.0,9489543138489.0,7199.661715300852,6486.185,4.921,10.272,4905.253,898.537,103.753,462.05,1162.008,447.929,6369.593
China,CHN,2007,Alpha Cluster,1325813576.0,10358206113742.0,7812.716886632635,6974.663,5.261,7.531,5289.79,927.355,129.515,506.177,1176.147,458.677,6852.837
China,CHN,2008,Alpha Cluster,1333821011.0,10799148337884.0,8096.399928343909,7492.404,5.617,7.423,5729.368,970.121,149.674,516.934,1183.054,462.386,7366.097000000001
China,CHN,2009,Alpha Cluster,1342522717.0,11572544299171.0,8619.998866783422,7881.491,5.871,5.193,6028.871,982.355,164.404,573.584,1197.731,441.753,7749.214000000001
China,CHN,2010,Alpha Cluster,1351561505.0,12858808500983.0,9514.038727362984,8610.048,6.37,9.244,6569.148,1092.572,199.585,628.658,1241.241,447.392,8489.963
China,CHN,2011,Alpha Cluster,1360250658.0,13691526496125.0,10065.443758914174,9520.153,6.999,10.57,7309.64,1123.862,245.99,696.451,1323.284,453.959,9375.943
China,CHN,2012,Alpha Cluster,1369520866.0,14773157494771.0,10787.09924144449,9767.311,7.132,2.596,7464.979,1176.716,277.599,702.562,1319.353,460.654,9621.856
China,CHN,2013,Alpha Cluster,1379008040.0,15925464549520.0,11548.492893137882,9942.371,7.21,1.792,7493.418,1234.622,320.127,735.53,1330.891,461.947,9783.697
China,CHN,2014,Alpha Cluster,1387951970.0,17103948867278.0,12323.15615883884,9976.027,7.188,0.339,7425.231,1255.609,370.222,757.115,1340.685,464.422,9808.177
China,CHN,2015,Alpha Cluster,1396134171.0,18301224436466.0,13108.49975354267,9858.04,7.061,-1.183,7266.352,1328.812,380.052,706.275,1341.393,466.877,9681.491
China,CHN,2016,Alpha Cluster,1404052628.0,19545709173693.0,13920.923463912352,9748.175,6.943,-1.114,7071.886,1357.842,421.726,728.112,1299.595,466.111,9579.566
China,CHN,2017,Alpha Cluster,1412354730.0,20894362082435.0,14793.990233908871,10000.014,7.08,2.583,7163.662,1430.594,486.359,740.559,1319.021,463.766,9821.174
China,CHN,2018,Alpha Cluster,1419008954.0,22294284747546.0,15711.165658751721,10346.79,7.292,3.468,7316.7,1500.478,575.369,752.743,1354.933,461.258,10145.29
China,CHN,2019,Alpha Cluster,1423520357.0,23631941251482.0,16601.056061667547,10713.515,7.526,3.544,7522.577,1559.739,630.171,805.948,1373.722,453.971,10518.435000000001
China,CHN,2020,Alpha Cluster,1426106093.0,24151843898871.0,16935.516941845784,10896.521,7.641,1.708,7679.382,1523.058,676.473,828.71,1398.962,455.387,10707.623
China,CHN,2021,Alpha Cluster,1426437269.0,26180600167672.0,18353.839132390196,11284.401,7.911,3.56,8004.203,1521.109,765.332,802.485,1450.486,465.801,11093.129
China,CHN,2022,Alpha Cluster,1425179562.0,26966016991166.0,18921.136473023602,11711.808,8.218,3.788,8468.947,1559.721,773.225,718.777,1513.475,464.382,11520.67
China,CHN,2023,Alpha Cluster,1422584930.0,,,12172.009,8.556,3.929,8740.891,1729.58,828.897,681.688,1541.531,471.637,11981.056
China,CHN,2024,Alpha Cluster,1419321284.0,,,12289.037,8.658,0.961,8886.021,1705.386,889.406,617.752,1590.674,475.534,12098.565000000002
Christmas Island,CXR,1994,Alpha Cluster,,,,0.0,,,,,,0.0,,,0.0
Christmas Island,CXR,1995,Alpha Cluster,,,,0.0,,,,,,0.0,,,0.0
Christmas Island,CXR,1996,Alpha Cluster,,,,0.0,,,,,,0.0,,,0.0
Christmas Island,CXR,1997,Alpha Cluster,,,,0.0,,,,,,0.0,,,0.0
Christmas Island,CXR,1998,Alpha Cluster,,,,0.0,,,,,,0.0,,,0.0
Christmas Island,CXR,1999,Alpha Cluster,,,,0.0,,,,,,0.0,,,0.0
Christmas Island,CXR,2000,Alpha Cluster,,,,0.0,,,,,,0.0,,,0.0
Christmas Island,CXR,2001,Alpha Cluster,,,,0.0,,,,,,0.0,,,0.0
Christmas Island,CXR,2002,Alpha Cluster,,,,0.0,,,,,,0.0,,,0.0
Christmas Island,CXR,2003,Alpha Cluster,,,,0.0,,,,,,0.0,,,0.0
Christmas Island,CXR,2004,Alpha Cluster,,,,0.0,,,,,,0.0,,,0.0
Christmas Island,CXR,2005,Alpha Cluster,,,,0.0,,,,,,0.0,,,0.0
Christmas Island,CXR,2006,Alpha Cluster,,,,0.0,,,,,,0.0,,,0.0
Christmas Island,CXR,2007,Alpha Cluster,,,,0.0,,,,,,0.0,,,0.0
Christmas Island,CXR,2008,Alpha Cluster,,,,0.0,,,,,,0.0,,,0.0
Christmas Island,CXR,2009,Alpha Cluster,,,,0.0,,,,,,0.0,,,0.0
Christmas Island,CXR,2010,Alpha Cluster,,,,0.0,,,,,,0.0,,,0.0
Christmas Island,CXR,2011,Alpha Cluster,,,,0.0,,,,,,0.0,,,0.0
Christmas Island,CXR,2012,Alpha Cluster,,,,0.0,,,,,,0.0,,,0.0
Christmas Island,CXR,2013,Alpha Cluster,,,,0.0,,,,,,0.0,,,0.0
Christmas Island,CXR,2014,Alpha Cluster,,,,0.0,,,,,,0.0,,,0.0
Christmas Island,CXR,2015,Alpha Cluster,,,,0.0,,,,,,0.0,,,0.0
Christmas Island,CXR,2016,Alpha Cluster,,,,0.0,,,,,,0.0,,,0.0
Christmas Island,CXR,2017,Alpha Cluster,,,,0.0,,,,,,0.0,,,0.0
Christmas Island,CXR,2018,Alpha Cluster,,,,0.0,,,,,,0.0,,,0.0
Christmas Island,CXR,2019,Alpha Cluster,,,,0.0,,,,,,0.0,,,0.0
Christmas Island,CXR,2020,Alpha Cluster,,,,0.0,,,,,,0.0,,,0.0
Christmas Island,CXR,2021,Alpha Cluster,,,,0.0,,,,,,0.0,,,0.0
Christmas Island,CXR,2022,Alpha Cluster,,,,0.0,,,,,,0.0,,,0.0
Christmas Island,CXR,2023,Alpha Cluster,,,,0.0,,,,,,0.0,,,0.0
Christmas Island,CXR,2024,Alpha Cluster,,,,0.0,,,,,,0.0,,,0.0
Colombia,COL,1990,Alpha Cluster,32440064.0,253538201000.0,7815.588804017156,56.857,1.753,7.075,13.828,31.111,8.372,2.74,65.108,17.134,56.051
Colombia,COL,1991,Alpha Cluster,33098373.0,259415683485.0,7837.717083102544,56.609,1.71,-0.436,12.351,31.998,8.695,2.737,64.647,17.218,55.781000000000006
Colombia,COL,1992,Alpha Cluster,33760571.0,270562880339.0,8014.167779893296,61.341,1.817,8.358,13.495,35.651,8.365,2.907,66.426,17.095,60.418000000000006
Colombia,COL,1993,Alpha Cluster,34441479.0,286025318326.0,8304.67583363653,63.26,1.837,3.129,14.107,36.038,8.644,3.339,66.912,17.564,62.12799999999999
Colombia,COL,1994,Alpha Cluster,35127408.0,300636179033.0,8558.45039955695,66.982,1.907,5.883,13.534,39.558,8.976,3.945,68.276,17.721,66.01299999999999
Colombia,COL,1995,Alpha Cluster,35804670.0,316101744239.0,8828.506008825107,59.35,1.658,-11.394,14.04,31.793,8.295,3.92,70.357,17.846,58.048
Colombia,COL,1996,Alpha Cluster,36462740.0,322403822039.0,8842.007540821123,59.628,1.635,0.469,12.403,32.577,10.234,3.555,70.762,17.68,58.769
Colombia,COL,1997,Alpha Cluster,37121155.0,333997136300.0,8997.487720950494,65.096,1.754,9.169,12.201,34.797,12.454,3.777,72.513,17.873,63.229
Colombia,COL,1998,Alpha Cluster,37792169.0,335365604121.0,8873.944338071731,65.56,1.735,0.713,11.592,35.356,13.021,3.674,74.174,17.981,63.643
Colombia,COL,1999,Alpha Cluster,38454861.0,321583145089.0,8362.613639118343,55.286,1.438,-15.671,9.585,30.393,11.201,2.788,71.259,17.287,53.967
Colombia,COL,2000,Alpha Cluster,39089939.0,330615619673.0,8457.818766946655,56.213,1.438,1.677,10.033,29.329,12.488,3.057,72.859,17.724,54.907000000000004
Colombia,COL,2001,Alpha Cluster,39709263.0,336096684249.0,8463.936594567369,56.465,1.422,0.449,10.127,28.543,13.26,2.926,74.161,18.083,54.856
Colombia,COL,2002,Alpha Cluster,40324684.0,344517683680.0,8543.592894119145,55.417,1.374,-1.857,9.061,28.722,13.245,2.829,74.683,18.239,53.857
Colombia,COL,2003,Alpha Cluster,40937426.0,357889195415.0,8742.34729401404,57.033,1.393,2.917,10.311,29.647,12.682,3.123,75.64,18.988,55.763
Colombia,COL,2004,Alpha Cluster,41543177.0,376728225954.0,9068.353774531977,54.324,1.308,-4.751,7.075,29.525,13.348,3.328,75.899,19.331,53.276
Colombia,COL,2005,Alpha Cluster,42128978.0,394076061209.0,9354.038002274823,60.256,1.43,10.92,10.215,30.93,14.007,4.249,76.42,18.68,59.400999999999996
Colombia,COL,2006,Alpha Cluster,42691081.0,420283862175.0,9844.769734807136,62.466,1.463,3.666,9.332,33.969,14.033,4.3,77.042,18.758,61.634
Colombia,COL,2007,Alpha Cluster,43235374.0,448731322364.0,10378.800524866514,60.67,1.403,-2.875,8.031,33.02,14.033,4.741,79.126,20.145,59.825
Colombia,COL,2008,Alpha Cluster,43758805.0,464038717488.0,10604.465032534596,66.982,1.531,10.404,10.747,33.441,17.518,4.479,80.041,19.528,66.185
Colombia,COL,2009,Alpha Cluster,44271543.0,471326580093.0,10646.265030631528,71.771,1.621,7.149,11.084,35.739,20.097,3.955,81.006,19.284,70.87499999999999
Colombia,COL,2010,Alpha Cluster,44777325.0,489870174161.0,10940.139326344304,75.431,1.685,5.1,12.607,35.697,21.987,4.072,83.629,19.955,74.363
Colombia,COL,2011,Alpha Cluster,45259614.0,521323240921.0,11518.50833109182,75.191,1.661,-0.318,12.725,35.339,21.05,4.618,82.241,19.308,73.732
Colombia,COL,2012,Alpha Cluster,45715807.0,541722649583.0,11849.788620881176,78.675,1.721,4.633,10.326,38.917,22.901,4.68,80.107,18.415,76.82400000000001
Colombia,COL,2013,Alpha Cluster,46151583.0,569534665242.0,12340.522864448658,86.445,1.873,9.876,16.264,41.509,22.339,4.669,80.192,17.903,84.78099999999999
Colombia,COL,2014,Alpha Cluster,46565426.0,595158021031.0,12781.114061557173,92.042,1.977,6.474,16.458,45.216,23.907,4.834,80.08,18.637,90.415
Colombia,COL,2015,Alpha Cluster,46969938.0,612750891790.0,13045.597202832161,91.027,1.938,-1.103,17.602,42.891,24.406,4.585,78.506,18.066,89.484
Colombia,COL,2016,Alpha Cluster,47437513.0,625545111723.0,13186.718108999517,91.583,1.931,0.611,17.994,45.459,22.896,4.124,80.052,18.453,90.473
Colombia,COL,2017,Alpha Cluster,48131076.0,634046295892.0,13173.324774455488,83.459,1.734,-8.871,12.655,42.872,22.783,4.115,82.186,19.356,82.425
Colombia,COL,2018,Alpha Cluster,49024463.0,650303209362.0,13264.871649119339,90.811,1.852,8.809,11.219,50.695,23.53,4.321,85.284,20.448,89.765
Colombia,COL,2019,Alpha Cluster,49907987.0,671028388046.0,13445.310628256755,98.962,1.983,8.976,23.79,45.58,24.223,4.365,87.833,20.96,97.958
Colombia,COL,2020,Alpha Cluster,50629997.0,622365414246.0,12292.424474091911,92.305,1.823,-6.727,20.343,43.224,23.952,4.054,86.613,21.845,91.573
Colombia,COL,2021,Alpha Cluster,51188174.0,690925195330.0,13497.750385274536,103.734,2.027,12.381,19.742,56.821,21.76,4.794,88.907,22.595,103.117
Colombia,COL,2022,Alpha Cluster,51737944.0,742716953392.0,14355.362737104513,89.437,1.729,-13.782,17.894,44.467,21.54,5.077,89.58,22.607,88.978
Colombia,COL,2023,Alpha Cluster,52321152.0,,,89.992,1.72,0.621,19.657,42.451,22.344,4.938,90.653,22.737,89.39
Colombia,COL,2024,Alpha Cluster,52886360.0,,,92.659,1.752,2.964,22.3,42.094,23.021,4.665,91.299,23.444,92.08000000000001
Comoros,COM,1990,Alpha Cluster,444601.0,469560000.0,1056.137975398166,0.062,0.14,21.429,,0.062,,0.0,0.304,0.045,0.062
Comoros,COM,1991,Alpha Cluster,455563.0,484441557.0,1063.3909184898687,0.066,0.145,5.882,,0.066,,0.0,0.245,0.044,0.066
Comoros,COM,1992,Alpha Cluster,465118.0,534666886.0,1149.5295516406588,0.07,0.15,5.556,,0.07,,0.0,0.248,0.044,0.07
Comoros,COM,1993,Alpha Cluster,473681.0,558102852.0,1178.2251177480202,0.07,0.147,0.0,,0.07,,0.0,0.254,0.045,0.07
Comoros,COM,1994,Alpha Cluster,482148.0,536542946.0,1112.817943867858,0.073,0.152,5.263,,0.073,,0.0,0.258,0.046,0.073
Comoros,COM,1995,Alpha Cluster,490594.0,563630517.0,1148.8736450099268,0.077,0.157,5.0,,0.077,,0.0,0.267,0.047,0.077
Comoros,COM,1996,Alpha Cluster,499113.0,563951171.0,1129.90679665727,0.077,0.154,0.0,,0.077,,0.0,0.274,0.048,0.077
Comoros,COM,1997,Alpha Cluster,507779.0,595856754.0,1173.4568660775653,0.081,0.159,4.762,,0.081,,0.0,0.279,0.049,0.081
Comoros,COM,1998,Alpha Cluster,516606.0,611159252.0,1183.0277851980038,0.088,0.17,9.091,,0.088,,0.0,0.286,0.052,0.088
Comoros,COM,1999,Alpha Cluster,525894.0,631495315.0,1200.8034223626814,0.095,0.181,8.333,,0.095,,0.0,0.305,0.056,0.095
Comoros,COM,2000,Alpha Cluster,536084.0,656399277.0,1224.4336279389051,0.103,0.191,7.692,,0.103,,0.0,0.305,0.053,0.103
Comoros,COM,2001,Alpha Cluster,547221.0,680582090.0,1243.7060894958345,0.106,0.194,3.571,,0.106,,0.0,0.301,0.054,0.106
Comoros,COM,2002,Alpha Cluster,558927.0,705937319.0,1263.022396484693,0.106,0.19,0.0,,0.106,,0.0,0.308,0.056,0.106
Comoros,COM,2003,Alpha Cluster,569808.0,731630321.0,1283.9944700671103,0.136,0.238,27.586,,0.136,,0.0,0.304,0.053,0.136
Comoros,COM,2004,Alpha Cluster,580711.0,755848590.0,1301.5916523020917,0.15,0.259,10.811,,0.15,,0.0,0.315,0.053,0.15
Comoros,COM,2005,Alpha Cluster,592679.0,788522780.0,1330.4381967304391,0.143,0.241,-4.878,,0.143,,0.0,0.315,0.058,0.143
Comoros,COM,2006,Alpha Cluster,604752.0,888321718.0,1468.9024889541497,0.169,0.279,17.949,,0.169,,0.0,0.316,0.057,0.169
Comoros,COM,2007,Alpha Cluster,616935.0,908328164.0,1472.323930397854,0.106,0.172,-36.957,,0.106,,0.0,0.318,0.056,0.106
Comoros,COM,2008,Alpha Cluster,629314.0,956653402.0,1520.1527409210664,0.11,0.175,3.448,,0.11,,0.0,0.323,0.058,0.11
Comoros,COM,2009,Alpha Cluster,641949.0,1004144820.0,1564.2127645654093,0.136,0.211,23.333,,0.136,,0.0,0.328,0.058,0.136
Comoros,COM,2010,Alpha Cluster,654846.0,1011389038.0,1544.4685284784514,0.161,0.246,18.919,,0.161,,0.0,0.328,0.059,0.161
Comoros,COM,2011,Alpha Cluster,668064.0,1067838000.0,1598.4067394740623,0.143,0.214,-11.364,,0.143,,0.0,0.334,0.06,0.143
Comoros,COM,2012,Alpha Cluster,681637.0,1112133000.0,1631.5619603982766,0.154,0.226,7.692,,0.154,,0.0,0.341,0.06,0.154
Comoros,COM,2013,Alpha Cluster,696203.0,1217488000.0,1748.7543144743702,0.183,0.263,19.048,,0.183,,0.0,0.348,0.061,0.183
Comoros,COM,2014,Alpha Cluster,711512.0,1263249000.0,1775.4430002586041,0.165,0.232,-10.0,,0.165,,0.0,0.355,0.061,0.165
Comoros,COM,2015,Alpha Cluster,726685.0,1324576000.0,1822.7650219833904,0.18,0.247,8.889,,0.18,,0.0,0.356,0.061,0.18
Comoros,COM,2016,Alpha Cluster,741745.0,1356063486.0,1828.2071143047813,0.205,0.277,14.286,,0.205,,0.0,0.362,0.063,0.205
Comoros,COM,2017,Alpha Cluster,756672.0,1426021134.0,1884.5961446967774,0.264,0.349,28.571,,0.264,,0.0,0.367,0.064,0.264
Comoros,COM,2018,Alpha Cluster,771597.0,1479483924.0,1917.4308920330172,0.286,0.37,8.333,,0.286,,0.0,0.373,0.065,0.286
Comoros,COM,2019,Alpha Cluster,786582.0,1533170985.0,1949.1559494115045,0.311,0.396,8.974,,0.311,,0.0,0.386,0.068,0.311
Comoros,COM,2020,Alpha Cluster,802172.0,1594579416.0,1987.8273188293783,0.37,0.461,18.824,,0.37,,0.0,0.391,0.068,0.37
Comoros,COM,2021,Alpha Cluster,818178.0,1639163875.0,2003.431863237584,0.498,0.609,34.653,,0.498,,0.0,0.387,0.068,0.498
Comoros,COM,2022,Alpha Cluster,834191.0,1682076951.0,2016.417044777515,0.532,0.637,6.696,,0.532,,0.0,0.395,0.068,0.532
Comoros,COM,2023,Alpha Cluster,850390.0,,,0.542,0.638,1.967,,0.542,,0.0,0.399,0.068,0.542
Comoros,COM,2024,Alpha Cluster,866632.0,,,0.552,0.637,1.756,,0.552,,0.0,0.401,0.068,0.552
Congo,COG,1990,Alpha Cluster,2380562.0,8597207705.0,3611.41936441899,1.008,0.423,-32.61,,0.971,,0.037,9.017,1.301,1.008
Congo,COG,1991,Alpha Cluster,2449235.0,9009686346.0,3678.5716135854664,1.083,0.442,7.43,,1.041,,0.042,8.872,1.29,1.083
Congo,COG,1992,Alpha Cluster,2519467.0,9460341965.0,3754.898145123552,1.289,0.512,19.059,,1.242,,0.047,8.902,1.397,1.289
Congo,COG,1993,Alpha Cluster,2595127.0,9584773341.0,3693.3735192921195,1.16,0.447,-9.985,,1.114,,0.047,8.94,1.738,1.161
Congo,COG,1994,Alpha Cluster,2673147.0,9269118406.0,3467.492960918348,3.384,1.266,191.602,,1.733,,0.035,8.22,1.258,1.768
Congo,COG,1995,Alpha Cluster,2749464.0,9864798737.0,3587.898854831342,3.225,1.173,-4.705,,1.147,,0.039,9.94,1.265,1.186
Congo,COG,1996,Alpha Cluster,2826786.0,10738735212.0,3798.920474347899,4.037,1.428,25.204,,1.319,,0.02,11.986,0.978,1.339
Congo,COG,1997,Alpha Cluster,2887862.0,10724892959.0,3713.783054384178,4.831,1.673,19.645,,1.913,,0.008,12.829,0.734,1.921
Congo,COG,1998,Alpha Cluster,2952062.0,11368414038.0,3851.007884658249,3.869,1.311,-19.9,,0.355,,0.0,15.352,0.868,0.355
Congo,COG,1999,Alpha Cluster,3032876.0,11329492011.0,3735.560573857949,3.916,1.291,1.197,,0.363,,0.0,15.563,0.871,0.363
Congo,COG,2000,Alpha Cluster,3151349.0,12472135877.0,3957.713308491062,4.284,1.359,9.415,,0.473,,0.008,16.448,1.176,0.481
Congo,COG,2001,Alpha Cluster,3272542.0,13249308227.0,4048.628933410175,4.178,1.277,-2.485,,0.605,0.0,0.0,15.634,0.72,0.605
Congo,COG,2002,Alpha Cluster,3350770.0,14180954098.0,4232.147863923815,2.72,0.812,-34.887,,0.491,0.0,0.0,10.534,0.905,0.491
Congo,COG,2003,Alpha Cluster,3445758.0,14627827623.0,4245.169748717119,3.258,0.946,19.771,,0.777,0.033,0.0,11.874,1.39,0.81
Congo,COG,2004,Alpha Cluster,3565565.0,15504146539.0,4348.3000699748845,3.549,0.995,8.916,,0.821,0.037,0.0,12.99,1.441,0.858
Congo,COG,2005,Alpha Cluster,3696399.0,17078609818.0,4620.337203315984,4.352,1.177,22.643,,0.913,0.044,0.04,15.977,1.667,0.9970000000000001
Congo,COG,2006,Alpha Cluster,3837411.0,18567839817.0,4838.637252303702,4.786,1.247,9.966,,1.044,0.044,0.039,17.406,1.715,1.127
Congo,COG,2007,Alpha Cluster,3980430.0,18699065550.0,4697.750130011079,4.259,1.07,-11.002,,1.132,0.04,0.039,14.757,1.542,1.2109999999999999
Congo,COG,2008,Alpha Cluster,4113514.0,20270055811.0,4927.673957351306,4.27,1.038,0.257,,1.242,0.048,0.04,14.367,1.553,1.33
Congo,COG,2009,Alpha Cluster,4281218.0,22298715246.0,5208.497966232974,4.944,1.155,15.769,,1.576,0.106,0.042,15.479,1.498,1.7240000000000002
Congo,COG,2010,Alpha Cluster,4462304.0,24809062977.0,5559.698079064089,5.5,1.233,11.253,,1.737,0.194,0.031,17.022,1.726,1.962
Congo,COG,2011,Alpha Cluster,4609728.0,26249089782.0,5694.281697748761,5.046,1.095,-8.246,,1.931,0.282,0.027,16.595,1.822,2.24
Congo,COG,2012,Alpha Cluster,4740457.0,28860086022.0,6088.038773898804,5.018,1.059,-0.563,,2.479,0.407,0.057,16.104,1.772,2.943
Congo,COG,2013,Alpha Cluster,4857104.0,28654592534.0,5899.522129647626,5.89,1.213,17.384,,2.53,0.579,0.097,14.635,1.873,3.206
Congo,COG,2014,Alpha Cluster,4975887.0,30579326354.0,6145.502571501323,5.471,1.1,-7.118,,2.402,0.524,0.178,15.007,1.631,3.104
Congo,COG,2015,Alpha Cluster,5097583.0,29493455123.0,5785.772418614862,5.637,1.106,3.027,,2.173,0.982,0.271,14.514,1.862,3.426
Congo,COG,2016,Alpha Cluster,5222545.0,26313174327.0,5038.381541374943,5.727,1.097,1.606,,2.127,1.124,0.368,14.359,1.881,3.6189999999999998
Congo,COG,2017,Alpha Cluster,5351013.0,25159867387.0,4701.888667996134,5.651,1.056,-1.332,,1.924,1.183,0.407,16.066,1.812,3.5140000000000002
Congo,COG,2018,Alpha Cluster,5483128.0,23950933949.0,4368.1150520286965,6.545,1.194,15.815,,1.953,1.345,0.271,18.813,1.882,3.569
Congo,COG,2019,Alpha Cluster,5616656.0,24196673159.0,4308.021206746505,7.294,1.299,11.443,,1.975,1.887,0.283,19.1,1.858,4.1450000000000005
Congo,COG,2020,Alpha Cluster,5752792.0,22696964187.0,3945.3823790256974,7.677,1.335,5.261,,2.114,1.968,0.232,17.627,1.677,4.314
Congo,COG,2021,Alpha Cluster,5892187.0,23037421913.0,3909.8253183410507,7.393,1.255,-3.705,,2.207,2.035,0.29,16.042,1.624,4.532
Congo,COG,2022,Alpha Cluster,6035104.0,23679011891.0,3923.5466184178435,8.728,1.446,18.053,,2.379,2.581,0.346,16.127,1.943,5.306
Congo,COG,2023,Alpha Cluster,6182890.0,,,8.274,1.338,-5.193,,2.453,2.333,0.346,16.576,1.89,5.132
Congo,COG,2024,Alpha Cluster,6332969.0,,,8.84,1.396,6.834,,2.487,2.366,0.346,15.13,1.897,5.199
Cook Islands,COK,1990,Alpha Cluster,17146.0,,,0.04,2.351,83.333,,0.04,,0.0,0.012,0.003,0.04
Cook Islands,COK,1991,Alpha Cluster,17329.0,,,0.04,2.326,0.0,,0.04,,0.0,0.012,0.003,0.04
Cook Islands,COK,1992,Alpha Cluster,17495.0,,,0.04,2.304,0.0,,0.04,,0.0,0.013,0.004,0.04
Cook Islands,COK,1993,Alpha Cluster,17615.0,,,0.044,2.496,9.091,,0.044,,0.0,0.016,0.004,0.044
Cook Islands,COK,1994,Alpha Cluster,17710.0,,,0.044,2.483,0.0,,0.044,,0.0,0.017,0.005,0.044
Cook Islands,COK,1995,Alpha Cluster,17801.0,,,0.044,2.47,0.0,,0.044,,0.0,0.019,0.005,0.044
Cook Islands,COK,1996,Alpha Cluster,17880.0,,,0.051,2.869,16.667,,0.051,,0.0,0.022,0.005,0.051
Cook Islands,COK,1997,Alpha Cluster,17648.0,,,0.051,2.907,0.0,,0.051,,0.0,0.023,0.005,0.051
Cook Islands,COK,1998,Alpha Cluster,17102.0,,,0.051,2.999,0.0,,0.051,,0.0,0.024,0.005,0.051
Cook Islands,COK,1999,Alpha Cluster,16508.0,,,0.051,3.107,0.0,,0.051,,0.0,0.021,0.005,0.051
Cook Islands,COK,2000,Alpha Cluster,15876.0,,,0.051,3.231,0.0,,0.051,,0.0,0.02,0.005,0.051
Cook Islands,COK,2001,Alpha Cluster,15259.0,,,0.055,3.602,7.143,,0.055,,0.0,0.018,0.004,0.055
Cook Islands,COK,2002,Alpha Cluster,14994.0,,,0.044,2.932,-20.0,,0.044,,0.0,0.018,0.004,0.044
Cook Islands,COK,2003,Alpha Cluster,15049.0,,,0.048,3.165,8.333,,0.048,,0.0,0.018,0.003,0.048
Cook Islands,COK,2004,Alpha Cluster,15103.0,,,0.051,3.396,7.692,,0.051,,0.0,0.019,0.004,0.051
Cook Islands,COK,2005,Alpha Cluster,15153.0,,,0.059,3.869,14.286,,0.059,,0.0,0.019,0.005,0.059
Cook Islands,COK,2006,Alpha Cluster,15233.0,,,0.066,4.33,12.5,,0.066,,0.0,0.019,0.005,0.066
Cook Islands,COK,2007,Alpha Cluster,15519.0,,,0.066,4.25,0.0,,0.066,,0.0,0.019,0.004,0.066
Cook Islands,COK,2008,Alpha Cluster,16003.0,,,0.066,4.121,0.0,,0.066,,0.0,0.019,0.005,0.066
Cook Islands,COK,2009,Alpha Cluster,16497.0,,,0.062,3.776,-5.556,,0.062,,0.0,0.019,0.004,0.062
Cook Islands,COK,2010,Alpha Cluster,17000.0,,,0.07,4.095,11.765,,0.07,,0.0,0.019,0.004,0.07
Cook Islands,COK,2011,Alpha Cluster,17480.0,,,0.077,4.402,10.526,,0.077,,0.0,0.019,0.005,0.077
Cook Islands,COK,2012,Alpha Cluster,17690.0,,,0.081,4.557,4.762,,0.081,,0.0,0.019,0.005,0.081
Cook Islands,COK,2013,Alpha Cluster,17629.0,,,0.081,4.572,0.0,,0.081,,0.0,0.019,0.005,0.081
Cook Islands,COK,2014,Alpha Cluster,17556.0,,,0.081,4.591,0.0,,0.081,,0.0,0.019,0.005,0.081
Cook Islands,COK,2015,Alpha Cluster,17471.0,,,0.077,4.404,-4.545,,0.077,,0.0,0.018,0.005,0.077
Cook Islands,COK,2016,Alpha Cluster,17360.0,,,0.077,4.432,0.0,,0.077,,0.0,0.018,0.005,0.077
Cook Islands,COK,2017,Alpha Cluster,17066.0,,,0.077,4.509,0.0,,0.077,,0.0,0.018,0.005,0.077
Cook Islands,COK,2018,Alpha Cluster,16623.0,,,0.077,4.629,0.0,,0.077,,0.0,0.018,0.005,0.077
Cook Islands,COK,2019,Alpha Cluster,16151.0,,,0.081,4.991,4.762,,0.081,,0.0,0.017,0.005,0.081
Cook Islands,COK,2020,Alpha Cluster,15664.0,,,0.066,4.21,-18.182,,0.066,,0.0,0.016,0.005,0.066
Cook Islands,COK,2021,Alpha Cluster,15205.0,,,0.073,4.819,11.111,,0.073,,0.0,0.016,0.005,0.073
Cook Islands,COK,2022,Alpha Cluster,14747.0,,,0.077,5.218,5.0,,0.077,,0.0,0.015,0.005,0.077
Cook Islands,COK,2023,Alpha Cluster,14244.0,,,0.077,5.376,-0.472,,0.077,,0.0,0.015,0.005,0.077
Cook Islands,COK,2024,Alpha Cluster,13750.0,,,0.08,5.824,4.573,,0.08,,0.0,0.014,0.005,0.08
Costa Rica,CRI,1990,Alpha Cluster,3121707.0,22906633594.0,7337.855088257803,2.909,0.932,-0.705,,2.645,,0.264,4.759,1.652,2.909
Costa Rica,CRI,1991,Alpha Cluster,3202182.0,23392535070.0,7305.185985681013,3.282,1.025,12.832,,2.986,,0.296,4.774,1.709,3.282
Costa Rica,CRI,1992,Alpha Cluster,3284261.0,25455642664.0,7750.797717964559,3.735,1.137,13.796,,3.44,,0.295,4.78,1.798,3.735
Costa Rica,CRI,1993,Alpha Cluster,3367436.0,27068748885.0,8038.385550608831,3.881,1.153,3.913,,3.521,,0.36,4.825,1.801,3.881
Costa Rica,CRI,1994,Alpha Cluster,3451122.0,28250615652.0,8185.92204274436,5.188,1.503,33.663,,4.796,,0.392,4.537,1.783,5.188000000000001
Costa Rica,CRI,1995,Alpha Cluster,3535179.0,29404437442.0,8317.665793443557,4.789,1.355,-7.7,,4.43,,0.359,4.21,1.655,4.789
Costa Rica,CRI,1996,Alpha Cluster,3619012.0,29695504987.0,8205.417662886997,4.673,1.291,-2.406,,4.331,,0.343,4.181,1.806,4.674
Costa Rica,CRI,1997,Alpha Cluster,3701713.0,31327517132.0,8462.97839189586,4.9,1.324,4.849,,4.514,,0.386,4.118,1.947,4.9
Costa Rica,CRI,1998,Alpha Cluster,3782840.0,33453800269.0,8843.567338031744,5.214,1.378,6.403,,4.771,,0.443,4.187,1.938,5.2139999999999995
Costa Rica,CRI,1999,Alpha Cluster,3862103.0,34758013094.0,8999.76336571034,5.415,1.402,3.868,,4.968,,0.447,4.104,1.741,5.415
Costa Rica,CRI,2000,Alpha Cluster,3937737.0,36043077867.0,9153.246615251348,5.367,1.363,-0.89,0.0,4.943,,0.424,4.062,1.476,5.367
Costa Rica,CRI,2001,Alpha Cluster,4008951.0,37338984417.0,9313.903915762503,5.638,1.406,5.043,0.117,5.042,,0.479,4.041,1.33,5.638
Costa Rica,CRI,2002,Alpha Cluster,4075710.0,38566391693.0,9462.49652036087,6.214,1.525,10.224,0.136,5.606,,0.473,4.022,1.311,6.215
Costa Rica,CRI,2003,Alpha Cluster,4138791.0,40104618605.0,9689.93568532453,6.551,1.583,5.418,0.194,5.917,,0.439,4.016,1.433,6.55
Costa Rica,CRI,2004,Alpha Cluster,4200079.0,41810218746.0,9954.626745354075,6.797,1.618,3.752,0.158,6.064,,0.576,4.031,1.338,6.798
Costa Rica,CRI,2005,Alpha Cluster,4261240.0,43414436973.0,10188.216803794201,6.66,1.563,-2.019,0.004,5.899,,0.757,3.768,1.401,6.659999999999999
Costa Rica,CRI,2006,Alpha Cluster,4321337.0,46549505108.0,10772.014565862371,6.976,1.614,4.752,0.004,6.434,,0.539,3.645,1.431,6.976999999999999
Costa Rica,CRI,2007,Alpha Cluster,4380250.0,50253055044.0,11472.645406997317,7.907,1.805,13.34,0.059,6.973,,0.875,3.93,1.529,7.907
Costa Rica,CRI,2008,Alpha Cluster,4440058.0,52514579539.0,11827.453501508313,7.934,1.787,0.347,0.0,7.148,,0.786,4.105,1.597,7.933999999999999
Costa Rica,CRI,2009,Alpha Cluster,4499788.0,51990443852.0,11553.97628777178,7.693,1.71,-3.038,0.011,6.903,,0.779,4.179,1.4,7.693
Costa Rica,CRI,2010,Alpha Cluster,4555965.0,54669051273.0,11999.444963470965,7.461,1.638,-3.015,0.004,6.987,,0.47,4.279,1.518,7.460999999999999
Costa Rica,CRI,2011,Alpha Cluster,4609834.0,56719502938.0,12304.022864597728,7.276,1.578,-2.477,0.022,6.742,,0.512,4.393,1.712,7.276
Costa Rica,CRI,2012,Alpha Cluster,4663930.0,59489116143.0,12755.147727989057,7.217,1.547,-0.819,0.007,6.701,,0.508,4.352,1.663,7.215999999999999
Costa Rica,CRI,2013,Alpha Cluster,4716153.0,60973369897.0,12928.62421914641,7.584,1.608,5.082,0.018,7.042,,0.523,4.458,1.701,7.582999999999999
Costa Rica,CRI,2014,Alpha Cluster,4767126.0,63133053443.0,13243.420342361414,7.702,1.616,1.56,0.022,7.145,,0.535,4.462,1.619,7.702
Costa Rica,CRI,2015,Alpha Cluster,4818045.0,65438671759.0,13581.996797248677,7.353,1.526,-4.532,0.0,6.782,,0.571,4.56,1.68,7.353
Costa Rica,CRI,2016,Alpha Cluster,4867003.0,68189707920.0,14010.615551295119,7.829,1.609,6.475,0.0,7.394,,0.435,4.729,1.812,7.829
Costa Rica,CRI,2017,Alpha Cluster,4913177.0,71025038908.0,14456.030977105038,7.987,1.626,2.016,0.018,7.482,,0.487,4.886,1.79,7.987
Costa Rica,CRI,2018,Alpha Cluster,4957813.0,72883048113.0,14700.644843401718,7.967,1.607,-0.248,0.0,7.489,,0.478,5.083,1.856,7.967
Costa Rica,CRI,2019,Alpha Cluster,4999549.0,74645366733.0,14930.420070490358,7.66,1.532,-3.848,0.0,7.225,,0.435,5.215,1.875,7.659999999999999
Costa Rica,CRI,2020,Alpha Cluster,5034323.0,71455765338.0,14193.71886507878,6.754,1.342,-11.831,0.0,6.397,,0.357,4.935,1.769,6.7540000000000004
Costa Rica,CRI,2021,Alpha Cluster,5059991.0,77015741091.0,15220.529263984858,7.665,1.515,13.494,0.051,7.222,,0.392,5.285,1.797,7.665000000000001
Costa Rica,CRI,2022,Alpha Cluster,5081764.0,80345898158.0,15810.63153621459,8.01,1.576,4.497,0.059,7.523,,0.428,5.412,1.768,8.01
Costa Rica,CRI,2023,Alpha Cluster,5105526.0,,,8.473,1.659,5.773,0.069,7.976,,0.428,5.451,1.778,8.473
Costa Rica,CRI,2024,Alpha Cluster,5129909.0,,,8.76,1.708,3.398,0.049,8.283,,0.428,5.544,1.739,8.76
Cote d'Ivoire,CIV,1990,Alpha Cluster,12189780.0,26018496693.0,2134.4517040504425,4.782,0.392,-42.154,,4.782,,0.0,6.633,2.599,4.782
Cote d'Ivoire,CIV,1991,Alpha Cluster,12683875.0,26972060608.0,2126.4842651003737,4.309,0.34,-9.885,,4.309,,0.0,6.827,2.64,4.309
Cote d'Ivoire,CIV,1992,Alpha Cluster,13200313.0,27466934209.0,2080.779009482578,3.844,0.291,-10.799,,3.844,,0.0,6.968,2.653,3.844
Cote d'Ivoire,CIV,1993,Alpha Cluster,13735955.0,28127565766.0,2047.7328126074963,5.093,0.371,32.507,,5.093,,0.0,6.922,2.702,5.093
Cote d'Ivoire,CIV,1994,Alpha Cluster,14287211.0,29026826745.0,2031.6650146064196,4.133,0.289,-18.849,,4.133,,0.0,7.491,2.876,4.133
Cote d'Ivoire,CIV,1995,Alpha Cluster,14855566.0,31414510714.0,2114.662660042707,6.225,0.419,50.625,,6.02,0.095,0.0,7.722,2.937,6.114999999999999
Cote d'Ivoire,CIV,1996,Alpha Cluster,15442322.0,34617707279.0,2241.7423544852904,7.526,0.487,20.893,,6.478,0.857,0.0,7.984,2.867,7.335
Cote d'Ivoire,CIV,1997,Alpha Cluster,16047178.0,37316438035.0,2325.420583918244,7.211,0.449,-4.182,,5.609,1.404,0.0,8.186,2.942,7.013
Cote d'Ivoire,CIV,1998,Alpha Cluster,16663948.0,39915308009.0,2395.309203377255,6.748,0.405,-6.422,,4.939,1.638,0.0,8.162,3.039,6.577
Cote d'Ivoire,CIV,1999,Alpha Cluster,17215937.0,41352107617.0,2401.9667135747536,6.095,0.354,-9.673,,3.55,2.393,0.0,8.173,2.966,5.943
Cote d'Ivoire,CIV,2000,Alpha Cluster,17699007.0,41297593671.0,2333.328286214023,6.63,0.375,8.771,,4.043,2.417,0.0,8.387,3.035,6.46
Cote d'Ivoire,CIV,2001,Alpha Cluster,18178920.0,42194161007.0,2321.0488305685926,7.653,0.421,15.434,,4.778,2.623,0.0,8.636,3.211,7.401
Cote d'Ivoire,CIV,2002,Alpha Cluster,18654772.0,42379148241.0,2271.7591102694796,7.45,0.399,-2.655,,4.283,2.675,0.0,9.187,3.546,6.958
Cote d'Ivoire,CIV,2003,Alpha Cluster,19125546.0,42761562091.0,2235.8348405321344,5.301,0.277,-28.854,,2.783,2.35,0.0,9.218,3.394,5.133
Cote d'Ivoire,CIV,2004,Alpha Cluster,19594997.0,44320594821.0,2261.8321820105407,7.386,0.377,39.35,,4.349,2.986,0.0,9.015,2.873,7.335000000000001
Cote d'Ivoire,CIV,2005,Alpha Cluster,20068468.0,46182121378.0,2301.2280448113925,7.568,0.377,2.461,,4.166,3.334,0.0,10.109,3.645,7.5
Cote d'Ivoire,CIV,2006,Alpha Cluster,20546808.0,48079711067.0,2340.0087773731084,6.887,0.335,-8.995,,3.679,3.133,0.0,10.148,3.409,6.811999999999999
Cote d'Ivoire,CIV,2007,Alpha Cluster,21030558.0,50213105655.0,2387.6259324645594,6.653,0.316,-3.397,,3.649,2.887,0.0,10.248,3.548,6.536
Cote d'Ivoire,CIV,2008,Alpha Cluster,21514446.0,52842644609.0,2456.1471212877154,6.713,0.312,0.892,,3.554,3.037,0.0,9.961,3.283,6.590999999999999
Cote d'Ivoire,CIV,2009,Alpha Cluster,21997936.0,55907844337.0,2541.5040909747167,5.66,0.257,-15.682,,2.73,2.785,0.0,9.739,3.167,5.515000000000001
Cote d'Ivoire,CIV,2010,Alpha Cluster,22488068.0,58369987439.0,2595.5981384883753,6.225,0.277,9.979,,3.026,3.037,0.0,10.131,3.194,6.063
Cote d'Ivoire,CIV,2011,Alpha Cluster,22982003.0,57051170312.0,2482.4281117707624,6.523,0.284,4.794,,3.349,2.993,0.0,11.111,3.39,6.3420000000000005
Cote d'Ivoire,CIV,2012,Alpha Cluster,23467083.0,63249209930.0,2695.2310148645233,8.54,0.364,30.918,,5.075,3.265,0.0,11.496,3.465,8.34
Cote d'Ivoire,CIV,2013,Alpha Cluster,23939775.0,69113673482.0,2886.9809128114193,9.68,0.404,13.346,,5.778,3.748,0.0,12.053,3.714,9.526
Cote d'Ivoire,CIV,2014,Alpha Cluster,24527393.0,75191536255.0,3065.614688646282,9.903,0.404,2.308,,5.958,3.781,0.0,11.713,3.302,9.739
Cote d'Ivoire,CIV,2015,Alpha Cluster,25246347.0,81840720288.0,3241.6856303210916,9.555,0.378,-3.519,,5.547,3.858,0.0,11.975,3.384,9.405
Cote d'Ivoire,CIV,2016,Alpha Cluster,25989404.0,87711151924.0,3374.8812371380277,11.979,0.461,25.377,,7.024,4.774,0.0,13.12,4.058,11.798
Cote d'Ivoire,CIV,2017,Alpha Cluster,26733376.0,93099253173.0,3482.5101466047536,12.002,0.449,0.187,,7.548,4.313,0.0,12.478,3.521,11.861
Cote d'Ivoire,CIV,2018,Alpha Cluster,27464175.0,96591406762.0,3516.9964785761813,10.415,0.379,-13.22,,6.324,3.994,0.0,11.648,3.485,10.318
Cote d'Ivoire,CIV,2019,Alpha Cluster,28193014.0,104618149506.0,3710.782731707933,10.539,0.374,1.186,,6.188,4.258,0.0,12.126,3.618,10.446
Cote d'Ivoire,CIV,2020,Alpha Cluster,28915452.0,106396657387.0,3679.5778736918933,11.019,0.381,4.553,,6.562,4.367,0.0,12.379,3.748,10.929
Cote d'Ivoire,CIV,2021,Alpha Cluster,29639737.0,113844428305.0,3840.9392197036027,13.666,0.461,24.025,,9.083,4.554,0.0,12.45,3.766,13.637
Cote d'Ivoire,CIV,2022,Alpha Cluster,30395004.0,121471995793.0,3996.446119664929,14.504,0.477,6.136,,9.475,4.982,0.0,12.673,3.853,14.457
Cote d'Ivoire,CIV,2023,Alpha Cluster,31165653.0,,,14.052,0.451,-3.116,,9.06,4.925,0.0,12.817,3.948,13.985
Cote d'Ivoire,CIV,2024,Alpha Cluster,31934229.0,,,14.829,0.464,5.523,,9.413,5.349,0.0,12.992,4.016,14.762
Croatia,HRV,1990,Alpha Cluster,4835067.0,58374079130.0,12073.06519847605,22.885,4.733,5.209,2.982,13.149,4.873,1.086,4.601,3.128,22.09
Croatia,HRV,1991,Alpha Cluster,4825159.0,46751295520.0,9689.068385103994,16.999,3.523,-25.719,1.911,9.568,4.082,0.704,4.397,2.636,16.265
Croatia,HRV,1992,Alpha Cluster,4782235.0,41906545003.0,8762.962297544977,16.379,3.425,-3.649,1.492,9.056,4.312,0.827,4.079,2.81,15.687
Croatia,HRV,1993,Alpha Cluster,4729734.0,39138894948.0,8275.073174939647,16.811,3.554,2.637,1.209,9.288,4.732,0.682,3.999,2.336,15.911
Croatia,HRV,1994,Alpha Cluster,4675517.0,42079800726.0,9000.031595650278,16.055,3.434,-4.5,0.804,9.2,4.392,0.834,3.841,2.371,15.23
Croatia,HRV,1995,Alpha Cluster,4619362.0,45617097590.0,9875.19436450315,16.814,3.64,4.733,0.858,10.537,3.844,0.623,3.744,2.313,15.862
Croatia,HRV,1996,Alpha Cluster,4562290.0,48751845543.0,10685.827850268177,17.338,3.8,3.116,0.682,10.706,4.313,0.683,3.679,2.305,16.384
Croatia,HRV,1997,Alpha Cluster,4504627.0,52770093719.0,11714.64223763699,18.569,4.122,7.098,1.069,11.241,4.546,0.802,3.6,2.636,17.657999999999998
Croatia,HRV,1998,Alpha Cluster,4445669.0,54840833756.0,12335.788776897245,19.04,4.283,2.536,1.018,12.025,4.301,0.861,3.488,2.154,18.205000000000002
Croatia,HRV,1999,Alpha Cluster,4385823.0,55058853604.0,12553.824813267658,20.082,4.579,5.474,0.891,12.785,4.471,1.129,3.568,2.257,19.276
Croatia,HRV,2000,Alpha Cluster,4326105.0,57398794775.0,13268.007774892196,19.653,4.543,-2.139,1.795,11.151,4.562,1.257,3.447,2.416,18.765
Croatia,HRV,2001,Alpha Cluster,4301079.0,57633269426.0,13399.723517284849,20.776,4.83,5.716,1.907,11.605,4.851,1.443,3.547,2.229,19.806
Croatia,HRV,2002,Alpha Cluster,4305783.0,61317061359.0,14240.62972030871,21.916,5.09,5.485,2.318,12.147,5.025,1.424,3.53,2.391,20.914
Croatia,HRV,2003,Alpha Cluster,4306683.0,65731224853.0,15262.610425006902,23.226,5.393,5.981,2.6,13.34,4.905,1.427,3.68,2.299,22.272
Croatia,HRV,2004,Alpha Cluster,4310050.0,69483828958.0,16121.351018665677,22.853,5.302,-1.608,2.77,12.3,5.256,1.51,4.035,2.622,21.836000000000002
Croatia,HRV,2005,Alpha Cluster,4313946.0,73522772944.0,17043.044336669955,23.296,5.4,1.938,2.747,12.851,5.116,1.542,3.829,2.477,22.256
Croatia,HRV,2006,Alpha Cluster,4315802.0,78256427771.0,18132.534293973633,23.496,5.444,0.861,2.555,13.159,5.06,1.635,4.0,2.87,22.409000000000002
Croatia,HRV,2007,Alpha Cluster,4315959.0,83591431787.0,19367.98560574834,24.802,5.747,5.556,2.777,13.442,5.871,1.662,4.194,3.032,23.752000000000002
Croatia,HRV,2008,Alpha Cluster,4314635.0,86620961215.0,20076.080877061442,23.516,5.45,-5.186,2.849,12.447,5.693,1.568,4.039,3.353,22.557
Croatia,HRV,2009,Alpha Cluster,4310537.0,81451695571.0,18895.950915396388,21.752,5.046,-7.499,2.029,12.426,5.256,1.247,4.194,2.247,20.958
Croatia,HRV,2010,Alpha Cluster,4301150.0,81303793822.0,18902.803627401972,20.978,4.877,-3.559,2.738,10.561,5.712,1.21,4.002,2.525,20.221
Croatia,HRV,2011,Alpha Cluster,4280827.0,82302805353.0,19225.912505457472,20.615,4.816,-1.733,2.794,10.42,5.564,1.082,4.08,2.635,19.86
Croatia,HRV,2012,Alpha Cluster,4259233.0,80383800465.0,18872.83472517235,19.05,4.473,-7.59,2.484,9.71,5.195,1.035,3.881,2.324,18.424000000000003
Croatia,HRV,2013,Alpha Cluster,4242403.0,80064089923.0,18872.344264088064,18.401,4.337,-3.405,2.678,9.073,4.912,1.141,3.843,2.168,17.804000000000002
Croatia,HRV,2014,Alpha Cluster,4219485.0,79720242860.0,18893.358516501423,17.65,4.183,-4.083,2.57,8.96,4.305,1.225,3.793,2.16,17.060000000000002
Croatia,HRV,2015,Alpha Cluster,4183732.0,81731110395.0,19535.455520334475,17.794,4.253,0.816,2.376,9.389,4.461,1.169,3.928,2.337,17.395
Croatia,HRV,2016,Alpha Cluster,4136438.0,84640158587.0,20462.088054263113,18.079,4.371,1.604,2.561,9.34,4.729,1.077,3.993,2.224,17.707
Croatia,HRV,2017,Alpha Cluster,4079198.0,87528490789.0,21457.27929583217,18.713,4.587,3.506,1.551,9.982,5.432,1.287,3.989,2.359,18.252
Croatia,HRV,2018,Alpha Cluster,4024868.0,89979865983.0,22355.97937199431,17.695,4.396,-5.443,1.449,9.556,5.042,1.211,3.789,2.364,17.257999999999996
Croatia,HRV,2019,Alpha Cluster,3986338.0,93057982684.0,23344.22788132868,17.82,4.47,0.712,1.678,9.286,5.243,1.184,3.708,2.361,17.391000000000002
Croatia,HRV,2020,Alpha Cluster,3953956.0,85073361985.0,21516.011302351366,16.87,4.267,-5.333,1.424,8.271,5.521,1.213,3.575,2.423,16.429000000000002
Croatia,HRV,2021,Alpha Cluster,3924607.0,96194363488.0,24510.572265707113,17.403,4.434,3.159,1.652,8.725,5.351,1.205,3.489,2.372,16.933
Croatia,HRV,2022,Alpha Cluster,3907031.0,102284645672.0,26179.635040520538,17.585,4.501,1.047,1.613,9.469,4.885,1.099,3.365,2.191,17.066
Croatia,HRV,2023,Alpha Cluster,3896023.0,,,18.468,4.74,5.018,1.378,10.306,5.214,1.118,3.276,2.176,18.016
Croatia,HRV,2024,Alpha Cluster,3875325.0,,,18.465,4.765,-0.015,0.908,11.089,4.932,1.083,3.16,2.124,18.012
Cuba,CUB,1990,Alpha Cluster,10631796.0,49943661000.0,4697.575179207727,29.638,2.788,-17.025,0.55,27.513,0.07,1.505,15.171,6.25,29.638
Cuba,CUB,1991,Alpha Cluster,10717640.0,42598295390.0,3974.5965893610905,26.961,2.516,-9.031,0.161,25.875,0.07,0.855,14.915,5.847,26.961000000000002
Cuba,CUB,1992,Alpha Cluster,10785807.0,36651621015.0,3398.1343273618745,20.754,1.924,-23.021,0.333,19.841,0.04,0.54,14.989,5.565,20.753999999999998
Cuba,CUB,1993,Alpha Cluster,10841040.0,28833506799.0,2659.6624308184455,19.79,1.825,-4.649,0.187,19.042,0.044,0.517,13.939,4.831,19.790000000000003
Cuba,CUB,1994,Alpha Cluster,10886022.0,29226990747.0,2684.818269428447,21.426,1.968,8.27,0.282,20.537,0.037,0.571,14.638,4.663,21.427
Cuba,CUB,1995,Alpha Cluster,10925362.0,31242330737.0,2859.615153896045,22.868,2.093,6.73,0.256,21.852,0.033,0.727,14.321,4.576,22.868000000000002
Cuba,CUB,1996,Alpha Cluster,10962009.0,35625751288.0,3249.9290310745046,23.304,2.126,1.904,0.066,22.482,0.037,0.719,15.171,4.623,23.304
Cuba,CUB,1997,Alpha Cluster,10997933.0,37729137308.0,3430.5662080320003,24.824,2.257,6.523,0.088,23.724,0.07,0.942,15.05,4.75,24.824
Cuba,CUB,1998,Alpha Cluster,11034716.0,37789591716.0,3424.6093615821196,24.309,2.203,-2.076,0.103,23.12,0.231,0.855,14.612,4.591,24.309000000000005
Cuba,CUB,1999,Alpha Cluster,11072230.0,40250898358.0,3635.30186403281,24.489,2.212,0.743,0.117,22.596,0.883,0.893,14.282,4.411,24.489
Cuba,CUB,2000,Alpha Cluster,11109112.0,44692111238.0,4023.0138320686656,25.299,2.277,3.307,0.081,23.307,1.103,0.809,14.312,4.328,25.3
Cuba,CUB,2001,Alpha Cluster,11144134.0,47301967982.0,4244.5620253668885,24.681,2.215,-2.444,0.099,22.64,1.143,0.799,14.091,4.428,24.681
Cuba,CUB,2002,Alpha Cluster,11177422.0,48976944311.0,4381.774644546837,25.179,2.253,2.019,0.088,22.988,1.121,0.982,14.118,4.077,25.179
Cuba,CUB,2003,Alpha Cluster,11209379.0,50659542457.0,4519.388849016525,25.554,2.28,1.49,0.081,23.285,1.264,0.925,14.209,3.847,25.555
Cuba,CUB,2004,Alpha Cluster,11238756.0,51357046933.0,4569.638039387989,24.54,2.183,-3.97,0.092,22.157,1.352,0.94,13.771,3.974,24.541
Cuba,CUB,2005,Alpha Cluster,11262553.0,53114045326.0,4715.986271141188,25.706,2.282,4.753,0.051,23.164,1.425,1.066,13.065,3.727,25.706
Cuba,CUB,2006,Alpha Cluster,11278550.0,61018245782.0,5410.114401407983,26.781,2.375,4.183,0.07,23.493,2.081,1.137,13.389,4.096,26.781
Cuba,CUB,2007,Alpha Cluster,11287274.0,63463487934.0,5622.569978721169,25.724,2.279,-3.948,0.073,22.149,2.338,1.164,13.465,4.088,25.724000000000004
Cuba,CUB,2008,Alpha Cluster,11291764.0,67603097135.0,5986.938545208703,27.738,2.456,7.829,0.092,24.34,2.228,1.079,13.77,4.074,27.739
Cuba,CUB,2009,Alpha Cluster,11294719.0,70355905283.0,6229.097446603143,28.261,2.502,1.884,0.088,24.934,2.217,1.023,14.42,3.67,28.262
Cuba,CUB,2010,Alpha Cluster,11297414.0,74083580619.0,6557.569778269611,33.042,2.925,16.918,0.077,29.979,2.059,0.927,13.834,3.823,33.042
Cuba,CUB,2011,Alpha Cluster,11301578.0,78036992000.0,6904.964244816078,29.076,2.573,-12.004,0.018,26.161,1.957,0.94,14.095,3.873,29.076000000000004
Cuba,CUB,2012,Alpha Cluster,11303172.0,80388156000.0,7111.999711231502,29.476,2.608,1.376,0.015,26.425,1.986,0.954,14.077,3.865,29.380000000000003
Cuba,CUB,2013,Alpha Cluster,11298163.0,83013750000.0,7347.5440210944025,27.894,2.469,-5.367,0.033,24.794,2.045,0.921,14.159,3.963,27.793
Cuba,CUB,2014,Alpha Cluster,11285780.0,85723464000.0,7595.705746523501,27.366,2.425,-1.891,0.004,24.179,2.305,0.713,14.093,4.053,27.201
Cuba,CUB,2015,Alpha Cluster,11275069.0,88467246000.0,7846.270918608126,29.091,2.58,6.303,0.018,25.86,2.389,0.67,13.545,3.975,28.937
Cuba,CUB,2016,Alpha Cluster,11265615.0,88635596816.0,7867.799211671977,27.772,2.465,-4.534,0.007,24.736,2.275,0.672,13.725,3.889,27.69
Cuba,CUB,2017,Alpha Cluster,11247824.0,90020495157.0,8003.369821309438,24.559,2.183,-11.569,0.011,21.878,2.019,0.644,13.289,3.887,24.552
Cuba,CUB,2018,Alpha Cluster,11227116.0,91854653880.0,8181.50038531712,23.019,2.05,-6.269,0.015,20.401,1.861,0.716,13.376,3.837,22.993000000000002
Cuba,CUB,2019,Alpha Cluster,11202847.0,91703236400.0,8185.708186499378,22.487,2.007,-2.313,0.0,19.998,1.825,0.633,13.241,3.815,22.456
Cuba,CUB,2020,Alpha Cluster,11176349.0,81663255167.0,7306.791794619156,21.281,1.904,-5.363,0.004,19.075,1.718,0.457,12.772,3.524,21.254
Cuba,CUB,2021,Alpha Cluster,11122169.0,82687389665.0,7434.46621472844,22.549,2.027,5.959,0.011,20.441,1.656,0.368,12.502,3.4,22.475999999999996
Cuba,CUB,2022,Alpha Cluster,11059822.0,84154971449.0,7609.071054579359,23.259,2.103,3.147,0.004,21.244,1.619,0.306,12.194,3.227,23.173000000000002
Cuba,CUB,2023,Alpha Cluster,11019932.0,,,23.47,2.13,0.91,0.004,21.201,1.847,0.306,12.136,3.199,23.358000000000004
Cuba,CUB,2024,Alpha Cluster,10979781.0,,,24.44,2.226,4.133,0.004,22.015,2.024,0.306,11.732,2.974,24.349000000000004
Curacao,CUW,1990,Alpha Cluster,155750.0,,,4.799,30.813,7.091,0.0,4.799,0.0,0.0,,,4.799
Curacao,CUW,1991,Alpha Cluster,155455.0,,,3.83,24.634,-20.203,0.0,3.83,0.0,0.0,,,3.83
Curacao,CUW,1992,Alpha Cluster,155101.0,,,3.155,20.342,-17.612,0.0,3.155,0.0,0.0,,,3.155
Curacao,CUW,1993,Alpha Cluster,154504.0,,,4.87,31.523,54.368,0.0,4.87,0.0,0.0,,,4.87
Curacao,CUW,1994,Alpha Cluster,153677.0,,,4.669,30.384,-4.128,0.0,4.669,0.0,0.0,,,4.669
Curacao,CUW,1995,Alpha Cluster,152705.0,,,4.621,30.259,-1.042,0.0,4.621,0.0,0.0,,,4.621
Curacao,CUW,1996,Alpha Cluster,151582.0,,,4.322,28.515,-6.456,0.0,4.322,0.0,0.0,,,4.322
Curacao,CUW,1997,Alpha Cluster,150316.0,,,4.523,30.093,4.651,0.0,4.523,0.0,0.0,,,4.523
Curacao,CUW,1998,Alpha Cluster,148874.0,,,0.25,1.677,-94.48,0.0,0.25,0.0,0.0,,,0.25
Curacao,CUW,1999,Alpha Cluster,147276.0,,,1.871,12.704,649.351,0.0,1.871,0.0,0.0,,,1.871
Curacao,CUW,2000,Alpha Cluster,145540.0,,,4.964,34.11,165.338,0.0,4.964,0.0,0.0,,,4.964
Curacao,CUW,2001,Alpha Cluster,144758.0,,,5.055,34.922,1.829,0.0,5.055,0.0,0.0,,,5.055
Curacao,CUW,2002,Alpha Cluster,145911.0,,,4.874,33.401,-3.592,0.0,4.874,0.0,0.0,,,4.874
Curacao,CUW,2003,Alpha Cluster,147923.0,,,4.877,32.969,0.067,0.0,4.877,0.0,0.0,,,4.877
Curacao,CUW,2004,Alpha Cluster,149805.0,,,5.117,34.157,4.92,0.0,5.117,0.0,0.0,,,5.117
Curacao,CUW,2005,Alpha Cluster,151324.0,,,5.071,33.514,-0.887,0.0,5.071,0.0,0.0,,,5.071
Curacao,CUW,2006,Alpha Cluster,152516.0,,,5.285,34.655,4.22,0.0,5.285,0.0,0.0,,,5.285
Curacao,CUW,2007,Alpha Cluster,153672.0,,,5.95,38.72,12.577,0.0,5.95,0.0,0.0,,,5.95
Curacao,CUW,2008,Alpha Cluster,154784.0,,,5.723,36.975,-3.815,0.0,5.723,0.0,0.0,,,5.723
Curacao,CUW,2009,Alpha Cluster,155832.0,,,5.856,37.58,2.323,0.0,5.856,0.0,0.0,,,5.856
Curacao,CUW,2010,Alpha Cluster,156881.0,,,4.034,25.713,-31.118,0.0,4.034,0.0,0.0,,,4.034
Curacao,CUW,2011,Alpha Cluster,158572.0,,,5.146,32.452,27.572,0.0,5.146,0.0,0.0,,,5.146
Curacao,CUW,2012,Alpha Cluster,160904.0,,,6.287,39.076,22.18,,6.287,,0.0,,,6.287
Curacao,CUW,2013,Alpha Cluster,163122.0,,,5.932,36.366,-5.653,,5.932,,0.0,,,5.932
Curacao,CUW,2014,Alpha Cluster,165041.0,,,6.797,41.182,14.577,,6.797,,0.0,,,6.797
Curacao,CUW,2015,Alpha Cluster,166621.0,,,7.332,44.002,7.871,,7.057,0.275,0.0,,,7.332000000000001
Curacao,CUW,2016,Alpha Cluster,167787.0,,,6.203,36.97,-15.392,,5.928,0.275,0.0,,,6.203
Curacao,CUW,2017,Alpha Cluster,168525.0,,,4.968,29.482,-19.905,,4.829,0.139,0.0,,,4.968
Curacao,CUW,2018,Alpha Cluster,181590.0,,,4.324,23.809,-12.979,,4.221,0.103,0.0,,,4.324
Curacao,CUW,2019,Alpha Cluster,189555.0,,,2.396,12.641,-44.576,,2.396,0.0,0.0,,,2.396
Curacao,CUW,2020,Alpha Cluster,185029.0,,,2.008,10.852,-16.208,,2.008,,0.0,,,2.008
Curacao,CUW,2021,Alpha Cluster,185324.0,,,2.14,11.546,6.569,,2.14,,0.0,,,2.14
Curacao,CUW,2022,Alpha Cluster,185350.0,,,2.209,11.92,3.253,,2.209,,0.0,,,2.209
Curacao,CUW,2023,Alpha Cluster,185437.0,,,2.205,11.89,-0.202,,2.205,,0.0,,,2.205
Curacao,CUW,2024,Alpha Cluster,185482.0,,,2.29,12.344,3.842,,2.29,,0.0,,,2.29
Cyprus,CYP,1990,Alpha Cluster,788355.0,10601790424.0,13447.990339377564,4.648,5.896,4.922,0.232,3.697,0.002,0.668,0.4,0.309,4.599
Cyprus,CYP,1991,Alpha Cluster,798950.0,10802933313.0,13521.413496464109,5.136,6.429,10.507,0.232,4.227,0.001,0.629,0.405,0.312,5.089
Cyprus,CYP,1992,Alpha Cluster,810344.0,11948250048.0,14744.664053784565,5.509,6.798,7.257,0.062,4.718,0.002,0.686,0.412,0.355,5.468
Cyprus,CYP,1993,Alpha Cluster,826042.0,12173586499.0,14737.248831173234,5.753,6.964,4.428,0.074,4.882,0.002,0.747,0.422,0.357,5.704999999999999
Cyprus,CYP,1994,Alpha Cluster,844669.0,13051263000.0,15451.334191263086,5.995,7.097,4.21,0.065,5.101,0.002,0.784,0.44,0.356,5.952
Cyprus,CYP,1995,Alpha Cluster,862698.0,14530339515.0,16842.903907276937,5.866,6.799,-2.156,0.048,5.022,0.002,0.751,0.448,0.356,5.823
Cyprus,CYP,1996,Alpha Cluster,880295.0,14861081660.0,16881.933510925315,6.216,7.061,5.965,0.043,5.319,0.001,0.811,0.457,0.37,6.174
Cyprus,CYP,1997,Alpha Cluster,897574.0,15384666855.0,17140.27685182503,6.302,7.022,1.395,0.045,5.437,0.001,0.78,0.457,0.35,6.263000000000001
Cyprus,CYP,1998,Alpha Cluster,914552.0,16341391926.0,17868.193307761616,6.597,7.213,4.672,0.062,5.757,0.001,0.74,0.462,0.36,6.5600000000000005
Cyprus,CYP,1999,Alpha Cluster,931235.0,17289794170.0,18566.520985572923,6.863,7.37,4.041,0.072,6.009,0.001,0.74,0.464,0.363,6.822000000000001
Cyprus,CYP,2000,Alpha Cluster,947667.0,18447964503.0,19466.716159790307,7.107,7.499,3.547,0.117,6.185,0.002,0.763,0.47,0.349,7.066999999999999
Cyprus,CYP,2001,Alpha Cluster,964129.0,19289559263.0,20007.238930682513,6.98,7.239,-1.79,0.127,6.066,0.0,0.745,0.488,0.366,6.938
Cyprus,CYP,2002,Alpha Cluster,981443.0,20131146271.0,20511.783436226047,7.172,7.308,2.755,0.127,6.226,0.0,0.766,0.506,0.384,7.119
Cyprus,CYP,2003,Alpha Cluster,999600.0,20821863547.0,20830.1956252501,7.561,7.564,5.422,0.127,6.612,0.001,0.751,0.496,0.388,7.4910000000000005
Cyprus,CYP,2004,Alpha Cluster,1017875.0,21975893073.0,21589.972317818985,7.787,7.65,2.993,0.137,6.764,0.001,0.808,0.487,0.372,7.71
Cyprus,CYP,2005,Alpha Cluster,1036156.0,23006188640.0,22203.402422029114,7.952,7.674,2.113,0.152,6.938,0.001,0.788,0.473,0.357,7.8790000000000004
Cyprus,CYP,2006,Alpha Cluster,1054424.0,24267407225.0,23014.847181968544,8.183,7.761,2.911,0.151,7.129,0.001,0.821,0.481,0.357,8.102
Cyprus,CYP,2007,Alpha Cluster,1072727.0,25673703212.0,23933.11924842015,8.475,7.9,3.568,0.119,7.457,0.001,0.812,0.489,0.359,8.389
Cyprus,CYP,2008,Alpha Cluster,1091029.0,26913613219.0,24668.100682016702,8.692,7.966,2.555,0.111,7.679,0.001,0.818,0.494,0.348,8.609
Cyprus,CYP,2009,Alpha Cluster,1109377.0,26682210733.0,24051.526877698023,8.438,7.606,-2.918,0.059,7.651,0.001,0.673,0.491,0.36,8.384
Cyprus,CYP,2010,Alpha Cluster,1127826.0,27285556934.0,24193.05543053627,8.072,7.157,-4.34,0.071,7.41,0.001,0.555,0.924,0.374,8.037
Cyprus,CYP,2011,Alpha Cluster,1146493.0,27627899267.0,24097.747885944354,7.792,6.797,-3.462,0.031,7.189,0.001,0.546,0.913,0.365,7.767
Cyprus,CYP,2012,Alpha Cluster,1165403.0,26675451028.0,22889.46487009215,7.262,6.231,-6.81,0.001,6.732,0.001,0.505,0.843,0.361,7.239000000000001
Cyprus,CYP,2013,Alpha Cluster,1183899.0,24918237857.0,21047.604446832036,6.578,5.556,-9.412,0.001,5.811,0.001,0.752,0.806,0.331,6.565
Cyprus,CYP,2014,Alpha Cluster,1201806.0,24475580582.0,20365.666823097905,6.93,5.766,5.345,0.009,5.934,0.0,0.974,0.801,0.322,6.917000000000001
Cyprus,CYP,2015,Alpha Cluster,1219504.0,25312505108.0,20756.39367152547,6.952,5.701,0.327,0.015,6.049,0.0,0.877,0.823,0.341,6.941
Cyprus,CYP,2016,Alpha Cluster,1237114.0,26976335005.0,21805.86025620921,7.35,5.941,5.717,0.002,6.451,0.0,0.883,0.853,0.343,7.335999999999999
Cyprus,CYP,2017,Alpha Cluster,1254274.0,28523085691.0,22740.713505183077,7.469,5.955,1.624,0.012,6.518,0.0,0.923,0.871,0.354,7.452999999999999
Cyprus,CYP,2018,Alpha Cluster,1270743.0,30134014224.0,23713.696808874807,7.324,5.764,-1.942,0.054,6.402,0.0,0.848,1.234,0.357,7.304
Cyprus,CYP,2019,Alpha Cluster,1286669.0,31800247242.0,24715.173243468213,7.324,5.693,0.004,0.068,6.442,0.0,0.789,1.741,0.366,7.2989999999999995
Cyprus,CYP,2020,Alpha Cluster,1302250.0,30409793367.0,23351.73228412363,6.903,5.301,-5.752,0.056,5.945,0.0,0.882,1.695,0.376,6.883
Cyprus,CYP,2021,Alpha Cluster,1317311.0,32428676744.0,24617.327832227926,6.951,5.276,0.69,0.159,5.894,0.0,0.879,1.871,0.373,6.932
Cyprus,CYP,2022,Alpha Cluster,1331376.0,34255009922.0,25729.027654096215,7.071,5.311,1.726,0.123,6.047,0.0,0.88,2.052,0.36,7.05
Cyprus,CYP,2023,Alpha Cluster,1344981.0,,,7.188,5.344,1.659,0.101,6.126,0.0,0.938,2.294,0.363,7.165
Cyprus,CYP,2024,Alpha Cluster,1358287.0,,,7.299,5.374,1.548,0.057,6.282,0.0,0.938,2.37,0.361,7.277
Czechia,CZE,1990,Alpha Cluster,10301989.0,146168284839.0,14188.355747516329,164.252,15.944,-4.708,123.419,22.471,12.564,2.489,20.061,9.52,160.94299999999998
Czechia,CZE,1991,Alpha Cluster,10304420.0,130499462994.0,12664.41614316963,148.886,14.449,-9.355,112.711,19.764,12.294,2.309,19.043,7.646,147.078
Czechia,CZE,1992,Alpha Cluster,10312449.0,131496641304.0,12751.252520521555,145.708,14.129,-2.135,105.791,21.152,14.721,2.468,17.526,7.53,144.13199999999998
Czechia,CZE,1993,Alpha Cluster,10320404.0,133342958573.0,12920.323523478344,140.126,13.578,-3.831,100.747,20.343,15.317,2.195,16.866,7.058,138.602
Czechia,CZE,1994,Alpha Cluster,10322332.0,139002246482.0,13466.166994241225,132.67,12.853,-5.321,94.922,19.745,14.225,2.208,15.492,7.628,131.1
Czechia,CZE,1995,Alpha Cluster,10312041.0,149541611781.0,14501.650234032235,131.624,12.764,-0.789,94.834,17.604,15.63,2.005,15.039,7.812,130.073
Czechia,CZE,1996,Alpha Cluster,10296140.0,157900113788.0,15335.855358221625,135.019,13.114,2.58,95.219,17.985,18.041,2.116,15.351,8.387,133.36100000000002
Czechia,CZE,1997,Alpha Cluster,10280049.0,158827904845.0,15450.11165267792,130.942,12.737,-3.02,90.923,17.635,18.435,2.083,15.109,8.209,129.07600000000002
Czechia,CZE,1998,Alpha Cluster,10265430.0,160364287569.0,15621.779854229195,125.717,12.247,-3.99,83.666,19.533,18.424,2.068,14.407,8.346,123.69099999999999
Czechia,CZE,1999,Alpha Cluster,10251385.0,164728010192.0,16068.854129661504,116.669,11.381,-7.197,75.616,18.559,18.475,1.963,13.964,8.802,114.613
Czechia,CZE,2000,Alpha Cluster,10236809.0,174309526192.0,17027.720864187268,127.233,12.429,9.055,86.836,18.139,18.134,1.937,14.12,9.931,125.04599999999999
Czechia,CZE,2001,Alpha Cluster,10231942.0,181753179328.0,17763.3121188529,127.165,12.428,-0.054,84.798,19.236,19.3,1.629,14.164,9.737,124.96300000000001
Czechia,CZE,2002,Alpha Cluster,10239474.0,187044887124.0,18267.04058470191,123.988,12.109,-2.498,82.673,19.177,18.539,1.403,14.02,8.241,121.792
Czechia,CZE,2003,Alpha Cluster,10248907.0,196328003846.0,19155.994277828846,127.592,12.449,2.906,83.968,20.924,18.974,1.485,14.109,7.974,125.351
Czechia,CZE,2004,Alpha Cluster,10261453.0,208725903761.0,20340.774718843422,128.314,12.504,0.566,83.408,21.916,19.12,1.627,14.05,7.813,126.071
Czechia,CZE,2005,Alpha Cluster,10280155.0,225302570264.0,21916.261988656785,125.713,12.229,-2.026,80.604,22.518,18.759,1.625,13.778,7.579,123.506
Czechia,CZE,2006,Alpha Cluster,10304592.0,243991794814.0,23677.967532727158,126.533,12.279,0.652,81.885,22.236,18.415,1.748,13.785,7.333,124.284
Czechia,CZE,2007,Alpha Cluster,10337539.0,260673045889.0,25216.16081825665,128.364,12.417,1.447,83.628,22.976,17.459,2.043,13.711,7.383,126.10600000000001
Czechia,CZE,2008,Alpha Cluster,10378298.0,271709547503.0,26180.549787932472,122.928,11.845,-4.235,78.66,22.808,17.298,1.996,13.74,6.981,120.76199999999999
Czechia,CZE,2009,Alpha Cluster,10420985.0,261919697582.0,25133.871470115348,114.972,11.033,-6.472,73.287,21.89,16.315,1.566,13.49,6.767,113.058
Czechia,CZE,2010,Alpha Cluster,10464035.0,271231988282.0,25920.401478206066,117.464,11.226,2.167,74.554,21.02,18.398,1.469,13.68,6.698,115.44099999999999
Czechia,CZE,2011,Alpha Cluster,10495508.0,279082754736.0,26590.685723454262,115.178,10.974,-1.946,73.749,20.802,16.825,1.665,13.646,6.856,113.041
Czechia,CZE,2012,Alpha Cluster,10507339.0,276891945353.0,26352.24249955198,111.276,10.59,-3.388,70.768,20.305,16.624,1.517,13.69,7.145,109.214
Czechia,CZE,2013,Alpha Cluster,10511164.0,276764861619.0,26330.56259221148,106.71,10.152,-4.103,66.87,19.66,16.826,1.332,13.067,7.108,104.68799999999999
Czechia,CZE,2014,Alpha Cluster,10517223.0,283025537919.0,26910.671944390644,104.233,9.911,-2.322,64.905,20.702,15.113,1.483,12.76,7.288,102.203
Czechia,CZE,2015,Alpha Cluster,10524418.0,298276052489.0,28341.33464567827,104.99,9.976,0.726,64.322,21.211,15.909,1.558,12.702,7.69,103.00000000000001
Czechia,CZE,2016,Alpha Cluster,10531946.0,305844147713.0,29039.661588940922,106.636,10.125,1.568,64.728,21.24,17.008,1.698,12.629,7.658,104.67399999999998
Czechia,CZE,2017,Alpha Cluster,10541343.0,321652381589.0,30513.41575632251,107.736,10.22,1.031,64.307,22.011,17.713,1.728,12.678,7.333,105.759
Czechia,CZE,2018,Alpha Cluster,10548934.0,332009886797.0,31473.31159688742,106.322,10.079,-1.312,63.573,22.221,16.641,1.868,12.542,7.153,104.303
Czechia,CZE,2019,Alpha Cluster,10554872.0,342069373423.0,32408.67093632211,100.997,9.569,-5.008,57.468,22.341,17.361,1.977,12.616,6.897,99.147
Czechia,CZE,2020,Alpha Cluster,10550129.0,323245433506.0,30639.002945461616,91.661,8.688,-9.244,49.727,20.963,17.431,1.891,12.274,6.313,90.012
Czechia,CZE,2021,Alpha Cluster,10530683.0,334729441747.0,31786.109385972402,96.629,9.176,5.42,51.406,22.437,19.045,1.958,12.581,6.74,94.846
Czechia,CZE,2022,Alpha Cluster,10673216.0,342966849621.0,32133.41223685532,95.04,8.905,-1.645,52.909,22.765,15.805,1.847,12.718,6.937,93.32600000000001
Czechia,CZE,2023,Alpha Cluster,10809722.0,,,83.232,7.7,-12.424,43.042,23.309,14.059,1.483,12.526,6.581,81.893
Czechia,CZE,2024,Alpha Cluster,10735857.0,,,75.623,7.044,-9.142,34.352,24.407,14.041,1.483,12.622,6.691,74.283
Democratic Republic of Congo,COD,1990,Alpha Cluster,36684065.0,31745582566.0,865.3779935784107,4.249,0.116,-2.367,0.89,3.169,0.0,0.189,26.008,15.686,4.248
Democratic Republic of Congo,COD,1991,Alpha Cluster,37925828.0,29817690890.0,786.2106765342078,3.133,0.083,-26.274,0.0,3.03,0.0,0.102,25.842,15.235,3.1319999999999997
Democratic Republic of Congo,COD,1992,Alpha Cluster,39228908.0,27407295375.0,698.650479258816,2.808,0.072,-10.355,0.0,2.737,0.0,0.071,25.756,15.902,2.8080000000000003
Democratic Republic of Congo,COD,1993,Alpha Cluster,40656338.0,24338479562.0,598.6392468992166,2.662,0.065,-5.195,0.0,2.601,0.0,0.061,25.639,17.146,2.662
Democratic Republic of Congo,COD,1994,Alpha Cluster,42626873.0,23485765006.0,550.9614792996897,2.751,0.065,3.33,0.0,1.63,0.0,0.068,25.976,15.137,1.698
Democratic Republic of Congo,COD,1995,Alpha Cluster,44433718.0,24780657990.0,557.6994027373537,3.096,0.07,12.548,0.0,2.008,0.0,0.096,26.815,15.071,2.104
Democratic Republic of Congo,COD,1996,Alpha Cluster,45296125.0,24914388506.0,550.033551567601,3.473,0.077,12.159,0.0,2.213,0.0,0.098,24.254,13.201,2.311
Democratic Republic of Congo,COD,1997,Alpha Cluster,46029907.0,23716345473.0,515.2377447340921,3.089,0.067,-11.035,0.0,1.825,0.0,0.051,23.949,12.256,1.876
Democratic Republic of Congo,COD,1998,Alpha Cluster,47297595.0,23460462170.0,496.01807808621135,2.733,0.058,-11.528,0.0,1.601,0.0,0.054,24.252,13.392,1.655
Democratic Republic of Congo,COD,1999,Alpha Cluster,48912972.0,23134197386.0,472.9665043866073,2.199,0.045,-19.531,0.0,1.253,0.0,0.064,23.156,12.525,1.317
Democratic Republic of Congo,COD,2000,Alpha Cluster,50507445.0,21854113779.0,432.6909385141141,1.705,0.034,-22.492,0.0,0.824,0.0,0.068,24.026,14.414,0.8919999999999999
Democratic Republic of Congo,COD,2001,Alpha Cluster,52132646.0,21977293171.0,421.5648898964384,1.647,0.032,-3.36,0.0,0.689,0.0,0.081,24.63,12.651,0.7699999999999999
Democratic Republic of Congo,COD,2002,Alpha Cluster,53750529.0,23244764997.0,432.4564879538209,1.734,0.032,5.259,0.005,0.744,0.0,0.106,27.354,14.202,0.855
Democratic Republic of Congo,COD,2003,Alpha Cluster,55343873.0,25228484809.0,455.849644078939,2.096,0.038,20.875,0.002,0.905,0.0,0.132,28.864,15.587,1.0390000000000001
Democratic Republic of Congo,COD,2004,Alpha Cluster,56997740.0,27653538438.0,485.16903368449346,2.028,0.036,-3.253,0.006,0.989,0.0,0.16,30.157,16.677,1.155
Democratic Republic of Congo,COD,2005,Alpha Cluster,58775726.0,30164653557.0,513.2161797031653,2.287,0.039,12.797,0.023,1.238,0.0,0.207,30.063,16.436,1.468
Democratic Republic of Congo,COD,2006,Alpha Cluster,60615909.0,32708306949.0,539.5993805685566,2.352,0.039,2.812,0.02,1.326,0.022,0.204,30.732,16.836,1.572
Democratic Republic of Congo,COD,2007,Alpha Cluster,62477753.0,35814302298.0,573.2328801581581,2.623,0.042,11.534,0.03,1.447,0.044,0.205,29.934,14.895,1.7260000000000002
Democratic Republic of Congo,COD,2008,Alpha Cluster,64390658.0,39245769597.0,609.4947748010278,2.685,0.042,2.369,0.034,1.608,0.044,0.158,30.899,15.757,1.844
Democratic Republic of Congo,COD,2009,Alpha Cluster,66412038.0,41718890407.0,628.1826557859887,2.446,0.037,-8.907,0.024,1.473,0.044,0.177,30.869,15.711,1.7180000000000002
Democratic Republic of Congo,COD,2010,Alpha Cluster,68563038.0,46223524668.0,674.1755618821908,2.735,0.04,11.834,0.037,1.729,0.044,0.189,32.206,16.326,1.999
Democratic Republic of Congo,COD,2011,Alpha Cluster,70849311.0,51169100367.0,722.2243892675258,3.041,0.043,11.173,0.029,2.22,0.044,0.175,31.903,15.584,2.468
Democratic Republic of Congo,COD,2012,Alpha Cluster,73254623.0,55604951736.0,759.0640625643517,2.797,0.038,-8.014,0.033,2.198,0.0,0.158,38.701,15.138,2.389
Democratic Republic of Congo,COD,2013,Alpha Cluster,75789397.0,60956372609.0,804.2862857056377,3.921,0.052,40.173,0.013,3.364,0.0,0.174,40.912,16.115,3.5509999999999997
Democratic Republic of Congo,COD,2014,Alpha Cluster,78403248.0,65407411596.0,834.2436476101092,5.066,0.065,29.198,0.017,4.499,0.004,0.128,42.105,15.839,4.648
Democratic Republic of Congo,COD,2015,Alpha Cluster,81035532.0,69567321729.0,858.479237589259,3.274,0.04,-35.365,0.034,2.686,0.004,0.155,43.665,16.475,2.8789999999999996
Democratic Republic of Congo,COD,2016,Alpha Cluster,83956416.0,69841412960.0,831.8770177135717,2.659,0.032,-18.781,0.039,2.129,0.0,0.098,44.622,16.615,2.266
Democratic Republic of Congo,COD,2017,Alpha Cluster,87083400.0,72396212035.0,831.343425210775,2.92,0.034,9.808,0.049,2.172,0.001,0.349,46.828,16.95,2.5709999999999997
Democratic Republic of Congo,COD,2018,Alpha Cluster,90047647.0,75889338637.0,842.7687026291759,3.774,0.042,29.243,0.084,2.943,0.001,0.453,45.545,15.858,3.481
Democratic Republic of Congo,COD,2019,Alpha Cluster,92947450.0,79292965259.0,853.0945739662573,4.118,0.044,9.112,0.044,3.162,0.001,0.536,46.822,16.374,3.743
Democratic Republic of Congo,COD,2020,Alpha Cluster,95990000.0,80617953765.0,839.8578369100948,4.305,0.045,4.534,0.025,3.345,0.0,0.498,48.027,16.643,3.8680000000000003
Democratic Republic of Congo,COD,2021,Alpha Cluster,99148930.0,85639643645.0,863.7475325754903,4.292,0.043,-0.292,0.034,3.203,0.0,0.631,48.913,16.931,3.8679999999999994
Democratic Republic of Congo,COD,2022,Alpha Cluster,102396974.0,91314988450.0,891.7742867089022,5.892,0.058,37.28,0.053,4.63,0.0,0.822,50.459,17.211,5.505
Democratic Republic of Congo,COD,2023,Alpha Cluster,105789733.0,,,5.881,0.056,-0.191,0.07,4.776,0.0,0.822,51.204,17.298,5.668
Democratic Republic of Congo,COD,2024,Alpha Cluster,109276264.0,,,5.904,0.054,0.397,0.065,4.843,0.0,0.822,52.444,17.617,5.73
Denmark,DNK,1990,Alpha Cluster,5141024.0,151205742035.0,29411.600108266368,53.477,10.402,9.842,24.005,23.187,4.35,0.775,10.319,7.227,52.317
Denmark,DNK,1991,Alpha Cluster,5154346.0,154212932867.0,29919.01064984772,64.105,12.437,19.873,32.57,24.287,4.917,0.993,10.465,7.11,62.767
Denmark,DNK,1992,Alpha Cluster,5171372.0,158125301722.0,30577.05029187612,58.327,11.279,-9.013,27.133,23.621,5.167,1.129,10.444,6.659,57.05
Denmark,DNK,1993,Alpha Cluster,5188638.0,159069870418.0,30657.34599677218,60.574,11.674,3.853,28.451,23.998,5.851,1.143,10.547,6.696,59.443
Denmark,DNK,1994,Alpha Cluster,5206188.0,168493895001.0,32364.158766644618,64.673,12.422,6.768,30.578,25.165,6.546,1.168,10.287,6.613,63.456999999999994
Denmark,DNK,1995,Alpha Cluster,5233364.0,174484978091.0,33340.88324278609,61.653,11.781,-4.669,25.6,26.024,7.574,1.243,10.2,6.622,60.441
Denmark,DNK,1996,Alpha Cluster,5263071.0,180654110941.0,34324.84778202688,74.9,14.231,21.485,35.137,28.364,8.909,1.313,10.099,6.633,73.72300000000001
Denmark,DNK,1997,Alpha Cluster,5285041.0,187647333700.0,35505.369532611,65.438,12.382,-12.633,26.15,27.143,9.375,1.312,9.989,6.566,63.98
Denmark,DNK,1998,Alpha Cluster,5304263.0,192859238471.0,36359.290342692286,61.238,11.545,-6.418,22.219,26.393,10.186,1.39,9.897,6.384,60.188
Denmark,DNK,1999,Alpha Cluster,5321814.0,199699305568.0,37524.66838713266,58.653,11.021,-4.222,18.672,26.258,10.711,1.355,9.67,6.302,56.995999999999995
Denmark,DNK,2000,Alpha Cluster,5339659.0,208333676429.0,39016.28857367109,54.307,10.17,-7.41,15.657,25.366,10.64,1.385,9.599,6.308,53.047999999999995
Denmark,DNK,2001,Alpha Cluster,5358825.0,211243390442.0,39419.72175654178,55.897,10.431,2.928,16.558,25.608,11.105,1.388,9.866,6.132,54.659
Denmark,DNK,2002,Alpha Cluster,5375967.0,213517288371.0,39717.00130804374,55.554,10.334,-0.612,16.537,25.32,11.096,1.416,9.659,5.917,54.369
Denmark,DNK,2003,Alpha Cluster,5390621.0,215549132167.0,39985.95563794969,60.645,11.25,9.164,22.573,24.394,11.214,1.33,9.6,6.065,59.510999999999996
Denmark,DNK,2004,Alpha Cluster,5404594.0,222528951750.0,41174.0367084003,55.1,10.195,-9.144,17.281,24.072,11.154,1.459,9.341,5.511,53.965999999999994
Denmark,DNK,2005,Alpha Cluster,5419550.0,229074701412.0,42268.2144111596,51.535,9.509,-6.47,14.602,23.886,10.69,1.363,9.249,5.428,50.541
Denmark,DNK,2006,Alpha Cluster,5437425.0,239411013967.0,44030.21907741256,59.5,10.943,15.456,22.006,24.231,10.882,1.395,9.211,5.054,58.514
Denmark,DNK,2007,Alpha Cluster,5461604.0,242913735233.0,44476.62906959201,54.709,10.017,-8.052,18.422,24.169,9.738,1.407,9.348,5.071,53.736000000000004
Denmark,DNK,2008,Alpha Cluster,5493762.0,243090598807.0,44248.47650972139,51.256,9.33,-6.312,16.134,23.317,9.826,1.155,9.095,5.175,50.432
Denmark,DNK,2009,Alpha Cluster,5523169.0,232507363099.0,42096.7316225522,48.851,8.845,-4.692,15.784,22.296,9.412,0.764,8.904,5.017,48.256
Denmark,DNK,2010,Alpha Cluster,5547865.0,238190225279.0,42933.673634632425,49.19,8.866,0.692,15.351,21.946,10.555,0.672,9.205,4.986,48.524
Denmark,DNK,2011,Alpha Cluster,5570848.0,242757622888.0,43576.42191781216,44.237,7.941,-10.069,12.915,20.915,8.972,0.862,9.08,4.946,43.664
Denmark,DNK,2012,Alpha Cluster,5591911.0,243307499552.0,43510.617309896385,39.861,7.128,-9.891,10.078,19.952,8.404,0.871,9.003,4.962,39.305
Denmark,DNK,2013,Alpha Cluster,5615333.0,245578374484.0,43733.537171170436,41.763,7.437,4.771,12.755,19.574,7.929,0.867,9.632,4.866,41.125
Denmark,DNK,2014,Alpha Cluster,5643795.0,249555233739.0,44217.6290490707,37.571,6.657,-10.037,10.143,19.085,6.81,0.887,9.603,5.014,36.925000000000004
Denmark,DNK,2015,Alpha Cluster,5683698.0,255401297489.0,44935.76145125937,35.111,6.177,-6.55,7.242,19.471,6.905,0.932,9.9,5.165,34.550000000000004
Denmark,DNK,2016,Alpha Cluster,5728196.0,263691544304.0,46033.959784895625,36.917,6.445,5.144,8.413,19.751,7.009,1.095,10.133,5.222,36.268
Denmark,DNK,2017,Alpha Cluster,5765164.0,271132202845.0,47029.39983060326,34.665,6.013,-6.1,6.253,19.918,6.676,1.194,10.186,5.254,34.041000000000004
Denmark,DNK,2018,Alpha Cluster,5793824.0,276526484620.0,47727.80198708142,34.609,5.973,-0.161,6.362,19.968,6.483,1.16,10.388,5.006,33.97299999999999
Denmark,DNK,2019,Alpha Cluster,5814618.0,280656364923.0,48267.37799852028,30.95,5.323,-10.571,3.588,19.686,6.024,1.129,10.582,5.129,30.427000000000003
Denmark,DNK,2020,Alpha Cluster,5831529.0,275058379473.0,47167.454620049044,28.3,4.853,-8.564,3.166,18.579,4.799,1.227,10.602,5.238,27.771
Denmark,DNK,2021,Alpha Cluster,5856774.0,288414406840.0,49244.58530242075,29.604,5.055,4.607,4.207,18.827,4.808,1.21,10.62,5.015,29.052000000000003
Denmark,DNK,2022,Alpha Cluster,5902901.0,299429011832.0,50725.73838388955,29.094,4.929,-1.72,4.133,19.869,3.468,1.073,10.226,4.875,28.543
Denmark,DNK,2023,Alpha Cluster,5948134.0,,,28.831,4.847,-0.904,2.633,21.139,3.526,0.982,10.34,4.783,28.279999999999998
Denmark,DNK,2024,Alpha Cluster,5977417.0,,,28.369,4.746,-1.603,1.803,21.477,3.556,0.982,10.216,4.691,27.818
Djibouti,DJI,1990,Alpha Cluster,579544.0,1151692000.0,1987.238242480295,0.297,0.512,-23.585,,0.297,,,0.724,0.208,0.297
Djibouti,DJI,1991,Alpha Cluster,631096.0,1111365143.0,1761.0080605803237,0.3,0.476,1.235,,0.3,,,0.735,0.216,0.3
Djibouti,DJI,1992,Alpha Cluster,626016.0,1171473816.0,1871.3160941573378,0.304,0.486,1.22,,0.304,,,0.756,0.213,0.304
Djibouti,DJI,1993,Alpha Cluster,614247.0,1223279012.0,1991.5099495805434,0.304,0.495,0.0,,0.304,,,0.787,0.216,0.304
Djibouti,DJI,1994,Alpha Cluster,626717.0,1189922913.0,1898.6606602342047,0.3,0.479,-1.205,,0.3,,,0.787,0.224,0.3
Djibouti,DJI,1995,Alpha Cluster,633075.0,1251123077.0,1976.263597520041,0.311,0.492,3.659,,0.311,,,0.834,0.239,0.311
Djibouti,DJI,1996,Alpha Cluster,648354.0,1182573365.0,1823.9624726615398,0.304,0.469,-2.353,,0.304,,,0.855,0.248,0.304
Djibouti,DJI,1997,Alpha Cluster,671826.0,1231663949.0,1833.3079532497998,0.333,0.496,9.639,,0.333,,,0.871,0.249,0.333
Djibouti,DJI,1998,Alpha Cluster,699355.0,1226205283.0,1753.3374080402657,0.388,0.555,16.484,,0.388,,,0.888,0.253,0.388
Djibouti,DJI,1999,Alpha Cluster,724228.0,1247108046.0,1721.9826435873786,0.388,0.536,0.0,,0.388,,,0.935,0.263,0.388
Djibouti,DJI,2000,Alpha Cluster,747326.0,1258388183.0,1683.8544129335792,0.366,0.49,-5.66,,0.366,,,0.944,0.256,0.366
Djibouti,DJI,2001,Alpha Cluster,771311.0,1279069473.0,1658.3057586369182,0.366,0.475,0.0,,0.366,,,0.938,0.256,0.366
Djibouti,DJI,2002,Alpha Cluster,795576.0,1306309835.0,1641.9673733244845,0.399,0.502,9.0,,0.399,,,0.944,0.257,0.399
Djibouti,DJI,2003,Alpha Cluster,813528.0,1344454879.0,1652.6227480799678,0.421,0.518,5.505,,0.421,,,0.96,0.258,0.421
Djibouti,DJI,2004,Alpha Cluster,826133.0,1377810002.0,1667.7823086597436,0.407,0.492,-3.478,,0.407,,,0.975,0.26,0.407
Djibouti,DJI,2005,Alpha Cluster,839174.0,1416452247.0,1687.9124555813216,0.414,0.493,1.802,,0.414,,,0.988,0.261,0.414
Djibouti,DJI,2006,Alpha Cluster,855767.0,1590366862.0,1858.4110651614283,0.414,0.484,0.0,,0.414,,,1.0,0.258,0.414
Djibouti,DJI,2007,Alpha Cluster,874530.0,1662836538.0,1901.4059414771364,0.454,0.52,9.735,,0.454,,,1.01,0.26,0.454
Djibouti,DJI,2008,Alpha Cluster,892739.0,1746582380.0,1956.43114056852,0.495,0.554,8.871,,0.495,,,1.043,0.262,0.495
Djibouti,DJI,2009,Alpha Cluster,911524.0,1828090863.0,2005.5323425384302,0.443,0.486,-10.37,,0.443,,0.0,1.013,0.262,0.443
Djibouti,DJI,2010,Alpha Cluster,930252.0,1885010108.0,2026.3435155205257,0.517,0.555,16.529,,0.517,,0.0,1.006,0.263,0.517
Djibouti,DJI,2011,Alpha Cluster,948565.0,1960630000.0,2066.9432247658306,0.315,0.332,-39.007,,0.315,,0.0,1.02,0.26,0.315
Djibouti,DJI,2012,Alpha Cluster,966754.0,2054196000.0,2124.8383766707975,0.293,0.303,-6.977,,0.293,,0.0,1.039,0.266,0.293
Djibouti,DJI,2013,Alpha Cluster,984833.0,2157408000.0,2190.6333358041416,0.381,0.387,29.919,,0.322,,0.058,1.055,0.266,0.38
Djibouti,DJI,2014,Alpha Cluster,1002720.0,2286630000.0,2280.427237912877,0.418,0.416,9.663,,0.352,,0.066,1.072,0.267,0.418
Djibouti,DJI,2015,Alpha Cluster,1020316.0,2435148000.0,2386.6606031856795,0.505,0.495,20.905,,0.451,,0.054,1.072,0.266,0.505
Djibouti,DJI,2016,Alpha Cluster,1037660.0,2612607480.0,2517.787599020874,0.428,0.412,-15.281,,0.377,,0.05,1.121,0.268,0.427
Djibouti,DJI,2017,Alpha Cluster,1054844.0,2767106002.0,2623.2371819908917,0.414,0.392,-3.278,,0.352,,0.062,1.133,0.267,0.414
Djibouti,DJI,2018,Alpha Cluster,1071886.0,2924431711.0,2728.3047926738477,0.472,0.44,13.964,,0.385,,0.087,1.137,0.27,0.472
Djibouti,DJI,2019,Alpha Cluster,1088710.0,3086593147.0,2835.0921246245557,0.54,0.496,14.57,,0.443,,0.097,1.153,0.268,0.54
Djibouti,DJI,2020,Alpha Cluster,1105193.0,3123694253.0,2826.3789700079533,0.463,0.419,-14.282,,0.37,,0.093,1.169,0.27,0.46299999999999997
Djibouti,DJI,2021,Alpha Cluster,1121251.0,3274020536.0,2919.971117974477,0.558,0.497,20.419,,0.41,,0.147,1.176,0.269,0.5569999999999999
Djibouti,DJI,2022,Alpha Cluster,1137101.0,3395681646.0,2986.2621227138134,0.55,0.484,-1.296,,0.364,,0.186,1.195,0.268,0.55
Djibouti,DJI,2023,Alpha Cluster,1152951.0,,,0.558,0.484,1.303,,0.372,,0.186,1.206,0.268,0.558
Djibouti,DJI,2024,Alpha Cluster,1168726.0,,,0.564,0.483,1.17,,0.378,,0.186,1.22,0.269,0.5640000000000001
Dominica,DMA,1990,Alpha Cluster,69644.0,275730000.0,3959.1350295790016,0.059,0.842,0.0,,0.059,,0.0,0.051,0.023,0.059
Dominica,DMA,1991,Alpha Cluster,69321.0,285879709.0,4123.998629563913,0.059,0.846,0.0,,0.059,,0.0,0.051,0.024,0.059
Dominica,DMA,1992,Alpha Cluster,69344.0,299018295.0,4312.100470119982,0.059,0.845,0.0,,0.059,,0.0,0.051,0.022,0.059
Dominica,DMA,1993,Alpha Cluster,69453.0,303787182.0,4373.996544425727,0.062,0.897,6.25,,0.062,,0.0,0.051,0.022,0.062
Dominica,DMA,1994,Alpha Cluster,69493.0,316614931.0,4556.069402673651,0.07,1.002,11.765,,0.07,,0.0,0.051,0.021,0.07
Dominica,DMA,1995,Alpha Cluster,69490.0,327078105.0,4706.837026910347,0.081,1.16,15.789,,0.081,,0.0,0.051,0.017,0.081
Dominica,DMA,1996,Alpha Cluster,69422.0,347533767.0,5006.104217683155,0.073,1.056,-9.091,,0.073,,0.0,0.052,0.017,0.073
Dominica,DMA,1997,Alpha Cluster,69315.0,361956567.0,5221.9082016879465,0.081,1.163,10.0,,0.081,,0.0,0.052,0.017,0.081
Dominica,DMA,1998,Alpha Cluster,69144.0,382388808.0,5530.3252342936485,0.077,1.113,-4.545,,0.077,,0.0,0.052,0.017,0.077
Dominica,DMA,1999,Alpha Cluster,68883.0,390881674.0,5674.573900672154,0.081,1.17,4.762,,0.081,,0.0,0.052,0.017,0.081
Dominica,DMA,2000,Alpha Cluster,68527.0,404483810.0,5902.5465874764695,0.103,1.497,27.273,,0.103,,0.0,0.052,0.017,0.103
Dominica,DMA,2001,Alpha Cluster,68299.0,411786964.0,6029.179987993968,0.11,1.609,7.143,,0.11,,0.0,0.052,0.017,0.11
Dominica,DMA,2002,Alpha Cluster,68385.0,415539000.0,6076.464136872121,0.103,1.5,-6.667,,0.103,,0.0,0.052,0.012,0.103
Dominica,DMA,2003,Alpha Cluster,68552.0,455180800.0,6639.934648150309,0.117,1.71,14.286,,0.117,,0.0,0.052,0.013,0.117
Dominica,DMA,2004,Alpha Cluster,68664.0,475394414.0,6923.488494698823,0.143,2.081,21.875,,0.143,,0.0,0.053,0.013,0.143
Dominica,DMA,2005,Alpha Cluster,68750.0,482222496.0,7014.145396363637,0.15,2.185,5.128,,0.15,,0.0,0.053,0.014,0.15
Dominica,DMA,2006,Alpha Cluster,68823.0,513632250.0,7463.090100693083,0.143,2.076,-4.878,,0.143,,0.0,0.053,0.012,0.143
Dominica,DMA,2007,Alpha Cluster,68862.0,554311687.0,8049.601913972873,0.172,2.501,20.513,,0.172,,0.0,0.054,0.015,0.172
Dominica,DMA,2008,Alpha Cluster,68866.0,617146562.0,8961.556675282432,0.169,2.447,-2.128,,0.169,,0.0,0.054,0.013,0.169
Dominica,DMA,2009,Alpha Cluster,68879.0,621365663.0,9021.119107420258,0.187,2.713,10.87,,0.187,,0.0,0.054,0.012,0.187
Dominica,DMA,2010,Alpha Cluster,68872.0,640098860.0,9294.036183064236,0.169,2.447,-9.804,,0.169,,0.0,0.055,0.013,0.169
Dominica,DMA,2011,Alpha Cluster,69073.0,652912000.0,9452.492290764843,0.15,2.175,-10.87,,0.15,,0.0,0.057,0.013,0.15
Dominica,DMA,2012,Alpha Cluster,69138.0,644079000.0,9315.846567734097,0.165,2.385,9.756,,0.165,,0.0,0.057,0.013,0.165
Dominica,DMA,2013,Alpha Cluster,69733.0,667585000.0,9573.444423730514,0.158,2.259,-4.444,,0.158,,0.0,0.057,0.014,0.158
Dominica,DMA,2014,Alpha Cluster,70387.0,694011000.0,9859.931521445722,0.169,2.395,6.977,,0.169,,0.0,0.058,0.012,0.169
Dominica,DMA,2015,Alpha Cluster,70429.0,689606000.0,9791.506339718015,0.176,2.497,4.348,,0.176,,0.0,0.058,0.014,0.176
Dominica,DMA,2016,Alpha Cluster,69627.0,707976572.0,10168.132649690493,0.172,2.473,-2.083,,0.172,,0.0,0.058,0.013,0.172
Dominica,DMA,2017,Alpha Cluster,68514.0,656048862.0,9575.398633855853,0.154,2.246,-10.638,,0.154,,0.0,0.058,0.013,0.154
Dominica,DMA,2018,Alpha Cluster,68195.0,677586340.0,9936.01202434196,0.165,2.418,7.143,,0.165,,0.0,0.058,0.013,0.165
Dominica,DMA,2019,Alpha Cluster,67901.0,714870398.0,10528.127685895643,0.172,2.536,4.444,,0.172,,0.0,0.058,0.014,0.172
Dominica,DMA,2020,Alpha Cluster,67588.0,600082697.0,8878.539045392674,0.158,2.331,-8.511,,0.158,,0.0,0.058,0.013,0.158
Dominica,DMA,2021,Alpha Cluster,67222.0,637252112.0,9479.814822528338,0.161,2.398,2.326,,0.161,,0.0,0.058,0.013,0.161
Dominica,DMA,2022,Alpha Cluster,66847.0,675098029.0,10099.152228222658,0.165,2.466,2.267,,0.165,,0.0,0.058,0.013,0.165
Dominica,DMA,2023,Alpha Cluster,66531.0,,,0.165,2.473,-0.203,,0.165,,0.0,0.058,0.013,0.165
Dominica,DMA,2024,Alpha Cluster,66226.0,,,0.171,2.58,3.842,,0.171,,0.0,0.058,0.012,0.171
Dominican Republic,DOM,1990,Alpha Cluster,7151165.0,27899937000.0,3901.4533995509823,8.929,1.249,-12.872,0.026,8.453,,0.451,6.713,1.848,8.93
Dominican Republic,DOM,1991,Alpha Cluster,7299849.0,28624479731.0,3921.2427176233373,9.529,1.305,6.711,0.15,8.856,,0.523,6.993,1.973,9.529
Dominican Republic,DOM,1992,Alpha Cluster,7447476.0,30699616102.0,4122.150390548422,10.405,1.397,9.201,0.37,9.46,,0.575,6.761,1.95,10.405
Dominican Republic,DOM,1993,Alpha Cluster,7594567.0,33455873012.0,4405.237719543458,11.195,1.474,7.587,0.319,10.343,,0.533,7.022,1.963,11.195
Dominican Republic,DOM,1994,Alpha Cluster,7741694.0,34777859424.0,4492.280297309607,11.781,1.522,5.231,0.275,10.974,,0.532,6.966,2.029,11.781
Dominican Republic,DOM,1995,Alpha Cluster,7888120.0,37276713682.0,4725.677814485581,15.09,1.913,28.093,0.293,14.194,,0.603,7.061,2.056,15.09
Dominican Republic,DOM,1996,Alpha Cluster,8032895.0,40578813798.0,5051.580258175913,16.459,2.049,9.069,0.341,15.44,,0.678,7.322,2.167,16.459
Dominican Republic,DOM,1997,Alpha Cluster,8174081.0,44531154793.0,5447.848485107989,17.234,2.108,4.712,0.37,16.111,,0.753,7.462,2.259,17.234
Dominican Republic,DOM,1998,Alpha Cluster,8310369.0,48410050660.0,5825.258861549951,17.756,2.137,3.03,0.718,16.268,,0.77,7.6,2.265,17.756
Dominican Republic,DOM,1999,Alpha Cluster,8446207.0,52484601874.0,6213.984795068366,17.775,2.104,0.104,0.619,16.228,,0.928,7.148,2.103,17.775000000000002
Dominican Republic,DOM,2000,Alpha Cluster,8584196.0,56344968399.0,6563.802643718759,18.937,2.206,6.538,0.245,17.679,,1.013,7.013,2.016,18.936999999999998
Dominican Republic,DOM,2001,Alpha Cluster,8720287.0,58288496906.0,6684.240656987551,19.083,2.188,0.769,0.539,17.448,,1.096,7.391,2.135,19.083000000000002
Dominican Republic,DOM,2002,Alpha Cluster,8852231.0,62671030582.0,7079.687660884584,20.87,2.358,9.367,0.619,19.049,,1.202,7.661,2.416,20.869999999999997
Dominican Republic,DOM,2003,Alpha Cluster,8980626.0,63562914579.0,7077.782170084803,21.26,2.367,1.87,2.803,16.759,0.568,1.13,7.569,2.286,21.26
Dominican Republic,DOM,2004,Alpha Cluster,9104889.0,65495459116.0,7193.438504961456,17.254,1.895,-18.846,2.063,13.934,0.238,1.018,8.161,2.474,17.253
Dominican Republic,DOM,2005,Alpha Cluster,9225035.0,72784646192.0,7889.904611960822,17.852,1.935,3.467,1.264,15.063,0.473,1.052,8.021,2.505,17.852
Dominican Republic,DOM,2006,Alpha Cluster,9341187.0,81940402491.0,8771.947557735435,19.03,2.037,6.6,1.868,15.118,0.59,1.454,8.221,2.652,19.03
Dominican Republic,DOM,2007,Alpha Cluster,9455663.0,90412078042.0,9561.685737108017,19.909,2.106,4.62,1.931,15.414,1.004,1.56,9.059,2.819,19.909
Dominican Republic,DOM,2008,Alpha Cluster,9573135.0,94906712345.0,9913.859184582689,20.235,2.114,1.635,2.11,15.623,0.927,1.574,9.343,2.765,20.234
Dominican Republic,DOM,2009,Alpha Cluster,9695270.0,97411530204.0,10047.3251600007,19.686,2.031,-2.709,2.062,15.287,0.909,1.428,9.671,2.819,19.686
Dominican Republic,DOM,2010,Alpha Cluster,9820180.0,107260793439.0,10922.487514383647,20.445,2.082,3.854,1.85,15.616,1.466,1.513,9.931,2.932,20.445
Dominican Republic,DOM,2011,Alpha Cluster,9945623.0,112433265383.0,11304.798641874922,20.922,2.104,2.333,2.217,15.565,1.678,1.463,10.089,2.892,20.923000000000002
Dominican Republic,DOM,2012,Alpha Cluster,10070409.0,115488083453.0,11468.062861498476,20.903,2.076,-0.093,1.744,15.67,1.99,1.499,10.169,2.82,20.903
Dominican Republic,DOM,2013,Alpha Cluster,10193838.0,121118130894.0,11881.504384707703,20.842,2.045,-0.293,2.15,15.133,2.037,1.521,10.318,2.833,20.840999999999998
Dominican Republic,DOM,2014,Alpha Cluster,10315523.0,129656952614.0,12569.110903441348,21.264,2.061,2.028,2.81,14.66,2.004,1.79,10.489,2.87,21.264
Dominican Republic,DOM,2015,Alpha Cluster,10434826.0,138638287562.0,13286.113976601047,22.986,2.203,8.098,2.542,16.57,2.026,1.848,10.617,3.022,22.986
Dominican Republic,DOM,2016,Alpha Cluster,10551430.0,147870212847.0,14014.23435941858,24.14,2.288,5.021,2.531,17.852,1.912,1.845,10.805,3.118,24.139999999999997
Dominican Republic,DOM,2017,Alpha Cluster,10666846.0,154771313809.0,14509.566727503145,23.455,2.199,-2.838,2.942,16.448,2.191,1.874,11.034,3.178,23.455
Dominican Republic,DOM,2018,Alpha Cluster,10782048.0,165578989651.0,15356.914535253414,25.203,2.338,7.452,2.891,18.191,2.184,1.937,11.337,3.569,25.203000000000003
Dominican Republic,DOM,2019,Alpha Cluster,10894043.0,173944046167.0,15966.895501238612,28.471,2.613,12.967,4.455,19.21,2.792,2.013,11.422,3.561,28.47
Dominican Republic,DOM,2020,Alpha Cluster,11008298.0,162255006875.0,14739.336351087153,26.228,2.383,-7.88,6.519,14.911,2.943,1.855,11.595,3.595,26.228
Dominican Republic,DOM,2021,Alpha Cluster,11123480.0,182166940060.0,16376.793958365548,29.363,2.64,11.953,6.148,17.283,3.613,2.319,11.846,3.631,29.363
Dominican Republic,DOM,2022,Alpha Cluster,11230734.0,191182362267.0,17023.14045252964,31.225,2.78,6.342,7.43,18.673,2.791,2.331,11.92,3.674,31.224999999999998
Dominican Republic,DOM,2023,Alpha Cluster,11331269.0,,,31.829,2.809,1.934,7.678,18.635,3.184,2.331,12.032,3.722,31.828000000000003
Dominican Republic,DOM,2024,Alpha Cluster,11427558.0,,,33.131,2.899,4.092,7.96,19.351,3.488,2.331,12.226,3.757,33.13
East Timor,TLS,1994,Beta Cluster,844501.0,,,0.0,0.0,,,,,,0.533,0.167,0.0
East Timor,TLS,1995,Beta Cluster,868152.0,,,0.0,0.0,,,,,,0.554,0.169,0.0
East Timor,TLS,1996,Beta Cluster,892289.0,,,0.0,0.0,,,,,,0.577,0.173,0.0
East Timor,TLS,1997,Beta Cluster,917189.0,,,0.0,0.0,,,,,,0.566,0.176,0.0
East Timor,TLS,1998,Beta Cluster,942537.0,,,0.061,0.064,,,,,,0.589,0.183,0.0
East Timor,TLS,1999,Beta Cluster,834699.0,,,0.153,0.183,152.703,,,,,0.498,0.155,0.0
East Timor,TLS,2000,Beta Cluster,745095.0,,,0.22,0.295,43.724,,,,,0.564,0.166,0.0
East Timor,TLS,2001,Beta Cluster,812253.0,,,0.119,0.146,-45.946,,,,,0.738,0.196,0.0
East Timor,TLS,2002,Beta Cluster,879170.0,,,0.262,0.298,120.358,,0.161,,0.0,0.741,0.2,0.161
East Timor,TLS,2003,Beta Cluster,916876.0,,,0.249,0.271,-5.098,,0.161,,0.0,0.757,0.189,0.161
East Timor,TLS,2004,Beta Cluster,929081.0,,,0.497,0.535,99.975,,0.176,,0.0,1.083,0.188,0.176
East Timor,TLS,2005,Beta Cluster,948310.0,,,0.321,0.339,-35.383,,0.176,,0.0,1.597,0.198,0.176
East Timor,TLS,2006,Beta Cluster,976610.0,,,0.317,0.324,-1.382,,0.18,0.0,0.0,1.774,0.204,0.18
East Timor,TLS,2007,Beta Cluster,1004898.0,,,0.288,0.287,-9.043,,0.183,0.0,0.0,1.589,0.202,0.183
East Timor,TLS,2008,Beta Cluster,1032431.0,,,0.285,0.276,-1.019,,0.202,0.0,0.0,1.782,0.209,0.202
East Timor,TLS,2009,Beta Cluster,1058783.0,,,0.322,0.304,12.854,,0.227,0.0,0.0,1.695,0.214,0.227
East Timor,TLS,2010,Beta Cluster,1084688.0,,,0.313,0.289,-2.688,,0.236,0.0,0.0,1.604,0.208,0.236
East Timor,TLS,2011,Beta Cluster,1110212.0,,,0.434,0.391,38.564,,0.245,0.0,0.0,1.718,0.209,0.245
East Timor,TLS,2012,Beta Cluster,1134891.0,,,0.591,0.521,36.278,,0.291,0.0,0.0,1.846,0.224,0.291
East Timor,TLS,2013,Beta Cluster,1158697.0,,,0.62,0.535,4.849,,0.353,0.0,0.0,1.469,0.227,0.353
East Timor,TLS,2014,Beta Cluster,1181913.0,,,0.627,0.531,1.147,,0.44,0.0,0.0,1.271,0.237,0.44
East Timor,TLS,2015,Beta Cluster,1205133.0,,,0.59,0.49,-5.844,,0.429,0.0,0.0,1.355,0.26,0.429
East Timor,TLS,2016,Beta Cluster,1228314.0,,,0.643,0.523,8.898,,0.509,0.0,0.0,1.196,0.256,0.509
East Timor,TLS,2017,Beta Cluster,1251711.0,,,0.693,0.554,7.758,,0.553,0.0,0.0,1.124,0.255,0.553
East Timor,TLS,2018,Beta Cluster,1275962.0,,,0.617,0.484,-10.944,,0.498,0.0,0.0,1.05,0.255,0.498
East Timor,TLS,2019,Beta Cluster,1300946.0,,,0.675,0.519,9.466,,0.605,0.0,0.0,1.223,0.286,0.605
East Timor,TLS,2020,Beta Cluster,1326051.0,,,0.646,0.487,-4.342,,0.586,0.0,0.0,1.074,0.262,0.586
East Timor,TLS,2021,Beta Cluster,1350142.0,,,0.62,0.459,-4.015,,0.572,0.0,0.0,1.049,0.247,0.572
East Timor,TLS,2022,Beta Cluster,1369299.0,,,0.67,0.489,7.968,,0.609,0.0,0.0,1.093,0.262,0.609
East Timor,TLS,2023,Beta Cluster,1384292.0,,,0.637,0.46,-4.909,,0.606,0.0,0.0,1.09,0.263,0.606
East Timor,TLS,2024,Beta Cluster,1400638.0,,,0.668,0.477,4.931,,0.634,0.0,0.0,1.032,0.25,0.634
Ecuador,ECU,1990,Beta Cluster,10473674.0,64188502782.0,6128.5564914470315,16.501,1.575,-18.288,,13.26,0.509,1.061,17.627,3.535,14.83
Ecuador,ECU,1991,Beta Cluster,10702377.0,67933582437.0,6347.5228388048745,16.198,1.514,-1.832,,13.124,0.601,1.081,17.911,3.665,14.806000000000001
Ecuador,ECU,1992,Beta Cluster,10930128.0,70873835048.0,6484.263958116501,21.998,2.013,35.8,,19.138,0.465,1.054,19.215,3.821,20.657
Ecuador,ECU,1993,Beta Cluster,11154283.0,72804333284.0,6527.029418565048,24.121,2.163,9.655,,21.119,0.535,0.98,20.214,3.986,22.634
Ecuador,ECU,1994,Beta Cluster,11372197.0,76428090430.0,6720.609081077298,14.338,1.261,-40.558,,10.648,0.484,1.007,21.183,4.048,12.139
Ecuador,ECU,1995,Beta Cluster,11590519.0,78692037555.0,6789.345460285255,23.534,2.03,64.13,,19.558,0.465,1.214,21.709,4.14,21.237
Ecuador,ECU,1996,Beta Cluster,11810954.0,80612101466.0,6825.1981563894,25.337,2.145,7.664,,20.863,0.495,1.4,22.734,4.439,22.758
Ecuador,ECU,1997,Beta Cluster,12031129.0,84682917021.0,7038.65090474884,19.461,1.618,-23.191,,15.253,0.451,1.337,22.977,4.783,17.041
Ecuador,ECU,1998,Beta Cluster,12251188.0,88055994335.0,7187.547390098005,23.117,1.887,18.782,,19.28,0.462,1.195,21.482,4.623,20.937
Ecuador,ECU,1999,Beta Cluster,12470800.0,84464765477.0,6773.002973105174,21.997,1.764,-4.844,,18.478,0.432,1.053,21.372,4.287,19.963
Ecuador,ECU,2000,Beta Cluster,12689215.0,85978888021.0,6775.745230969765,20.949,1.651,-4.763,,17.324,0.473,1.278,19.792,3.958,19.075
Ecuador,ECU,2001,Beta Cluster,12910736.0,90060703680.0,6975.644431115314,23.436,1.815,11.87,,19.647,0.48,1.325,20.85,5.058,21.451999999999998
Ecuador,ECU,2002,Beta Cluster,13138473.0,94404507340.0,7185.34850587279,24.861,1.892,6.082,,21.233,0.476,1.353,20.789,4.575,23.062
Ecuador,ECU,2003,Beta Cluster,13372304.0,97642542688.0,7301.848857758543,27.113,2.028,9.055,,22.871,0.931,1.389,21.173,4.489,25.191
Ecuador,ECU,2004,Beta Cluster,13608700.0,106393261231.0,7818.032672555057,29.31,2.154,8.106,,24.659,1.136,1.545,22.709,4.675,27.339999999999996
Ecuador,ECU,2005,Beta Cluster,13846162.0,112798230080.0,8146.534041707731,30.652,2.214,4.577,,26.007,0.894,1.632,22.803,4.478,28.533
Ecuador,ECU,2006,Beta Cluster,14086138.0,118581678982.0,8418.324382595145,29.781,2.114,-2.841,,24.918,0.956,1.828,22.781,4.551,27.701999999999998
Ecuador,ECU,2007,Beta Cluster,14328783.0,122016284055.0,8515.467367675259,34.393,2.4,15.485,,29.312,1.022,1.948,22.469,4.297,32.282
Ecuador,ECU,2008,Beta Cluster,14575201.0,130654762337.0,8964.182541084681,30.488,2.092,-11.354,,24.915,0.931,2.394,22.399,4.613,28.240000000000002
Ecuador,ECU,2009,Beta Cluster,14825960.0,132310294703.0,8924.23119332576,33.815,2.281,10.913,,27.971,1.099,2.33,23.503,4.849,31.4
Ecuador,ECU,2010,Beta Cluster,15076697.0,137913290159.0,9147.447226604076,36.469,2.419,7.851,,30.331,1.158,2.284,24.398,5.102,33.773
Ecuador,ECU,2011,Beta Cluster,15326232.0,149795272280.0,9773.783424392897,38.48,2.511,5.514,,32.873,1.048,2.459,24.602,5.174,36.38
Ecuador,ECU,2012,Beta Cluster,15572195.0,158246726051.0,10162.13360101129,37.493,2.408,-2.567,,32.148,1.4,2.441,24.703,5.044,35.989000000000004
Ecuador,ECU,2013,Beta Cluster,15807132.0,166075183974.0,10506.345108904006,39.685,2.511,5.847,,33.973,1.59,2.631,25.231,5.028,38.194
Ecuador,ECU,2014,Beta Cluster,16035127.0,172367775440.0,10749.386359085276,43.76,2.729,10.268,,37.614,1.631,2.628,24.693,4.987,41.873
Ecuador,ECU,2015,Beta Cluster,16266229.0,172538423301.0,10607.155678246016,41.298,2.539,-5.626,,35.442,1.535,2.333,23.793,4.535,39.309999999999995
Ecuador,ECU,2016,Beta Cluster,16505142.0,170423090933.0,10325.454390698365,39.375,2.386,-4.657,,33.474,1.652,2.21,23.915,4.838,37.336
Ecuador,ECU,2017,Beta Cluster,16759515.0,174458721084.0,10409.532798771324,39.196,2.339,-0.454,,33.387,1.535,2.265,23.637,4.878,37.187
Ecuador,ECU,2018,Beta Cluster,17049542.0,176707497535.0,10364.354510813253,38.451,2.255,-1.9,,33.155,1.356,2.309,22.881,4.874,36.82
Ecuador,ECU,2019,Beta Cluster,17340017.0,176728682555.0,10191.955553157763,40.083,2.312,4.243,,34.933,1.213,2.21,23.442,4.946,38.356
Ecuador,ECU,2020,Beta Cluster,17546058.0,162965075602.0,9287.845486547463,32.473,1.851,-18.984,,27.465,1.03,2.03,22.87,4.868,30.525000000000002
Ecuador,ECU,2021,Beta Cluster,17682454.0,169866634253.0,9606.507911910869,38.185,2.159,17.589,,32.668,1.085,2.11,22.541,4.865,35.863
Ecuador,ECU,2022,Beta Cluster,17823900.0,175028884708.0,9819.89826626047,42.066,2.36,10.163,,36.448,1.002,2.19,22.277,4.527,39.64
Ecuador,ECU,2023,Beta Cluster,17980079.0,,,44.6,2.481,6.024,,38.524,0.912,2.19,22.084,4.583,41.626
Ecuador,ECU,2024,Beta Cluster,18135478.0,,,45.98,2.535,3.094,,39.525,1.171,2.19,21.65,4.438,42.885999999999996
Egypt,EGY,1990,Beta Cluster,58396625.0,227979905812.0,3903.9911264049933,72.884,1.248,4.209,3.36,52.075,13.015,4.433,43.541,11.763,72.88300000000001
Egypt,EGY,1991,Beta Cluster,60029001.0,241323329041.0,4020.1123627061525,74.447,1.24,2.145,2.697,51.839,14.904,5.006,49.822,12.339,74.446
Egypt,EGY,1992,Beta Cluster,61480663.0,254191038156.0,4134.4875893091785,77.419,1.259,3.993,2.59,53.132,16.118,5.579,47.12,13.633,77.41899999999998
Egypt,EGY,1993,Beta Cluster,62915681.0,269984893134.0,4291.217846533363,90.835,1.444,17.328,3.415,62.757,18.511,6.152,47.607,14.437,90.835
Egypt,EGY,1994,Beta Cluster,64285596.0,286215812013.0,4452.254156794315,87.483,1.361,-3.69,3.693,53.089,20.158,6.725,47.642,13.88,83.66499999999999
Egypt,EGY,1995,Beta Cluster,65652621.0,305979220895.0,4660.578911160303,97.968,1.492,11.985,2.451,58.104,26.011,7.298,49.127,15.694,93.864
Egypt,EGY,1996,Beta Cluster,67028045.0,328668878031.0,4903.453144590447,97.042,1.448,-0.945,3.43,53.652,27.707,7.872,50.562,16.245,92.661
Egypt,EGY,1997,Beta Cluster,68431738.0,354503266736.0,5180.392564865151,110.934,1.621,14.315,2.851,70.384,25.063,8.445,50.51,15.743,106.743
Egypt,EGY,1998,Beta Cluster,69943297.0,380551417847.0,5440.856153049233,124.256,1.777,12.009,2.792,82.594,26.293,9.018,47.221,16.504,120.697
Egypt,EGY,1999,Beta Cluster,71520953.0,409935668443.0,5731.686327543762,126.987,1.776,2.198,2.506,79.54,31.625,9.591,49.717,16.496,123.262
Egypt,EGY,2000,Beta Cluster,73083287.0,444250275939.0,6078.684938445639,142.837,1.954,12.481,3.144,85.32,40.718,10.169,48.798,17.414,139.35100000000003
Egypt,EGY,2001,Beta Cluster,74652035.0,475679003242.0,6371.9495823791,126.372,1.693,-11.527,2.748,66.434,43.361,10.466,48.443,17.61,123.009
Egypt,EGY,2002,Beta Cluster,76239140.0,501912285229.0,6583.393847687684,128.362,1.684,1.575,2.957,57.133,52.97,11.929,50.058,18.161,124.989
Egypt,EGY,2003,Beta Cluster,77853548.0,528750466385.0,6791.603979114735,149.954,1.926,16.821,3.063,73.293,58.212,11.929,50.997,18.732,146.497
Egypt,EGY,2004,Beta Cluster,79477441.0,561597926809.0,7066.129957669372,151.917,1.911,1.309,3.191,75.638,57.625,12.03,51.405,20.173,148.484
Egypt,EGY,2005,Beta Cluster,81101012.0,600297394092.0,7401.848377576349,166.934,2.058,9.885,3.067,79.21,68.622,12.862,51.591,20.367,163.761
Egypt,EGY,2006,Beta Cluster,82700404.0,650403845291.0,7864.578815007965,178.389,2.157,6.862,2.928,83.689,73.833,14.764,52.802,20.331,175.214
Egypt,EGY,2007,Beta Cluster,84276224.0,713462332878.0,8465.760555171528,189.201,2.245,6.061,2.917,84.763,81.128,17.496,52.371,20.538,186.304
Egypt,EGY,2008,Beta Cluster,85864791.0,775303694329.0,9029.35516757969,195.86,2.281,3.519,2.854,92.404,83.31,14.327,53.566,21.386,192.89499999999998
Egypt,EGY,2009,Beta Cluster,87501635.0,831415021492.0,9501.708413699927,205.243,2.346,4.791,2.689,98.338,81.788,19.119,53.06,21.538,201.934
Egypt,EGY,2010,Beta Cluster,89196073.0,898751418203.0,10076.132143205452,202.704,2.273,-1.237,4.126,95.594,81.949,18.27,50.266,22.332,199.939
Egypt,EGY,2011,Beta Cluster,91093066.0,923052843843.0,10133.074715511277,221.675,2.434,9.359,1.7,106.393,92.679,17.012,51.806,22.951,217.784
Egypt,EGY,2012,Beta Cluster,93161000.0,950287307199.0,10200.484185431673,212.524,2.281,-4.128,1.803,97.477,92.919,15.31,52.923,22.694,207.50900000000001
Egypt,EGY,2013,Beta Cluster,95333551.0,984556585202.0,10327.493048087552,219.087,2.298,3.088,1.7,103.374,90.4,19.143,51.534,22.392,214.617
Egypt,EGY,2014,Beta Cluster,97528655.0,1035721838706.0,10619.666996391983,227.254,2.33,3.728,1.495,118.497,81.7,20.331,51.438,22.632,222.023
Egypt,EGY,2015,Beta Cluster,99597334.0,1079611566322.0,10839.763706144986,226.654,2.276,-0.264,1.345,111.266,84.152,24.578,50.312,23.25,221.341
Egypt,EGY,2016,Beta Cluster,101644583.0,1121578599865.0,11034.31748905891,245.164,2.412,8.166,1.608,118.243,94.823,25.226,50.653,23.831,239.89999999999998
Egypt,EGY,2017,Beta Cluster,103696055.0,1158060486104.0,11167.835517985714,253.364,2.443,3.345,6.507,108.447,108.407,25.612,51.054,23.679,248.97299999999998
Egypt,EGY,2018,Beta Cluster,105682092.0,1220661740193.0,11550.317722637436,241.903,2.289,-4.523,13.007,97.802,102.697,24.134,50.307,23.476,237.64000000000004
Egypt,EGY,2019,Beta Cluster,107553159.0,1289253465646.0,11987.127831791533,234.06,2.176,-3.242,10.124,76.284,120.52,22.768,46.912,21.257,229.696
Egypt,EGY,2020,Beta Cluster,109315118.0,1307778142529.0,11963.378592602352,246.323,2.253,5.239,5.401,98.241,116.631,21.615,46.511,21.796,241.888
Egypt,EGY,2021,Beta Cluster,110957005.0,1400985648780.0,12626.383064142728,266.839,2.405,8.329,8.702,104.622,122.938,26.662,47.178,22.279,262.924
Egypt,EGY,2022,Beta Cluster,112618252.0,1460427350416.0,12967.94546603334,249.899,2.219,-6.349,7.762,109.147,104.011,25.276,49.239,22.485,246.19600000000003
Egypt,EGY,2023,Beta Cluster,114535772.0,,,250.23,2.185,0.133,8.639,106.311,103.064,28.698,48.999,22.237,246.71200000000002
Egypt,EGY,2024,Beta Cluster,116538256.0,,,258.368,2.217,3.252,12.121,112.97,102.624,27.594,49.838,22.805,255.30899999999997
El Salvador,SLV,1990,Beta Cluster,5399728.0,17260964768.0,3196.635972774925,2.471,0.458,-2.85,,2.198,,0.273,3.612,1.176,2.471
El Salvador,SLV,1991,Beta Cluster,5495081.0,18153449125.0,3303.5817169937986,3.149,0.573,27.451,,2.862,,0.288,3.698,1.224,3.15
El Salvador,SLV,1992,Beta Cluster,5585611.0,19825256603.0,3549.344306826952,3.313,0.593,5.189,,3.136,,0.176,3.801,1.244,3.3120000000000003
El Salvador,SLV,1993,Beta Cluster,5659959.0,21604952339.0,3817.157039300108,3.966,0.701,19.721,0.004,3.602,,0.361,3.75,1.218,3.9669999999999996
El Salvador,SLV,1994,Beta Cluster,5714138.0,23258530978.0,4070.34813964941,4.502,0.788,13.511,0.004,4.144,,0.354,3.888,1.191,4.502
El Salvador,SLV,1995,Beta Cluster,5762135.0,25119269330.0,4359.368416394271,4.986,0.865,10.746,0.004,4.613,,0.369,3.685,1.123,4.986
El Salvador,SLV,1996,Beta Cluster,5805286.0,25931149474.0,4466.816875861069,4.4,0.758,-11.757,0.004,4.005,,0.391,4.035,1.295,4.3999999999999995
El Salvador,SLV,1997,Beta Cluster,5844578.0,27444887250.0,4695.785948959873,5.398,0.924,22.695,0.004,4.976,,0.419,4.082,1.327,5.398999999999999
El Salvador,SLV,1998,Beta Cluster,5880786.0,28907125564.0,4915.520742295333,5.711,0.971,5.798,0.004,5.272,,0.435,3.838,1.206,5.710999999999999
El Salvador,SLV,1999,Beta Cluster,5913908.0,30355223155.0,5132.853462549637,5.567,0.941,-2.527,0.004,5.144,,0.419,3.894,1.273,5.566999999999999
El Salvador,SLV,2000,Beta Cluster,5943363.0,31478454275.0,5296.404455692846,5.648,0.95,1.451,0.004,5.214,,0.43,3.491,1.124,5.648
El Salvador,SLV,2001,Beta Cluster,5968058.0,32499941192.0,5445.647678357013,5.829,0.977,3.217,0.004,5.357,,0.469,3.794,1.196,5.83
El Salvador,SLV,2002,Beta Cluster,5986629.0,33751219265.0,5637.766974536087,6.036,1.008,3.539,0.0,5.514,,0.521,3.96,1.162,6.035
El Salvador,SLV,2003,Beta Cluster,5998597.0,35029541311.0,5839.622383534016,6.396,1.066,5.972,0.004,5.851,,0.541,3.901,1.168,6.396
El Salvador,SLV,2004,Beta Cluster,6004673.0,36185189370.0,6026.171511754262,6.216,1.035,-2.815,0.004,5.727,,0.485,3.955,1.25,6.216
El Salvador,SLV,2005,Beta Cluster,6005583.0,38001442916.0,6327.685907596315,6.262,1.043,0.734,0.004,5.83,,0.428,4.0,1.382,6.262
El Salvador,SLV,2006,Beta Cluster,6002321.0,40054319005.0,6673.138441779438,6.689,1.114,6.832,0.004,6.181,,0.505,4.149,1.335,6.6899999999999995
El Salvador,SLV,2007,Beta Cluster,6009820.0,42202462933.0,7022.250738458057,6.819,1.135,1.937,0.004,6.321,,0.495,4.017,1.422,6.819999999999999
El Salvador,SLV,2008,Beta Cluster,6029302.0,43393063628.0,7197.02937885679,6.375,1.057,-6.515,0.004,5.885,,0.486,3.774,1.484,6.374999999999999
El Salvador,SLV,2009,Beta Cluster,6048284.0,42668179532.0,7054.592597173017,6.283,1.039,-1.441,0.004,5.83,,0.449,3.696,1.403,6.2829999999999995
El Salvador,SLV,2010,Beta Cluster,6068253.0,43862777197.0,7228.238044293803,6.287,1.036,0.064,0.004,5.808,,0.475,3.55,1.404,6.286999999999999
El Salvador,SLV,2011,Beta Cluster,6090128.0,45520507146.0,7474.474616297063,6.467,1.062,2.861,0.004,5.98,,0.483,3.232,1.363,6.467
El Salvador,SLV,2012,Beta Cluster,6113977.0,46608113564.0,7623.207212588467,6.436,1.053,-0.468,0.004,5.932,,0.501,3.425,1.332,6.437
El Salvador,SLV,2013,Beta Cluster,6138845.0,48017379514.0,7821.891498156412,6.058,0.987,-5.879,0.004,5.625,,0.43,3.054,1.205,6.058999999999999
El Salvador,SLV,2014,Beta Cluster,6162952.0,49026874064.0,7955.095880026325,6.12,0.993,1.026,0.004,5.76,,0.357,3.291,1.135,6.1209999999999996
El Salvador,SLV,2015,Beta Cluster,6183675.0,50319726389.0,8137.5114942166265,6.637,1.073,8.446,0.004,6.28,,0.353,3.265,1.18,6.637
El Salvador,SLV,2016,Beta Cluster,6200808.0,51794877474.0,8352.923921205107,6.572,1.06,-0.981,0.004,6.254,,0.314,3.125,1.107,6.571999999999999
El Salvador,SLV,2017,Beta Cluster,6213538.0,53295513328.0,8577.321540159568,5.942,0.956,-9.592,0.0,5.621,,0.321,3.093,1.006,5.942
El Salvador,SLV,2018,Beta Cluster,6219803.0,55053057931.0,8851.25428104395,6.452,1.037,8.592,0.0,6.064,,0.388,2.934,1.06,6.452
El Salvador,SLV,2019,Beta Cluster,6222316.0,56393644127.0,9063.127640415561,7.634,1.227,18.319,0.0,7.178,,0.457,2.882,0.894,7.635
El Salvador,SLV,2020,Beta Cluster,6234679.0,51960808936.0,8334.159454881317,6.135,0.984,-19.639,0.0,5.778,,0.357,2.992,0.982,6.135
El Salvador,SLV,2021,Beta Cluster,6255780.0,57771997522.0,9234.979094853079,6.977,1.115,13.722,0.0,6.595,0.0,0.382,3.081,1.079,6.976999999999999
El Salvador,SLV,2022,Beta Cluster,6280316.0,59270934820.0,9437.572061660592,7.913,1.26,13.416,0.0,7.133,0.399,0.38,3.091,0.888,7.912
El Salvador,SLV,2023,Beta Cluster,6309629.0,,,8.67,1.374,9.569,0.0,7.562,0.728,0.38,3.12,0.897,8.670000000000002
El Salvador,SLV,2024,Beta Cluster,6338197.0,,,8.972,1.416,3.488,0.0,7.853,0.739,0.38,3.206,0.922,8.972000000000001
Equatorial Guinea,GNQ,1990,Beta Cluster,474289.0,917854000.0,1935.2209306983716,0.062,0.131,-46.875,,0.062,,0.0,0.181,0.023,0.062
Equatorial Guinea,GNQ,1991,Beta Cluster,492220.0,925022421.0,1879.2865405712892,0.066,0.134,5.882,,0.066,,0.0,0.644,0.026,0.066
Equatorial Guinea,GNQ,1992,Beta Cluster,510775.0,1054728158.0,2064.9565033527483,0.066,0.129,0.0,,0.066,,0.0,1.146,0.026,0.066
Equatorial Guinea,GNQ,1993,Beta Cluster,530030.0,1160722252.0,2189.9180272814747,0.07,0.131,5.556,,0.07,,0.0,1.669,0.036,0.07
Equatorial Guinea,GNQ,1994,Beta Cluster,550148.0,1275597171.0,2318.6436577066534,1.149,2.089,1550.845,,0.073,,0.0,1.57,0.031,0.073
Equatorial Guinea,GNQ,1995,Beta Cluster,571274.0,1433333474.0,2509.0122673183096,1.223,2.142,6.451,,0.081,,0.0,1.882,0.031,0.081
Equatorial Guinea,GNQ,1996,Beta Cluster,593496.0,1938735996.0,3266.6370051356707,1.359,2.29,11.101,,0.132,,0.0,3.864,0.034,0.132
Equatorial Guinea,GNQ,1997,Beta Cluster,616897.0,3808985683.0,6174.427307962269,1.975,3.201,45.288,,0.304,,0.0,5.632,0.03,0.304
Equatorial Guinea,GNQ,1998,Beta Cluster,641478.0,4506473125.0,7025.140573799881,2.295,3.578,16.217,,0.22,0.037,0.0,7.032,0.043,0.257
Equatorial Guinea,GNQ,1999,Beta Cluster,667222.0,5587884417.0,8374.85037513751,2.511,3.763,9.394,,0.292,0.037,0.0,7.701,0.043,0.32899999999999996
Equatorial Guinea,GNQ,2000,Beta Cluster,703287.0,6341192117.0,9016.506940978576,2.699,3.838,7.514,,0.374,0.059,0.0,9.145,0.043,0.433
Equatorial Guinea,GNQ,2001,Beta Cluster,749836.0,10710877546.0,14284.293560191829,3.091,4.122,14.513,,0.454,0.037,0.0,9.807,0.039,0.491
Equatorial Guinea,GNQ,2002,Beta Cluster,797968.0,12944267386.0,16221.536936318249,2.765,3.465,-10.543,,0.616,0.191,0.0,7.443,0.038,0.8069999999999999
Equatorial Guinea,GNQ,2003,Beta Cluster,847867.0,14778140796.0,17429.78650661012,3.13,3.691,13.187,,0.799,0.191,0.0,8.205,0.04,0.99
Equatorial Guinea,GNQ,2004,Beta Cluster,899924.0,18414357582.0,20462.125226130207,6.137,6.82,96.097,,1.118,2.495,0.0,9.546,0.052,3.6130000000000004
Equatorial Guinea,GNQ,2005,Beta Cluster,947370.0,20168023886.0,21288.434176720817,6.206,6.551,1.118,,1.162,2.496,0.0,9.046,0.053,3.658
Equatorial Guinea,GNQ,2006,Beta Cluster,990349.0,21346957199.0,21554.984352990712,6.172,6.233,-0.542,,1.209,2.495,0.0,10.372,0.054,3.704
Equatorial Guinea,GNQ,2007,Beta Cluster,1036053.0,24766652343.0,23904.8121505367,5.711,5.513,-7.469,,1.238,1.924,0.0,10.806,0.057,3.162
Equatorial Guinea,GNQ,2008,Beta Cluster,1084538.0,29298389312.0,27014.6267922378,5.926,5.464,3.75,,1.235,2.341,0.0,10.195,0.055,3.5760000000000005
Equatorial Guinea,GNQ,2009,Beta Cluster,1135683.0,29853093503.0,26286.466824809388,4.883,4.3,-17.59,,1.197,1.666,0.0,8.692,0.051,2.863
Equatorial Guinea,GNQ,2010,Beta Cluster,1189097.0,27366671882.0,23014.66733327895,6.377,5.363,30.582,,1.202,3.048,0.0,9.095,0.054,4.25
Equatorial Guinea,GNQ,2011,Beta Cluster,1241843.0,29285788000.0,23582.52049574705,6.067,4.885,-4.856,,1.221,3.16,0.0,8.738,0.056,4.381
Equatorial Guinea,GNQ,2012,Beta Cluster,1293485.0,31730930000.0,24531.3474837358,6.875,5.315,13.32,,1.26,4.367,0.0,9.064,0.055,5.627
Equatorial Guinea,GNQ,2013,Beta Cluster,1346220.0,30419136000.0,22595.962027008958,8.168,6.068,18.812,,1.253,5.644,0.0,8.099,0.055,6.897
Equatorial Guinea,GNQ,2014,Beta Cluster,1399829.0,30256854000.0,21614.67865003511,7.641,5.459,-6.453,,1.272,5.131,0.0,8.171,0.056,6.4030000000000005
Equatorial Guinea,GNQ,2015,Beta Cluster,1453925.0,28026102000.0,19276.167615248378,7.01,4.821,-8.263,,1.276,4.648,0.0,8.686,0.056,5.9239999999999995
Equatorial Guinea,GNQ,2016,Beta Cluster,1508192.0,25203837269.0,16711.292241969193,7.538,4.998,7.529,,1.216,5.454,0.0,7.586,0.058,6.67
Equatorial Guinea,GNQ,2017,Beta Cluster,1562401.0,23511758900.0,15048.479167640062,6.816,4.362,-9.58,,1.124,5.117,0.0,6.689,0.054,6.241
Equatorial Guinea,GNQ,2018,Beta Cluster,1616425.0,21813514918.0,13494.913106392192,7.034,4.352,3.209,,1.066,5.349,0.0,5.126,0.052,6.415
Equatorial Guinea,GNQ,2019,Beta Cluster,1670184.0,20617750095.0,12344.598017344197,5.514,3.301,-21.618,,1.096,3.884,0.0,4.657,0.052,4.98
Equatorial Guinea,GNQ,2020,Beta Cluster,1716479.0,19743252847.0,11502.18141148246,6.39,3.722,15.885,,0.971,4.606,0.0,4.633,0.051,5.577
Equatorial Guinea,GNQ,2021,Beta Cluster,1758796.0,19556604569.0,11119.313762937827,7.088,4.03,10.925,,0.975,5.634,0.0,4.021,0.051,6.609
Equatorial Guinea,GNQ,2022,Beta Cluster,1803549.0,20191378731.0,11195.359111950936,7.497,4.157,5.774,,0.953,6.13,0.0,3.753,0.052,7.083
Equatorial Guinea,GNQ,2023,Beta Cluster,1847556.0,,,6.913,3.742,-7.783,,0.983,5.542,0.0,2.93,0.052,6.5249999999999995
Equatorial Guinea,GNQ,2024,Beta Cluster,1892523.0,,,7.01,3.704,1.403,,0.997,5.619,0.0,2.699,0.052,6.616
Eritrea,ERI,1994,Beta Cluster,1913919.0,,,0.707,0.37,,,0.689,,0.018,2.974,1.038,0.707
Eritrea,ERI,1995,Beta Cluster,2025273.0,,,0.79,0.39,11.682,,0.769,,0.02,3.019,1.054,0.789
Eritrea,ERI,1996,Beta Cluster,2128464.0,,,0.862,0.405,9.12,,0.843,,0.019,3.342,1.219,0.862
Eritrea,ERI,1997,Beta Cluster,2152146.0,,,0.768,0.357,-10.869,,0.744,,0.024,3.707,1.39,0.768
Eritrea,ERI,1998,Beta Cluster,2180423.0,,,0.586,0.269,-23.692,,0.568,,0.018,3.611,1.434,0.586
Eritrea,ERI,1999,Beta Cluster,2212785.0,,,0.615,0.278,4.996,,0.597,,0.018,3.696,1.472,0.615
Eritrea,ERI,2000,Beta Cluster,2247036.0,,,0.604,0.269,-1.791,,0.586,,0.018,3.818,1.538,0.604
Eritrea,ERI,2001,Beta Cluster,2312083.0,,,0.637,0.276,5.444,,0.619,,0.018,3.641,1.403,0.637
Eritrea,ERI,2002,Beta Cluster,2392981.0,,,0.509,0.213,-20.133,,0.491,,0.018,3.639,1.38,0.509
Eritrea,ERI,2003,Beta Cluster,2493906.0,,,0.78,0.313,53.252,,0.762,,0.018,3.758,1.415,0.78
Eritrea,ERI,2004,Beta Cluster,2598288.0,,,0.633,0.244,-18.797,,0.616,,0.018,3.824,1.409,0.634
Eritrea,ERI,2005,Beta Cluster,2661215.0,,,0.586,0.22,-7.531,,0.568,,0.018,3.895,1.447,0.586
Eritrea,ERI,2006,Beta Cluster,2703501.0,,,0.454,0.168,-22.547,,0.436,,0.018,3.818,1.397,0.454
Eritrea,ERI,2007,Beta Cluster,2743226.0,,,0.424,0.155,-6.514,,0.407,,0.017,4.045,1.501,0.424
Eritrea,ERI,2008,Beta Cluster,2816331.0,,,0.398,0.141,-6.074,,0.381,,0.017,4.074,1.489,0.398
Eritrea,ERI,2009,Beta Cluster,2887887.0,,,0.446,0.154,11.962,,0.429,,0.017,4.106,1.495,0.446
Eritrea,ERI,2010,Beta Cluster,2945184.0,,,0.468,0.159,4.934,,0.451,,0.017,4.059,1.463,0.468
Eritrea,ERI,2011,Beta Cluster,2998493.0,,,0.578,0.193,23.459,,0.517,,0.061,4.233,1.532,0.5780000000000001
Eritrea,ERI,2012,Beta Cluster,3036998.0,,,0.608,0.2,5.263,,0.52,,0.088,4.282,1.537,0.608
Eritrea,ERI,2013,Beta Cluster,3074367.0,,,0.57,0.185,-6.366,,0.48,,0.09,4.345,1.55,0.57
Eritrea,ERI,2014,Beta Cluster,3095168.0,,,0.569,0.184,-0.071,,0.48,,0.089,4.39,1.559,0.569
Eritrea,ERI,2015,Beta Cluster,3105554.0,,,0.557,0.18,-2.042,,0.48,,0.077,4.435,1.568,0.5569999999999999
Eritrea,ERI,2016,Beta Cluster,3124700.0,,,0.554,0.177,-0.559,,0.477,,0.077,4.494,1.587,0.5539999999999999
Eritrea,ERI,2017,Beta Cluster,3150350.0,,,0.553,0.176,-0.175,,0.484,,0.07,4.501,1.593,0.554
Eritrea,ERI,2018,Beta Cluster,3192763.0,,,0.616,0.193,11.337,,0.546,,0.07,4.54,1.619,0.6160000000000001
Eritrea,ERI,2019,Beta Cluster,3240194.0,,,0.645,0.199,4.617,,0.575,,0.07,4.575,1.629,0.645
Eritrea,ERI,2020,Beta Cluster,3291277.0,,,0.641,0.195,-0.569,,0.579,,0.062,4.613,1.638,0.641
Eritrea,ERI,2021,Beta Cluster,3350185.0,,,0.682,0.203,6.354,,0.612,,0.07,4.646,1.631,0.6819999999999999
Eritrea,ERI,2022,Beta Cluster,3409450.0,,,0.718,0.211,5.375,,0.649,,0.07,4.675,1.641,0.7190000000000001
Eritrea,ERI,2023,Beta Cluster,3470391.0,,,0.731,0.211,1.776,,0.661,,0.07,4.702,1.648,0.7310000000000001
Eritrea,ERI,2024,Beta Cluster,3535610.0,,,0.743,0.21,1.588,,0.673,,0.07,4.737,1.65,0.7430000000000001
Estonia,EST,1990,Beta Cluster,1570309.0,27066096904.0,17236.159828415937,36.906,23.503,-5.234,24.435,9.137,2.717,0.483,3.688,1.971,36.772
Estonia,EST,1991,Beta Cluster,1565380.0,23940083198.0,15293.464333260934,34.135,21.806,-7.508,22.547,8.208,2.754,0.479,3.631,1.886,33.988
Estonia,EST,1992,Beta Cluster,1540214.0,20201098370.0,13115.773762607014,24.413,15.85,-28.482,17.796,4.632,1.605,0.315,3.463,1.771,24.348
Estonia,EST,1993,Beta Cluster,1504344.0,18206161939.0,12102.392763224369,19.433,12.918,-20.399,13.589,4.793,0.802,0.228,3.147,1.638,19.412000000000003
Estonia,EST,1994,Beta Cluster,1475716.0,17713297126.0,12003.188368222613,20.039,13.579,3.117,14.118,4.453,1.118,0.33,2.925,1.511,20.019
Estonia,EST,1995,Beta Cluster,1452774.0,18632898028.0,12825.737539355743,18.053,12.427,-9.908,12.916,3.485,1.284,0.348,2.835,1.459,18.032999999999998
Estonia,EST,1996,Beta Cluster,1434655.0,19286856884.0,13443.550459169626,19.033,13.267,5.425,13.451,3.779,1.42,0.361,2.835,1.433,19.011
Estonia,EST,1997,Beta Cluster,1421494.0,21171918456.0,14894.131425106261,18.673,13.136,-1.89,13.191,3.668,1.391,0.396,2.725,1.425,18.646
Estonia,EST,1998,Beta Cluster,1411206.0,21698756967.0,15376.037918631298,16.933,11.999,-9.319,11.5,3.637,1.332,0.404,2.699,1.462,16.873
Estonia,EST,1999,Beta Cluster,1403578.0,21126870271.0,15052.152620659486,15.93,11.349,-5.927,10.921,3.315,1.277,0.361,2.727,1.47,15.873999999999999
Estonia,EST,2000,Beta Cluster,1397001.0,23525730943.0,16840.167575399017,15.471,11.074,-2.879,10.851,2.716,1.482,0.374,2.708,1.494,15.423
Estonia,EST,2001,Beta Cluster,1388174.0,24618992841.0,17734.803303476365,15.87,11.432,2.579,10.679,3.166,1.594,0.38,2.541,1.487,15.819
Estonia,EST,2002,Beta Cluster,1379438.0,25689833693.0,18623.40583121532,15.358,11.134,-3.226,10.382,3.217,1.347,0.356,2.399,1.485,15.302
Estonia,EST,2003,Beta Cluster,1370849.0,27160243367.0,19812.717058552764,17.251,12.584,12.324,12.172,3.158,1.528,0.335,2.491,1.525,17.193
Estonia,EST,2004,Beta Cluster,1362682.0,28392969678.0,20836.093584563383,17.322,12.712,0.414,12.012,3.167,1.727,0.365,2.512,1.549,17.270999999999997
Estonia,EST,2005,Beta Cluster,1354847.0,30566893529.0,22561.140504425963,17.09,12.614,-1.341,11.745,3.196,1.727,0.373,2.41,1.535,17.041
Estonia,EST,2006,Beta Cluster,1346885.0,33162229951.0,24621.42644026773,16.438,12.205,-3.813,11.047,3.206,1.717,0.414,2.132,1.534,16.384
Estonia,EST,2007,Beta Cluster,1340709.0,35115520992.0,26191.75450601137,19.93,14.866,21.245,14.258,3.31,1.711,0.597,2.298,1.593,19.875999999999998
Estonia,EST,2008,Beta Cluster,1337078.0,32659893005.0,24426.31843841571,17.815,13.324,-10.615,12.322,3.187,1.656,0.603,2.518,1.638,17.768
Estonia,EST,2009,Beta Cluster,1334528.0,27402480486.0,20533.462382205544,14.405,10.794,-19.14,10.022,2.901,1.199,0.257,2.438,1.587,14.379
Estonia,EST,2010,Beta Cluster,1331450.0,27586968284.0,20719.49249615081,18.965,14.244,31.654,14.262,3.053,1.301,0.31,2.637,1.623,18.926
Estonia,EST,2011,Beta Cluster,1327366.0,29217295065.0,22011.483694022598,18.948,14.275,-0.088,14.182,3.145,1.164,0.416,2.682,1.634,18.907000000000004
Estonia,EST,2012,Beta Cluster,1322615.0,30160490093.0,22803.680657636574,17.761,13.429,-6.262,12.602,3.228,1.254,0.407,2.73,1.662,17.491
Estonia,EST,2013,Beta Cluster,1317920.0,30600421813.0,23218.724818653634,19.634,14.898,10.542,14.532,3.206,1.194,0.399,2.607,1.689,19.331
Estonia,EST,2014,Beta Cluster,1314457.0,31521829560.0,23980.875418518826,18.784,14.29,-4.329,14.072,3.23,1.008,0.422,2.728,1.716,18.732
Estonia,EST,2015,Beta Cluster,1314580.0,32106015454.0,24423.021386298286,15.78,12.004,-15.994,11.271,3.333,0.903,0.206,2.725,1.736,15.713000000000001
Estonia,EST,2016,Beta Cluster,1315850.0,33119083785.0,25169.34588668921,17.433,13.248,10.477,12.763,3.427,0.991,0.185,2.662,1.683,17.366
Estonia,EST,2017,Beta Cluster,1317430.0,35037377711.0,26595.248105022656,18.616,14.131,6.787,13.877,3.435,0.912,0.307,2.788,1.72,18.531
Estonia,EST,2018,Beta Cluster,1321972.0,36363239216.0,27506.81498246559,17.801,13.465,-4.38,13.063,3.397,0.958,0.298,2.973,1.714,17.715999999999998
Estonia,EST,2019,Beta Cluster,1326822.0,37723175050.0,28431.225175645264,12.288,9.261,-30.968,7.776,3.255,0.882,0.295,2.841,1.744,12.207999999999998
Estonia,EST,2020,Beta Cluster,1329675.0,37515273353.0,28213.866811814918,9.198,6.918,-25.145,5.277,3.029,0.806,0.02,1.754,1.739,9.132000000000001
Estonia,EST,2021,Beta Cluster,1331750.0,40521483538.0,30427.245006945748,10.391,7.802,12.966,6.458,2.929,0.916,0.0,1.785,1.739,10.303
Estonia,EST,2022,Beta Cluster,1350093.0,39999856613.0,29627.48241269305,11.966,8.863,15.16,8.086,3.133,0.679,0.0,1.774,1.73,11.898000000000001
Estonia,EST,2023,Beta Cluster,1367195.0,,,8.744,6.396,-26.926,4.974,3.131,0.58,0.0,1.747,1.703,8.685
Estonia,EST,2024,Beta Cluster,1360548.0,,,8.307,6.105,-5.003,4.547,3.073,0.627,0.0,1.33,1.703,8.247
Eswatini,SWZ,1990,Beta Cluster,872436.0,3420534889.0,3920.671417731501,0.96,1.1,120.168,0.423,0.537,,0.0,1.423,0.525,0.96
Eswatini,SWZ,1991,Beta Cluster,908193.0,3548878922.0,3907.626376772338,0.872,0.96,-9.16,0.326,0.546,,0.0,1.501,0.521,0.8720000000000001
Eswatini,SWZ,1992,Beta Cluster,943426.0,3732391463.0,3956.2100927894717,0.832,0.882,-4.622,0.265,0.567,,0.0,1.516,0.541,0.832
Eswatini,SWZ,1993,Beta Cluster,971327.0,3919793436.0,4035.503425725837,0.707,0.728,-14.978,0.132,0.575,,0.0,1.382,0.467,0.707
Eswatini,SWZ,1994,Beta Cluster,971221.0,4084365870.0,4205.392871447384,1.077,1.109,52.332,0.484,0.594,,0.0,1.473,0.461,1.0779999999999998
Eswatini,SWZ,1995,Beta Cluster,970439.0,4356450718.0,4489.154617652423,1.059,1.091,-1.701,0.453,0.606,,0.0,1.482,0.47,1.059
Eswatini,SWZ,1996,Beta Cluster,989847.0,4598027973.0,4645.19059309166,0.788,0.796,-25.606,0.341,0.447,,0.0,1.503,0.469,0.788
Eswatini,SWZ,1997,Beta Cluster,1006647.0,4766768452.0,4735.292959696894,1.14,1.132,44.651,0.564,0.575,,0.0,1.528,0.456,1.1389999999999998
Eswatini,SWZ,1998,Beta Cluster,1019657.0,4867682233.0,4773.84280498246,1.161,1.139,1.929,0.564,0.597,,0.0,1.476,0.462,1.161
Eswatini,SWZ,1999,Beta Cluster,1030785.0,4986982563.0,4838.043397022658,1.242,1.205,6.94,0.585,0.658,,0.0,1.563,0.444,1.2429999999999999
Eswatini,SWZ,2000,Beta Cluster,1041428.0,5050303320.0,4849.40228225091,1.205,1.158,-2.95,0.533,0.672,,0.0,1.461,0.442,1.205
Eswatini,SWZ,2001,Beta Cluster,1051066.0,5125500508.0,4876.478268729081,1.099,1.046,-8.815,0.507,0.592,,0.0,1.401,0.412,1.099
Eswatini,SWZ,2002,Beta Cluster,1059456.0,5280506497.0,4984.167815369397,1.081,1.02,-1.667,0.487,0.594,,0.0,1.482,0.447,1.081
Eswatini,SWZ,2003,Beta Cluster,1066706.0,5518729007.0,5173.617666911033,1.004,0.941,-7.119,0.398,0.606,,0.0,1.52,0.464,1.004
Eswatini,SWZ,2004,Beta Cluster,1073170.0,5696422388.0,5308.033571568344,1.004,0.935,0.0,0.393,0.61,,0.0,1.554,0.462,1.0030000000000001
Eswatini,SWZ,2005,Beta Cluster,1079022.0,6002942535.0,5563.31801853901,1.015,0.941,1.095,0.381,0.634,,0.0,1.541,0.469,1.0150000000000001
Eswatini,SWZ,2006,Beta Cluster,1084442.0,6319744849.0,5827.646705863476,1.015,0.936,0.0,0.386,0.629,,0.0,1.474,0.443,1.0150000000000001
Eswatini,SWZ,2007,Beta Cluster,1090713.0,6589486313.0,6041.44840393394,1.044,0.957,2.888,0.403,0.641,,0.0,1.537,0.483,1.044
Eswatini,SWZ,2008,Beta Cluster,1098098.0,6906669172.0,6289.66555990449,1.019,0.928,-2.456,0.413,0.606,,0.0,1.487,0.471,1.019
Eswatini,SWZ,2009,Beta Cluster,1105158.0,7131566747.0,6452.983869274801,1.055,0.955,3.597,0.381,0.674,,0.0,1.395,0.458,1.0550000000000002
Eswatini,SWZ,2010,Beta Cluster,1111651.0,7332277029.0,6595.844405303463,0.997,0.897,-5.556,0.369,0.628,,0.0,1.258,0.49,0.997
Eswatini,SWZ,2011,Beta Cluster,1117845.0,7567466177.0,6769.691841892212,0.96,0.859,-3.676,0.33,0.63,,0.0,1.139,0.498,0.96
Eswatini,SWZ,2012,Beta Cluster,1123870.0,7793097968.0,6934.163175456236,1.11,0.988,15.649,0.458,0.652,,0.0,1.157,0.501,1.11
Eswatini,SWZ,2013,Beta Cluster,1130000.0,8126636123.0,7191.713383185841,1.315,1.164,18.482,0.597,0.718,,0.0,1.216,0.506,1.315
Eswatini,SWZ,2014,Beta Cluster,1136305.0,8327527350.0,7328.602223874752,0.762,0.671,-42.061,0.048,0.714,,0.0,1.207,0.501,0.762
Eswatini,SWZ,2015,Beta Cluster,1142822.0,8445665268.0,7390.184357668998,0.85,0.744,11.538,0.121,0.729,,0.0,1.195,0.481,0.85
Eswatini,SWZ,2016,Beta Cluster,1149516.0,8545156780.0,7433.699731017228,1.022,0.889,20.259,0.216,0.806,,0.0,1.181,0.465,1.022
Eswatini,SWZ,2017,Beta Cluster,1158198.0,8725282454.0,7533.498118629112,0.971,0.838,-5.018,0.143,0.828,,0.0,1.141,0.481,0.971
Eswatini,SWZ,2018,Beta Cluster,1168933.0,8936238936.0,7644.782836997501,1.015,0.868,4.528,0.143,0.872,,0.0,1.146,0.477,1.015
Eswatini,SWZ,2019,Beta Cluster,1179885.0,9177836965.0,7778.586018976425,1.099,0.932,8.303,0.176,0.923,,0.0,1.174,0.517,1.099
Eswatini,SWZ,2020,Beta Cluster,1192734.0,9034694873.0,7574.777672976539,0.989,0.829,-10.0,0.142,0.847,,0.0,1.156,0.494,0.989
Eswatini,SWZ,2021,Beta Cluster,1206598.0,9746927305.0,8078.023753561667,0.989,0.82,0.0,0.161,0.828,,0.0,1.177,0.509,0.989
Eswatini,SWZ,2022,Beta Cluster,1218921.0,9594910875.0,7871.642932560847,1.028,0.844,3.938,0.18,0.849,,0.0,1.17,0.503,1.029
Eswatini,SWZ,2023,Beta Cluster,1230507.0,,,1.03,0.837,0.134,0.172,0.857,,0.0,1.174,0.507,1.029
Eswatini,SWZ,2024,Beta Cluster,1242829.0,,,1.045,0.841,1.46,0.18,0.865,,0.0,1.175,0.503,1.045
Ethiopia,ETH,1990,Beta Cluster,47609760.0,45030920800.0,945.8338122267367,2.987,0.063,6.886,,2.847,,0.14,49.368,21.38,2.987
Ethiopia,ETH,1991,Beta Cluster,49717203.0,41447817951.0,833.6715553165773,2.958,0.06,-0.939,,2.84,,0.119,50.001,21.476,2.9589999999999996
Ethiopia,ETH,1992,Beta Cluster,51853756.0,37455354506.0,722.3267395711894,2.937,0.057,-0.735,,2.814,,0.123,51.85,22.04,2.9370000000000003
Ethiopia,ETH,1993,Beta Cluster,53708892.0,37874279529.0,705.177078108407,2.994,0.056,1.937,,2.851,,0.143,47.881,19.666,2.9939999999999998
Ethiopia,ETH,1994,Beta Cluster,55611514.0,40711848289.0,732.0758843033836,2.197,0.04,-26.604,,2.008,,0.189,49.347,20.64,2.197
Ethiopia,ETH,1995,Beta Cluster,57537340.0,42631100913.0,740.92929761786,2.506,0.044,14.052,,2.257,,0.249,49.844,20.871,2.5060000000000002
Ethiopia,ETH,1996,Beta Cluster,59467640.0,46130264957.0,775.7204583366685,2.794,0.047,11.502,,2.514,,0.281,52.002,22.18,2.795
Ethiopia,ETH,1997,Beta Cluster,61404541.0,49275077370.0,802.4663415365322,2.98,0.049,6.656,,2.675,,0.305,53.798,22.602,2.98
Ethiopia,ETH,1998,Beta Cluster,63363523.0,48734081758.0,769.1188786646222,3.147,0.05,5.613,,2.843,,0.304,57.757,24.705,3.147
Ethiopia,ETH,1999,Beta Cluster,65374561.0,48438288398.0,740.9348171072231,3.094,0.047,-1.689,,2.836,,0.258,57.754,24.646,3.094
Ethiopia,ETH,2000,Beta Cluster,67411496.0,50326965912.0,746.5635521870038,3.463,0.051,11.912,,3.107,,0.356,55.864,23.418,3.463
Ethiopia,ETH,2001,Beta Cluster,69487767.0,52434129516.0,754.5807237696961,4.265,0.061,23.152,,3.902,,0.362,58.4,24.269,4.264
Ethiopia,ETH,2002,Beta Cluster,71635521.0,54501781462.0,760.8206194521849,4.432,0.062,3.918,,4.071,,0.361,64.633,27.521,4.4319999999999995
Ethiopia,ETH,2003,Beta Cluster,73832664.0,53892038989.0,729.9213663616417,4.87,0.066,9.896,,4.419,,0.451,63.684,26.382,4.869999999999999
Ethiopia,ETH,2004,Beta Cluster,76077211.0,55845384136.0,734.0619273753346,5.159,0.068,5.92,,4.635,,0.524,65.043,27.348,5.159
Ethiopia,ETH,2005,Beta Cluster,78367476.0,61634778962.0,786.4841654719108,4.956,0.063,-3.924,,4.335,,0.622,67.793,28.774,4.957
Ethiopia,ETH,2006,Beta Cluster,80703495.0,67217118145.0,832.8898041528437,5.318,0.066,7.305,,4.639,,0.68,71.519,30.103,5.319
Ethiopia,ETH,2007,Beta Cluster,83103218.0,73421784125.0,883.5010952885121,5.84,0.07,9.804,,5.21,,0.629,78.108,33.524,5.839
Ethiopia,ETH,2008,Beta Cluster,85543670.0,79756503135.0,932.348391587595,6.418,0.075,9.898,0.04,5.672,,0.705,81.28,34.451,6.417
Ethiopia,ETH,2009,Beta Cluster,88007641.0,86391027022.0,981.6309815871556,6.453,0.073,0.559,0.11,5.693,,0.65,84.766,36.086,6.453
Ethiopia,ETH,2010,Beta Cluster,90538518.0,94148625646.0,1039.8737214364387,6.344,0.07,-1.693,0.132,5.58,,0.632,88.467,37.717,6.343999999999999
Ethiopia,ETH,2011,Beta Cluster,93149977.0,104948629242.0,1126.66296462961,7.355,0.079,15.93,0.396,6.163,,0.796,87.811,37.326,7.355
Ethiopia,ETH,2012,Beta Cluster,95798771.0,116345224724.0,1214.4751285379225,7.988,0.083,8.614,0.524,6.108,,1.357,90.908,39.367,7.989
Ethiopia,ETH,2013,Beta Cluster,98438752.0,128310309167.0,1303.4532291408977,9.744,0.099,21.973,0.678,7.317,,1.749,93.758,40.095,9.744
Ethiopia,ETH,2014,Beta Cluster,101115615.0,141950543442.0,1403.8439408394045,11.543,0.114,18.468,0.946,8.496,,2.102,96.784,41.636,11.544
Ethiopia,ETH,2015,Beta Cluster,103867140.0,157107146471.0,1512.5779574849178,12.564,0.121,8.84,0.99,8.668,,2.906,99.044,42.717,12.564
Ethiopia,ETH,2016,Beta Cluster,106718163.0,173708917362.0,1627.7352652893771,14.323,0.134,14.006,1.245,9.784,,3.294,101.823,44.37,14.323
Ethiopia,ETH,2017,Beta Cluster,109666482.0,190761659136.0,1739.470945516425,14.603,0.133,1.951,1.212,9.861,,3.526,104.021,45.209,14.599
Ethiopia,ETH,2018,Beta Cluster,112664157.0,206205566995.0,1830.2676954747906,16.117,0.143,10.372,1.392,11.036,,3.681,106.029,45.357,16.108999999999998
Ethiopia,ETH,2019,Beta Cluster,115737384.0,221885291686.0,1917.1445216525717,17.177,0.148,6.576,1.495,12.311,,3.371,113.102,49.165,17.177
Ethiopia,ETH,2020,Beta Cluster,118917670.0,237860193068.0,2000.2089939030927,16.735,0.141,-2.574,1.7,11.237,,3.797,118.374,52.185,16.733999999999998
Ethiopia,ETH,2021,Beta Cluster,122138588.0,251849804145.0,2062.000292200856,17.906,0.147,6.995,2.308,11.917,,3.681,114.622,50.085,17.906
Ethiopia,ETH,2022,Beta Cluster,125384285.0,269977225159.0,2153.198266904022,16.96,0.135,-5.282,2.455,11.56,,2.945,116.431,50.457,16.96
Ethiopia,ETH,2023,Beta Cluster,128691695.0,,,17.571,0.137,3.602,2.838,11.787,,2.945,118.695,51.583,17.57
Ethiopia,ETH,2024,Beta Cluster,132059770.0,,,17.837,0.135,1.517,2.898,11.994,,2.945,119.017,51.627,17.837
Faroe Islands,FRO,1990,Beta Cluster,47525.0,,,0.703,14.802,21.519,,0.703,,,,,0.703
Faroe Islands,FRO,1991,Beta Cluster,46839.0,,,0.66,14.081,-6.25,,0.66,,,,,0.66
Faroe Islands,FRO,1992,Beta Cluster,46043.0,,,0.649,14.085,-1.667,,0.649,,,,,0.649
Faroe Islands,FRO,1993,Beta Cluster,45160.0,,,0.583,12.9,-10.169,,0.583,,,,,0.583
Faroe Islands,FRO,1994,Beta Cluster,44195.0,,,0.575,13.016,-1.258,,0.575,,,,,0.575
Faroe Islands,FRO,1995,Beta Cluster,43863.0,,,0.572,13.031,-0.637,,0.572,,,,,0.572
Faroe Islands,FRO,1996,Beta Cluster,44203.0,,,0.597,13.511,4.487,,0.597,,,,,0.597
Faroe Islands,FRO,1997,Beta Cluster,44568.0,,,0.586,13.154,-1.84,,0.586,,,,,0.586
Faroe Islands,FRO,1998,Beta Cluster,44920.0,,,0.623,13.866,6.25,,0.623,,,,,0.623
Faroe Islands,FRO,1999,Beta Cluster,45242.0,,,0.634,14.011,1.765,,0.634,,,,,0.634
Faroe Islands,FRO,2000,Beta Cluster,45687.0,,,0.689,15.077,8.671,,0.689,,,,,0.689
Faroe Islands,FRO,2001,Beta Cluster,46262.0,,,0.762,16.474,10.638,,0.762,,,,,0.762
Faroe Islands,FRO,2002,Beta Cluster,46852.0,,,0.729,15.563,-4.327,,0.729,,,,,0.729
Faroe Islands,FRO,2003,Beta Cluster,47448.0,,,0.733,15.444,0.503,,0.733,,,,,0.733
Faroe Islands,FRO,2004,Beta Cluster,48041.0,,,0.747,15.559,2.0,,0.747,,,,,0.747
Faroe Islands,FRO,2005,Beta Cluster,48386.0,,,0.722,14.918,-3.431,,0.722,,,,,0.722
Faroe Islands,FRO,2006,Beta Cluster,48456.0,,,0.678,13.989,-6.091,,0.678,,,,,0.678
Faroe Islands,FRO,2007,Beta Cluster,48498.0,,,0.692,14.279,2.162,,0.692,,,,,0.692
Faroe Islands,FRO,2008,Beta Cluster,48528.0,,,0.634,13.062,-8.466,,0.634,,,,,0.634
Faroe Islands,FRO,2009,Beta Cluster,48512.0,,,0.575,11.858,-9.249,,0.575,,,,,0.575
Faroe Islands,FRO,2010,Beta Cluster,48191.0,,,0.627,13.001,8.917,,0.627,,,,,0.627
Faroe Islands,FRO,2011,Beta Cluster,47957.0,,,0.564,11.766,-9.942,,0.564,,,,,0.564
Faroe Islands,FRO,2012,Beta Cluster,48113.0,,,0.594,12.337,5.195,,0.594,,,,,0.594
Faroe Islands,FRO,2013,Beta Cluster,48297.0,,,0.649,13.428,9.259,,0.649,,,,,0.649
Faroe Islands,FRO,2014,Beta Cluster,48515.0,,,0.597,12.31,-7.91,,0.597,,,,,0.597
Faroe Islands,FRO,2015,Beta Cluster,48916.0,,,0.608,12.434,1.84,,0.608,,,,,0.608
Faroe Islands,FRO,2016,Beta Cluster,49554.0,,,0.627,12.644,3.012,,0.627,,,,,0.627
Faroe Islands,FRO,2017,Beta Cluster,50268.0,,,0.703,13.995,12.281,,0.703,,,,,0.703
Faroe Islands,FRO,2018,Beta Cluster,51062.0,,,0.725,14.208,3.125,,0.725,,,,,0.725
Faroe Islands,FRO,2019,Beta Cluster,51868.0,,,0.74,14.269,2.02,,0.74,,,,,0.74
Faroe Islands,FRO,2020,Beta Cluster,52615.0,,,0.758,14.415,2.475,,0.758,,,,,0.758
Faroe Islands,FRO,2021,Beta Cluster,53324.0,,,0.784,14.704,3.382,,0.784,,,,,0.784
Faroe Islands,FRO,2022,Beta Cluster,54039.0,,,0.723,13.378,-7.802,,0.723,,,,,0.723
Faroe Islands,FRO,2023,Beta Cluster,54738.0,,,0.714,13.038,-1.281,,0.714,,,,,0.714
Faroe Islands,FRO,2024,Beta Cluster,55419.0,,,0.725,13.089,1.644,,0.725,,,,,0.725
Fiji,FJI,1990,Beta Cluster,773325.0,,,0.801,1.036,28.154,0.062,0.707,,0.032,0.905,0.345,0.8009999999999999
Fiji,FJI,1991,Beta Cluster,779666.0,,,0.655,0.84,-18.246,0.048,0.575,,0.032,0.926,0.336,0.655
Fiji,FJI,1992,Beta Cluster,785349.0,,,0.73,0.93,11.492,0.051,0.645,,0.034,0.948,0.339,0.7300000000000001
Fiji,FJI,1993,Beta Cluster,790380.0,,,0.729,0.922,-0.228,0.051,0.645,,0.032,1.007,0.364,0.7280000000000001
Fiji,FJI,1994,Beta Cluster,794779.0,,,0.723,0.91,-0.764,0.052,0.633,,0.038,1.052,0.382,0.7230000000000001
Fiji,FJI,1995,Beta Cluster,798750.0,,,0.737,0.922,1.884,0.051,0.649,,0.037,1.091,0.398,0.7370000000000001
Fiji,FJI,1996,Beta Cluster,803788.0,,,0.792,0.986,7.568,0.059,0.7,,0.034,1.092,0.398,0.7929999999999999
Fiji,FJI,1997,Beta Cluster,812145.0,,,0.764,0.941,-3.554,0.059,0.667,,0.039,1.087,0.4,0.765
Fiji,FJI,1998,Beta Cluster,822259.0,,,0.743,0.904,-2.746,0.052,0.655,,0.036,1.076,0.387,0.7430000000000001
Fiji,FJI,1999,Beta Cluster,831835.0,,,0.756,0.909,1.771,0.048,0.671,,0.038,1.066,0.373,0.7570000000000001
Fiji,FJI,2000,Beta Cluster,840913.0,,,0.815,0.969,7.718,0.044,0.732,,0.038,1.07,0.346,0.8140000000000001
Fiji,FJI,2001,Beta Cluster,849606.0,,,1.004,1.182,23.205,0.04,0.964,,0.0,1.087,0.364,1.004
Fiji,FJI,2002,Beta Cluster,858057.0,,,0.835,0.974,-16.788,0.044,0.791,,0.0,1.057,0.373,0.8350000000000001
Fiji,FJI,2003,Beta Cluster,866297.0,,,0.993,1.146,18.86,0.044,0.949,,0.0,1.057,0.335,0.993
Fiji,FJI,2004,Beta Cluster,874369.0,,,1.301,1.487,30.982,0.0,1.301,,0.0,1.062,0.376,1.301
Fiji,FJI,2005,Beta Cluster,882384.0,,,1.022,1.159,-21.4,0.0,1.022,,0.0,1.069,0.357,1.022
Fiji,FJI,2006,Beta Cluster,890370.0,,,1.15,1.292,12.545,0.0,1.15,,0.0,1.074,0.348,1.15
Fiji,FJI,2007,Beta Cluster,897843.0,,,1.085,1.208,-5.732,0.0,1.085,,0.0,1.077,0.348,1.085
Fiji,FJI,2008,Beta Cluster,903403.0,,,0.791,0.876,-27.027,0.0,0.791,,0.0,1.086,0.354,0.791
Fiji,FJI,2009,Beta Cluster,907248.0,,,0.703,0.775,-11.111,0.0,0.703,,0.0,1.08,0.325,0.703
Fiji,FJI,2010,Beta Cluster,910427.0,,,1.03,1.131,46.354,0.0,1.026,0.004,0.0,1.08,0.332,1.03
Fiji,FJI,2011,Beta Cluster,912991.0,,,0.931,1.019,-9.609,0.0,0.931,0.0,0.0,1.08,0.328,0.931
Fiji,FJI,2012,Beta Cluster,914920.0,,,0.909,0.993,-2.362,0.0,0.909,,0.0,1.086,0.331,0.909
Fiji,FJI,2013,Beta Cluster,916359.0,,,1.037,1.132,14.113,0.0,1.037,,0.0,1.105,0.334,1.037
Fiji,FJI,2014,Beta Cluster,917589.0,,,1.18,1.286,13.781,0.0,1.18,0.0,0.0,0.73,0.183,1.18
Fiji,FJI,2015,Beta Cluster,918585.0,,,1.462,1.592,23.913,0.0,1.462,0.0,0.0,0.726,0.201,1.462
Fiji,FJI,2016,Beta Cluster,919167.0,,,1.345,1.463,-8.02,0.0,1.345,,0.0,0.736,0.186,1.345
Fiji,FJI,2017,Beta Cluster,918762.0,,,1.455,1.583,8.174,0.0,1.455,,0.0,0.771,0.208,1.455
Fiji,FJI,2018,Beta Cluster,917185.0,,,1.48,1.614,1.763,0.0,1.48,,0.0,0.782,0.199,1.48
Fiji,FJI,2019,Beta Cluster,914906.0,,,1.509,1.65,1.973,,1.509,,0.0,0.867,0.226,1.509
Fiji,FJI,2020,Beta Cluster,914971.0,,,1.37,1.498,-9.223,,1.37,,0.0,0.807,0.218,1.37
Fiji,FJI,2021,Beta Cluster,916718.0,,,1.088,1.187,-20.574,,1.088,,0.0,0.762,0.185,1.088
Fiji,FJI,2022,Beta Cluster,919428.0,,,1.389,1.51,27.595,,1.389,,0.0,0.794,0.198,1.389
Fiji,FJI,2023,Beta Cluster,924150.0,,,1.382,1.496,-0.472,,1.382,,0.0,0.799,0.198,1.382
Fiji,FJI,2024,Beta Cluster,928800.0,,,1.445,1.556,4.574,,1.445,,0.0,0.762,0.182,1.445
Finland,FIN,1990,Beta Cluster,4986576.0,134055215099.0,26883.219086403176,56.921,11.415,8.521,22.134,27.66,5.155,0.729,12.58,7.534,55.678
Finland,FIN,1991,Beta Cluster,5013889.0,126220143051.0,25174.099995233242,55.195,11.008,-3.032,21.39,26.81,5.386,0.569,12.309,7.129,54.15500000000001
Finland,FIN,1992,Beta Cluster,5042145.0,122116750127.0,24219.206335200593,54.272,10.764,-1.672,20.68,26.656,5.577,0.473,12.157,6.861,53.385999999999996
Finland,FIN,1993,Beta Cluster,5066594.0,121309307835.0,23942.969938976756,56.32,11.116,3.774,23.403,25.606,5.824,0.361,12.098,7.013,55.193999999999996
Finland,FIN,1994,Beta Cluster,5088454.0,126178680040.0,24797.056245374333,61.739,12.133,9.622,27.595,26.409,6.297,0.364,12.022,7.253,60.66499999999999
Finland,FIN,1995,Beta Cluster,5107919.0,131586003036.0,25761.17652531295,58.122,11.379,-5.859,24.659,25.593,6.512,0.378,11.692,7.39,57.141999999999996
Finland,FIN,1996,Beta Cluster,5124715.0,136506127418.0,26636.823202461015,64.04,12.496,10.182,29.759,26.033,6.791,0.381,11.463,7.484,62.964
Finland,FIN,1997,Beta Cluster,5139927.0,145148158927.0,28239.342490078165,62.703,12.199,-2.088,28.499,26.018,6.649,0.45,11.488,7.54,61.616
Finland,FIN,1998,Beta Cluster,5153545.0,153138899026.0,29715.25406802502,59.358,11.518,-5.335,23.72,26.573,7.594,0.448,11.213,7.216,58.335
Finland,FIN,1999,Beta Cluster,5165516.0,160063696383.0,30986.971366074562,58.874,11.398,-0.815,23.038,26.725,7.573,0.479,10.92,7.2,57.815000000000005
Finland,FIN,2000,Beta Cluster,5176197.0,169209765102.0,32689.977816145714,57.017,11.015,-3.154,21.987,25.823,7.718,0.505,10.611,7.2,56.03300000000001
Finland,FIN,2001,Beta Cluster,5187970.0,173703951475.0,33482.065523701945,62.52,12.051,9.652,26.127,26.445,8.392,0.504,10.263,7.4,61.467999999999996
Finland,FIN,2002,Beta Cluster,5200548.0,176751491921.0,33987.08980688189,65.049,12.508,4.045,28.307,26.807,8.342,0.485,10.039,7.561,63.940999999999995
Finland,FIN,2003,Beta Cluster,5212958.0,180408462125.0,34607.695309457704,72.658,13.938,11.697,35.017,26.925,9.231,0.467,9.741,7.788,71.64
Finland,FIN,2004,Beta Cluster,5228147.0,187633923914.0,35889.18290055731,68.946,13.187,-5.109,31.641,26.914,8.871,0.529,9.507,7.729,67.955
Finland,FIN,2005,Beta Cluster,5246078.0,192990732516.0,36787.62163200776,57.064,10.877,-17.234,21.039,26.361,8.127,0.542,8.865,7.537,56.06900000000001
Finland,FIN,2006,Beta Cluster,5266248.0,200966858669.0,38161.297885895234,68.374,12.983,19.82,31.585,26.452,8.688,0.574,9.311,7.727,67.299
Finland,FIN,2007,Beta Cluster,5288715.0,211541390078.0,39998.636734632135,66.764,12.624,-2.355,30.348,26.645,8.119,0.605,9.035,7.855,65.717
Finland,FIN,2008,Beta Cluster,5313379.0,213226105706.0,40130.03885211275,58.625,11.033,-12.191,23.675,24.94,8.36,0.62,8.634,7.672,57.595
Finland,FIN,2009,Beta Cluster,5338854.0,195739132370.0,36663.13639031897,55.921,10.474,-4.612,22.899,24.196,7.504,0.385,8.129,7.046,54.983999999999995
Finland,FIN,2010,Beta Cluster,5363347.0,201746033638.0,37615.6966233958,64.092,11.95,14.612,29.144,25.13,8.276,0.526,8.585,7.762,63.076
Finland,FIN,2011,Beta Cluster,5388236.0,207084301562.0,38432.67101923524,56.646,10.513,-11.618,24.082,23.764,7.255,0.558,8.275,7.467,55.659000000000006
Finland,FIN,2012,Beta Cluster,5413978.0,204190196792.0,37715.37246586521,51.154,9.449,-9.695,19.595,23.67,6.464,0.497,8.124,7.423,50.226
Finland,FIN,2013,Beta Cluster,5439057.0,202349011206.0,37202.958381572396,51.719,9.509,1.105,21.359,22.84,6.065,0.482,7.981,7.407,50.745999999999995
Finland,FIN,2014,Beta Cluster,5461686.0,201610622550.0,36913.62384252775,47.622,8.719,-7.922,19.326,21.542,5.394,0.469,7.847,7.492,46.731
Finland,FIN,2015,Beta Cluster,5479719.0,202706706722.0,36992.17181063481,44.192,8.065,-7.203,16.843,21.384,4.726,0.462,7.722,7.368,43.415000000000006
Finland,FIN,2016,Beta Cluster,5495468.0,208405735062.0,37923.20054670503,47.252,8.598,6.924,18.66,22.939,4.208,0.553,7.665,7.425,46.36
Finland,FIN,2017,Beta Cluster,5508398.0,215058877437.0,39042.00049397302,44.657,8.107,-5.492,17.088,22.213,3.887,0.604,7.503,7.399,43.792
Finland,FIN,2018,Beta Cluster,5515730.0,217509947213.0,39434.480515362426,45.736,8.292,2.416,17.924,22.044,4.415,0.602,7.426,7.547,44.985
Finland,FIN,2019,Beta Cluster,5521754.0,220173891564.0,39873.90448107612,42.444,7.687,-7.198,15.257,21.648,4.314,0.583,7.283,7.646,41.802
Finland,FIN,2020,Beta Cluster,5529616.0,214988893865.0,38879.53410598494,37.72,6.821,-11.13,11.853,20.261,4.382,0.57,7.145,7.283,37.065999999999995
Finland,FIN,2021,Beta Cluster,5541069.0,221538476826.0,39981.179953904204,37.82,6.825,0.265,12.711,19.468,4.356,0.623,7.258,7.198,37.158
Finland,FIN,2022,Beta Cluster,5569300.0,226154847456.0,40607.409810209545,36.337,6.525,-3.921,12.579,20.124,2.41,0.597,6.434,6.883,35.71
Finland,FIN,2023,Beta Cluster,5601185.0,,,31.799,5.677,-12.489,9.391,18.806,2.575,0.445,5.823,6.598,31.217000000000002
Finland,FIN,2024,Beta Cluster,5617311.0,,,29.775,5.301,-6.365,7.784,18.189,2.779,0.445,5.699,6.373,29.197
France,FRA,1990,Beta Cluster,56990239.0,1636207672000.0,28710.314269782233,394.904,6.929,-1.635,80.69,234.705,59.211,10.937,89.572,56.184,385.543
France,FRA,1991,Beta Cluster,57271564.0,1654070164992.0,28881.176791190825,419.119,7.318,6.132,86.241,246.275,66.875,10.386,89.053,61.6,409.77700000000004
France,FRA,1992,Beta Cluster,57554867.0,1681416991070.0,29214.158223491333,408.433,7.096,-2.55,78.038,244.389,67.822,9.343,88.009,61.186,399.59200000000004
France,FRA,1993,Beta Cluster,57801261.0,1671995828699.0,28926.63239127257,388.89,6.728,-4.785,63.127,240.498,67.969,8.592,86.831,60.278,380.186
France,FRA,1994,Beta Cluster,57999868.0,1712086429935.0,29518.798731317802,381.903,6.585,-1.797,61.809,234.585,67.514,8.775,86.117,60.224,372.683
France,FRA,1995,Beta Cluster,58192207.0,1748659531786.0,30049.720090286315,386.959,6.65,1.324,62.977,237.37,68.705,8.635,86.018,62.741,377.68699999999995
France,FRA,1996,Beta Cluster,58380638.0,1773843233893.0,30384.101555947367,403.352,6.909,4.236,65.333,244.422,75.83,8.436,86.103,64.707,394.02099999999996
France,FRA,1997,Beta Cluster,58568662.0,1816394950229.0,31013.08597811232,396.023,6.762,-1.817,61.29,242.028,75.104,8.111,84.949,59.002,386.53299999999996
France,FRA,1998,Beta Cluster,58778817.0,1882050330390.0,32019.1937580166,414.357,7.049,4.629,71.294,248.068,76.864,8.686,84.638,48.884,404.912
France,FRA,1999,Beta Cluster,59084209.0,1949849405155.0,33001.193350240166,413.07,6.991,-0.311,66.41,248.521,80.748,8.386,84.365,46.538,404.065
France,FRA,2000,Beta Cluster,59483716.0,2031676031476.0,34155.16326310212,407.445,6.85,-1.362,65.75,239.763,84.307,8.561,86.397,45.75,398.38100000000003
France,FRA,2001,Beta Cluster,59905131.0,2077786711965.0,34684.6201198525,411.592,6.871,1.018,56.1,249.573,88.43,8.655,86.257,45.098,402.758
France,FRA,2002,Beta Cluster,60327247.0,2107316572579.0,34931.42282091871,407.027,6.747,-1.109,58.586,243.247,87.94,8.643,84.895,43.655,398.41600000000005
France,FRA,2003,Beta Cluster,60741119.0,2130940712046.0,35082.34203005052,412.989,6.799,1.465,59.198,245.064,91.624,8.556,83.604,43.394,404.44199999999995
France,FRA,2004,Beta Cluster,61175244.0,2196883540402.0,35911.31635538716,414.073,6.769,0.262,58.225,244.922,93.182,9.065,82.771,43.024,405.394
France,FRA,2005,Beta Cluster,61625031.0,2238790479440.0,36329.23899770533,416.343,6.756,0.548,62.032,241.908,94.862,9.108,81.853,41.533,407.91
France,FRA,2006,Beta Cluster,62049831.0,2297018080700.0,37018.92565509163,406.669,6.554,-2.324,59.484,236.777,92.274,9.307,80.954,40.267,397.842
France,FRA,2007,Beta Cluster,62432438.0,2354672057875.0,37715.52310475205,396.461,6.35,-2.51,61.349,227.452,89.101,9.478,80.865,40.849,387.38
France,FRA,2008,Beta Cluster,62780187.0,2362451821701.0,37630.531774316,389.794,6.209,-1.682,56.167,223.518,92.016,8.88,81.134,39.528,380.581
France,FRA,2009,Beta Cluster,63106460.0,2295352990111.0,36372.71033917922,371.404,5.885,-4.718,45.161,219.508,90.665,7.679,79.836,37.994,363.013
France,FRA,2010,Beta Cluster,63417366.0,2342490492199.0,36937.68189929238,377.079,5.946,1.528,49.071,215.854,96.134,7.888,79.801,38.561,368.947
France,FRA,2011,Beta Cluster,63733776.0,2393401943613.0,37553.11694717413,355.127,5.572,-5.822,42.169,208.907,87.85,8.065,77.433,37.287,346.99100000000004
France,FRA,2012,Beta Cluster,64058465.0,2400896391731.0,37479.76776732006,358.1,5.59,0.837,46.931,205.354,90.837,7.502,76.667,38.006,350.624
France,FRA,2013,Beta Cluster,64387736.0,2414733629218.0,37503.005684467615,360.013,5.591,0.534,49.664,204.287,91.386,7.3,76.53,38.844,352.637
France,FRA,2014,Beta Cluster,64692495.0,2437822780219.0,37683.23945797731,327.809,5.067,-8.945,39.548,197.641,76.454,6.975,75.539,38.853,320.618
France,FRA,2015,Beta Cluster,64916337.0,2464953810985.0,37971.23998208648,332.131,5.116,1.319,38.024,199.231,81.392,6.606,74.128,39.571,325.253
France,FRA,2016,Beta Cluster,65086853.0,2491956183265.0,38286.628841388294,335.496,5.155,1.013,36.016,196.896,89.261,6.639,74.133,38.051,328.812
France,FRA,2017,Beta Cluster,65284775.0,2549057506683.0,39045.206277926205,338.368,5.183,0.856,39.997,195.911,89.406,6.483,73.88,39.445,331.797
France,FRA,2018,Beta Cluster,65519537.0,2596599107835.0,39630.91356758214,323.102,4.931,-4.512,35.126,189.446,84.89,6.701,73.924,37.938,316.163
France,FRA,2019,Beta Cluster,65729460.0,2644453795826.0,40232.398011880825,316.321,4.812,-2.099,29.426,187.285,86.387,6.807,71.514,37.29,309.905
France,FRA,2020,Beta Cluster,65905273.0,2438594133224.0,37001.502644924934,281.515,4.272,-11.003,23.854,165.543,80.065,6.197,68.697,36.383,275.659
France,FRA,2021,Beta Cluster,66083547.0,2604822841790.0,39417.116060522596,307.272,4.65,9.149,30.472,179.122,85.402,6.495,67.554,36.343,301.49100000000004
France,FRA,2022,Beta Cluster,66277412.0,2671568767031.0,40308.88784599797,295.304,4.456,-3.895,26.199,179.255,77.656,6.397,65.721,34.064,289.507
France,FRA,2023,Beta Cluster,66438828.0,,,270.263,4.068,-8.48,19.542,172.229,67.157,5.675,64.891,33.543,264.603
France,FRA,2024,Beta Cluster,66548532.0,,,264.156,3.969,-2.26,19.469,170.692,62.699,5.675,62.809,32.581,258.535
French Polynesia,PYF,1990,Beta Cluster,203780.0,,,0.524,2.571,-3.378,,0.524,,0.0,,,0.524
French Polynesia,PYF,1991,Beta Cluster,207755.0,,,0.528,2.54,0.699,,0.528,,0.0,,,0.528
French Polynesia,PYF,1992,Beta Cluster,211570.0,,,0.498,2.355,-5.556,,0.498,,0.0,,,0.498
French Polynesia,PYF,1993,Beta Cluster,215229.0,,,0.52,2.417,4.412,,0.52,,0.0,,,0.52
French Polynesia,PYF,1994,Beta Cluster,218747.0,,,0.535,2.445,2.817,,0.535,,0.0,,,0.535
French Polynesia,PYF,1995,Beta Cluster,222128.0,,,0.524,2.359,-2.055,,0.524,,0.0,,,0.524
French Polynesia,PYF,1996,Beta Cluster,225500.0,,,0.524,2.324,0.0,,0.524,,0.0,,,0.524
French Polynesia,PYF,1997,Beta Cluster,229132.0,,,0.542,2.367,3.497,,0.542,,0.0,,,0.542
French Polynesia,PYF,1998,Beta Cluster,232898.0,,,0.535,2.297,-1.351,,0.535,,0.0,,,0.535
French Polynesia,PYF,1999,Beta Cluster,236606.0,,,0.594,2.509,10.959,,0.594,,0.0,,,0.594
French Polynesia,PYF,2000,Beta Cluster,240346.0,,,0.685,2.851,15.432,,0.685,,0.0,,,0.685
French Polynesia,PYF,2001,Beta Cluster,244107.0,,,0.769,3.152,12.299,,0.769,,0.0,,,0.769
French Polynesia,PYF,2002,Beta Cluster,247785.0,,,0.806,3.253,4.762,,0.806,,0.0,,,0.806
French Polynesia,PYF,2003,Beta Cluster,251650.0,,,0.835,3.32,3.636,,0.835,,0.0,,,0.835
French Polynesia,PYF,2004,Beta Cluster,255663.0,,,0.843,3.296,0.877,,0.843,,0.0,,,0.843
French Polynesia,PYF,2005,Beta Cluster,259517.0,,,0.832,3.205,-1.304,,0.832,,0.0,,,0.832
French Polynesia,PYF,2006,Beta Cluster,263234.0,,,0.839,3.187,0.881,,0.839,,0.0,,,0.839
French Polynesia,PYF,2007,Beta Cluster,266448.0,,,0.857,3.218,2.183,,0.857,,0.0,,,0.857
French Polynesia,PYF,2008,Beta Cluster,268390.0,,,0.868,3.235,1.282,,0.868,,0.0,,,0.868
French Polynesia,PYF,2009,Beta Cluster,269494.0,,,0.861,3.195,-0.844,,0.861,,0.0,,,0.861
French Polynesia,PYF,2010,Beta Cluster,270590.0,,,0.923,3.412,7.234,,0.923,,0.0,,,0.923
French Polynesia,PYF,2011,Beta Cluster,271734.0,,,0.883,3.25,-4.365,,0.883,,0.0,,,0.883
French Polynesia,PYF,2012,Beta Cluster,273092.0,,,0.876,3.207,-0.83,,0.876,,0.0,,,0.876
French Polynesia,PYF,2013,Beta Cluster,274736.0,,,0.883,3.214,0.837,,0.883,,0.0,,,0.883
French Polynesia,PYF,2014,Beta Cluster,276391.0,,,0.85,3.076,-3.734,,0.85,,0.0,,,0.85
French Polynesia,PYF,2015,Beta Cluster,277877.0,,,0.846,3.046,-0.431,,0.846,,0.0,,,0.846
French Polynesia,PYF,2016,Beta Cluster,279180.0,,,0.868,3.11,2.597,,0.868,,0.0,,,0.868
French Polynesia,PYF,2017,Beta Cluster,280096.0,,,0.876,3.126,0.844,,0.876,,0.0,,,0.876
French Polynesia,PYF,2018,Beta Cluster,279823.0,,,0.879,3.143,0.418,,0.879,,0.0,,,0.879
French Polynesia,PYF,2019,Beta Cluster,279040.0,,,0.89,3.191,1.25,,0.89,,0.0,,,0.89
French Polynesia,PYF,2020,Beta Cluster,279218.0,,,0.832,2.979,-6.584,,0.832,,0.0,,,0.832
French Polynesia,PYF,2021,Beta Cluster,279808.0,,,0.868,3.103,4.405,,0.868,,0.0,,,0.868
French Polynesia,PYF,2022,Beta Cluster,280388.0,,,0.887,3.162,2.11,,0.887,,0.0,,,0.887
French Polynesia,PYF,2023,Beta Cluster,281125.0,,,0.882,3.139,-0.472,,0.882,,0.0,,,0.882
French Polynesia,PYF,2024,Beta Cluster,281816.0,,,0.923,3.275,4.574,,0.923,,0.0,,,0.923
Gabon,GAB,1990,Beta Cluster,983740.0,7172590144.0,7291.144147843943,4.485,4.559,-22.106,,0.846,0.205,0.048,14.004,0.405,1.099
Gabon,GAB,1991,Beta Cluster,1010821.0,7974667240.0,7889.297155480545,4.522,4.473,0.825,,0.876,0.209,0.048,14.446,0.375,1.133
Gabon,GAB,1992,Beta Cluster,1038386.0,7946205803.0,7652.458529872321,4.917,4.735,8.741,,1.037,0.198,0.047,15.554,0.513,1.2819999999999998
Gabon,GAB,1993,Beta Cluster,1066404.0,8684711681.0,8143.922641888065,4.975,4.665,1.175,,1.081,0.205,0.054,15.636,0.973,1.34
Gabon,GAB,1994,Beta Cluster,1094724.0,9485805468.0,8665.02010369737,4.542,4.149,-8.703,,0.707,0.194,0.051,15.808,0.38,0.9520000000000001
Gabon,GAB,1995,Beta Cluster,1123212.0,10240919781.0,9117.530600634609,5.22,4.648,14.943,,0.862,0.257,0.063,17.652,0.379,1.182
Gabon,GAB,1996,Beta Cluster,1152018.0,11022743781.0,9568.204473367603,5.886,5.109,12.743,,1.015,0.242,0.075,19.665,0.564,1.3319999999999999
Gabon,GAB,1997,Beta Cluster,1181445.0,12164042989.0,10295.902889258492,5.527,4.678,-6.095,,1.022,0.249,0.081,18.173,0.332,1.3519999999999999
Gabon,GAB,1998,Beta Cluster,1211744.0,13062140404.0,10779.620451184408,6.453,5.325,16.754,,1.221,0.231,0.079,21.151,0.438,1.5310000000000001
Gabon,GAB,1999,Beta Cluster,1243023.0,12170660106.0,9791.178526865553,6.014,4.838,-6.802,,1.06,0.231,0.073,19.993,0.555,1.364
Gabon,GAB,2000,Beta Cluster,1275578.0,12538030035.0,9829.293100853103,6.128,4.804,1.898,,1.041,0.234,0.085,20.282,0.961,1.3599999999999999
Gabon,GAB,2001,Beta Cluster,1309594.0,13408080502.0,10238.349062381165,6.48,4.948,5.741,,1.257,0.245,0.097,20.789,0.323,1.5989999999999998
Gabon,GAB,2002,Beta Cluster,1345142.0,13745891364.0,10218.914704915913,6.25,4.647,-3.545,,1.183,0.256,0.103,20.128,0.344,1.542
Gabon,GAB,2003,Beta Cluster,1382354.0,14717147740.0,10646.43914655725,6.746,4.88,7.932,,1.159,0.271,0.104,22.284,0.39,1.5340000000000003
Gabon,GAB,2004,Beta Cluster,1421620.0,15597639635.0,10971.73621291203,6.386,4.492,-5.332,,1.212,0.267,0.103,20.715,0.465,1.582
Gabon,GAB,2005,Beta Cluster,1463503.0,16662264363.0,11385.193172135623,6.223,4.252,-2.556,,1.4,0.278,0.103,19.2,0.453,1.781
Gabon,GAB,2006,Beta Cluster,1508338.0,17083887620.0,11326.29929100772,5.543,3.675,-10.936,,1.444,0.289,0.102,16.254,0.513,1.835
Gabon,GAB,2007,Beta Cluster,1556242.0,19294943982.0,12398.421313651734,5.038,3.237,-9.11,,1.576,0.311,0.089,13.691,0.527,1.976
Gabon,GAB,2008,Beta Cluster,1607182.0,19821156608.0,12332.863737896518,5.379,3.347,6.774,,1.612,0.348,0.088,14.836,0.602,2.048
Gabon,GAB,2009,Beta Cluster,1661567.0,21001791917.0,12639.75025803955,5.304,3.192,-1.384,,1.559,0.462,0.096,14.218,0.553,2.117
Gabon,GAB,2010,Beta Cluster,1719883.0,23885406357.0,13887.808855020952,5.528,3.214,4.22,,1.656,0.619,0.086,14.236,0.601,2.3609999999999998
Gabon,GAB,2011,Beta Cluster,1781987.0,27165828850.0,15244.684080186893,5.447,3.057,-1.473,,1.817,0.696,0.086,14.175,0.57,2.5989999999999998
Gabon,GAB,2012,Beta Cluster,1846893.0,28592310064.0,15481.30295799486,5.016,2.716,-7.907,,1.699,0.714,0.076,14.011,0.526,2.4890000000000003
Gabon,GAB,2013,Beta Cluster,1913061.0,30169739768.0,15770.401345278588,5.19,2.713,3.472,,1.85,0.703,0.066,13.486,0.664,2.6189999999999998
Gabon,GAB,2014,Beta Cluster,1978400.0,31507773384.0,15925.886263647391,5.663,2.863,9.116,,1.795,1.019,0.07,13.411,0.598,2.884
Gabon,GAB,2015,Beta Cluster,2040990.0,32729961516.0,16036.316452309908,5.772,2.828,1.917,,1.744,1.019,0.077,14.048,0.627,2.84
Gabon,GAB,2016,Beta Cluster,2100310.0,33414337569.0,15909.240811594478,5.613,2.672,-2.755,,1.649,1.022,0.132,13.914,0.645,2.8030000000000004
Gabon,GAB,2017,Beta Cluster,2156902.0,33572391290.0,15565.098131486735,5.501,2.55,-2.004,,1.627,0.905,0.143,12.941,0.66,2.675
Gabon,GAB,2018,Beta Cluster,2212320.0,33855404131.0,15303.122573135894,5.563,2.515,1.143,,1.85,0.982,0.19,11.755,0.601,3.022
Gabon,GAB,2019,Beta Cluster,2267711.0,35180839675.0,15513.810919909989,5.607,2.473,0.789,,1.797,0.862,0.209,13.38,0.661,2.868
Gabon,GAB,2020,Beta Cluster,2322538.0,34525072669.0,14865.234785824818,5.636,2.427,0.514,,1.74,0.931,0.205,13.215,0.598,2.8760000000000003
Gabon,GAB,2021,Beta Cluster,2376729.0,35037430976.0,14741.870434534185,5.545,2.333,-1.614,,1.974,0.842,0.213,12.358,0.581,3.029
Gabon,GAB,2022,Beta Cluster,2430750.0,36035291983.0,14824.762720559498,5.783,2.379,4.294,,1.759,1.167,0.221,13.002,0.697,3.1470000000000002
Gabon,GAB,2023,Beta Cluster,2484790.0,,,5.321,2.141,-7.994,,1.814,1.055,0.221,15.032,0.69,3.09
Gabon,GAB,2024,Beta Cluster,2538953.0,,,5.399,2.126,1.463,,1.839,1.069,0.221,14.324,0.693,3.129
Gambia,GMB,1990,Beta Cluster,1054703.0,1331400000.0,1262.345892635178,0.198,0.188,10.204,,0.198,,0.0,0.754,0.272,0.198
Gambia,GMB,1991,Beta Cluster,1099960.0,1378188611.0,1252.9442988835958,0.198,0.18,0.0,,0.198,,0.0,0.779,0.284,0.198
Gambia,GMB,1992,Beta Cluster,1145583.0,1438713178.0,1255.8786032963128,0.198,0.173,0.0,,0.198,,0.0,0.775,0.281,0.198
Gambia,GMB,1993,Beta Cluster,1188372.0,1492281313.0,1255.735841133921,0.209,0.176,5.556,,0.209,,0.0,0.766,0.282,0.209
Gambia,GMB,1994,Beta Cluster,1227233.0,1506439238.0,1227.5087436534056,0.209,0.17,0.0,,0.209,,0.0,0.807,0.284,0.209
Gambia,GMB,1995,Beta Cluster,1264320.0,1529318604.0,1209.59773158694,0.216,0.171,3.509,,0.216,,0.0,0.835,0.286,0.216
Gambia,GMB,1996,Beta Cluster,1301421.0,1606890442.0,1234.7199269106616,0.22,0.169,1.695,,0.22,,0.0,0.877,0.309,0.22
Gambia,GMB,1997,Beta Cluster,1338898.0,1625140474.0,1213.7896045852633,0.224,0.167,1.667,,0.224,,0.0,0.842,0.294,0.224
Gambia,GMB,1998,Beta Cluster,1376994.0,1698553130.0,1233.522535319689,0.242,0.176,8.197,,0.242,,0.0,0.87,0.315,0.242
Gambia,GMB,1999,Beta Cluster,1415786.0,1829034023.0,1291.8859368576889,0.275,0.194,13.636,,0.275,,0.0,0.884,0.296,0.275
Gambia,GMB,2000,Beta Cluster,1455095.0,1955249650.0,1343.7264577226917,0.275,0.189,0.0,,0.275,,0.0,0.935,0.322,0.275
Gambia,GMB,2001,Beta Cluster,1495023.0,2082662873.0,1393.0641020238484,0.3,0.201,9.333,,0.3,,0.0,0.861,0.284,0.3
Gambia,GMB,2002,Beta Cluster,1535700.0,2108436308.0,1372.9480419352737,0.3,0.196,0.0,,0.3,,0.0,0.855,0.294,0.3
Gambia,GMB,2003,Beta Cluster,1577619.0,2172586623.0,1377.1301074594055,0.3,0.19,0.0,,0.3,,0.0,0.924,0.312,0.3
Gambia,GMB,2004,Beta Cluster,1621309.0,2391385185.0,1474.9718807457432,0.319,0.197,6.098,,0.319,,0.0,0.994,0.333,0.319
Gambia,GMB,2005,Beta Cluster,1667035.0,2386414713.0,1431.532459126533,0.319,0.191,0.0,,0.319,,0.0,1.028,0.342,0.319
Gambia,GMB,2006,Beta Cluster,1715285.0,2432257588.0,1417.9903561215774,0.348,0.203,9.195,,0.348,,0.0,1.066,0.366,0.348
Gambia,GMB,2007,Beta Cluster,1765778.0,2539291281.0,1438.0580576946818,0.348,0.197,0.0,,0.348,,0.0,1.062,0.363,0.348
Gambia,GMB,2008,Beta Cluster,1817859.0,2704420689.0,1487.6955192894497,0.363,0.2,4.211,,0.363,,0.0,1.195,0.363,0.363
Gambia,GMB,2009,Beta Cluster,1871428.0,2899496318.0,1549.3496506411147,0.374,0.2,3.03,,0.374,,0.0,1.5,0.389,0.374
Gambia,GMB,2010,Beta Cluster,1926634.0,3111135545.0,1614.8036134522697,0.432,0.224,15.686,,0.432,,0.0,1.594,0.393,0.432
Gambia,GMB,2011,Beta Cluster,1983785.0,3000862000.0,1512.6951761405596,0.443,0.223,2.542,,0.443,,0.0,1.263,0.371,0.443
Gambia,GMB,2012,Beta Cluster,2043097.0,3174000000.0,1553.5238904467092,0.451,0.221,1.653,,0.451,,0.0,1.376,0.334,0.451
Gambia,GMB,2013,Beta Cluster,2103825.0,3327261000.0,1581.529357242166,0.429,0.204,-4.878,,0.429,,0.0,1.448,0.353,0.429
Gambia,GMB,2014,Beta Cluster,2164535.0,3357018000.0,1550.9187885619774,0.506,0.234,17.949,,0.506,,0.0,1.491,0.366,0.506
Gambia,GMB,2015,Beta Cluster,2224530.0,3514848000.0,1580.040727704279,0.583,0.262,15.217,,0.583,,0.0,1.62,0.363,0.583
Gambia,GMB,2016,Beta Cluster,2283775.0,3558432648.0,1558.136264737113,0.59,0.258,1.258,,0.59,,0.0,1.5,0.373,0.59
Gambia,GMB,2017,Beta Cluster,2342191.0,3704517995.0,1581.6464135503893,0.597,0.255,1.242,,0.597,,0.0,1.449,0.343,0.597
Gambia,GMB,2018,Beta Cluster,2399633.0,3947001965.0,1644.835674871949,0.649,0.27,8.589,,0.649,,0.0,1.274,0.327,0.649
Gambia,GMB,2019,Beta Cluster,2456847.0,4192588256.0,1706.4913916088385,0.711,0.289,9.605,,0.711,,0.0,1.401,0.309,0.711
Gambia,GMB,2020,Beta Cluster,2515744.0,4217390293.0,1676.3988279411578,0.7,0.278,-1.546,,0.7,,0.0,1.384,0.318,0.7
Gambia,GMB,2021,Beta Cluster,2576015.0,4439051582.0,1723.2242754797624,0.725,0.282,3.665,,0.725,,0.0,1.197,0.309,0.725
Gambia,GMB,2022,Beta Cluster,2636472.0,4656793663.0,1766.29740918925,0.808,0.306,11.375,,0.808,,0.0,1.28,0.308,0.808
Gambia,GMB,2023,Beta Cluster,2697846.0,,,0.773,0.286,-4.377,,0.773,,0.0,1.275,0.301,0.773
Gambia,GMB,2024,Beta Cluster,2759999.0,,,0.803,0.291,3.901,,0.803,,0.0,1.201,0.301,0.803
Georgia,GEO,1990,Beta Cluster,5448865.0,65874153359.0,12089.518341709696,14.85,2.725,-1.283,1.062,4.687,8.474,0.509,4.586,2.579,14.732000000000001
Georgia,GEO,1991,Beta Cluster,5379509.0,51732418013.0,9616.568726439533,14.602,2.714,-1.675,0.947,4.7,8.52,0.324,4.37,2.401,14.491
Georgia,GEO,1992,Beta Cluster,5294186.0,28371171916.0,5358.929949948869,14.127,2.668,-3.252,0.967,3.924,9.057,0.178,3.852,2.244,14.126000000000001
Georgia,GEO,1993,Beta Cluster,5178784.0,19963504254.0,3854.863275626093,9.884,1.909,-30.035,0.638,2.261,6.896,0.09,3.591,2.064,9.885
Georgia,GEO,1994,Beta Cluster,5046267.0,17806249680.0,3528.59840353275,5.897,1.169,-40.332,0.337,0.953,4.573,0.035,3.156,1.839,5.898000000000001
Georgia,GEO,1995,Beta Cluster,4925742.0,18187119363.0,3692.2598388222527,2.266,0.46,-61.582,0.158,0.396,1.689,0.023,3.25,1.595,2.2660000000000005
Georgia,GEO,1996,Beta Cluster,4812774.0,19998469132.0,4155.289471726701,4.046,0.841,78.565,0.161,2.401,1.45,0.034,3.42,1.712,4.045999999999999
Georgia,GEO,1997,Beta Cluster,4695359.0,22010932129.0,4687.806007804728,4.412,0.94,9.055,0.029,2.596,1.75,0.037,3.382,1.872,4.412
Georgia,GEO,1998,Beta Cluster,4576447.0,22536773053.0,4924.513067233162,4.864,1.063,10.234,0.077,2.963,1.745,0.078,3.345,1.731,4.863
Georgia,GEO,1999,Beta Cluster,4455581.0,23091342082.0,5182.565883551438,4.246,0.953,-12.701,0.062,2.47,1.579,0.135,3.392,1.815,4.2459999999999996
Georgia,GEO,2000,Beta Cluster,4328361.0,23550477143.0,5440.9687969649485,4.497,1.039,5.927,0.059,2.121,2.18,0.137,3.446,1.933,4.497
Georgia,GEO,2001,Beta Cluster,4209641.0,24543619701.0,5830.335579922374,3.723,0.884,-17.221,0.055,1.676,1.859,0.132,3.451,1.485,3.722
Georgia,GEO,2002,Beta Cluster,4127854.0,25794086372.0,6248.7884435835185,3.347,0.811,-10.11,0.055,1.601,1.554,0.137,3.509,1.717,3.347
Georgia,GEO,2003,Beta Cluster,4085489.0,28539726793.0,6985.633003295322,3.731,0.913,11.474,0.114,1.715,1.766,0.136,3.604,1.765,3.7310000000000003
Georgia,GEO,2004,Beta Cluster,4056076.0,30055110813.0,7409.898338443362,4.278,1.055,14.676,0.172,1.55,2.382,0.174,3.578,1.781,4.2780000000000005
Georgia,GEO,2005,Beta Cluster,4026135.0,32780625465.0,8141.958842661758,5.046,1.253,17.942,0.18,1.865,2.792,0.209,3.532,1.849,5.045999999999999
Georgia,GEO,2006,Beta Cluster,3996584.0,35705812889.0,8934.082929071426,6.273,1.57,24.323,0.18,2.096,3.642,0.355,3.468,1.826,6.273
Georgia,GEO,2007,Beta Cluster,3967592.0,40006939154.0,10083.430744391057,6.609,1.666,5.365,0.337,2.521,3.287,0.465,3.434,1.783,6.609999999999999
Georgia,GEO,2008,Beta Cluster,3941192.0,40781279289.0,10347.448002786974,5.747,1.458,-13.051,0.454,2.195,2.477,0.621,3.121,1.721,5.747
Georgia,GEO,2009,Beta Cluster,3918935.0,39112877651.0,9980.4864461901,6.171,1.575,7.376,0.51,2.86,2.486,0.316,3.109,1.707,6.172
Georgia,GEO,2010,Beta Cluster,3895932.0,41359835742.0,10616.159558739731,6.29,1.614,1.934,0.799,2.759,2.323,0.409,3.135,1.75,6.29
Georgia,GEO,2011,Beta Cluster,3868724.0,44138043878.0,11408.941004320804,7.814,2.02,24.234,1.059,2.711,3.451,0.592,3.158,1.761,7.813
Georgia,GEO,2012,Beta Cluster,3839208.0,46970386649.0,12234.394867118426,8.294,2.16,6.135,1.177,2.727,3.772,0.615,3.31,1.848,8.291
Georgia,GEO,2013,Beta Cluster,3809128.0,48668828674.0,12776.895046320313,8.028,2.108,-3.202,1.206,2.661,3.53,0.627,3.43,1.954,8.024000000000001
Georgia,GEO,2014,Beta Cluster,3792921.0,50830708616.0,13401.467791182575,9.058,2.388,12.831,1.161,2.836,4.313,0.744,3.482,1.954,9.053999999999998
Georgia,GEO,2015,Beta Cluster,3791570.0,52369351007.0,13812.049100240798,9.791,2.582,8.087,1.081,3.217,4.749,0.738,3.215,1.817,9.785
Georgia,GEO,2016,Beta Cluster,3792061.0,53891203471.0,14211.586646681053,10.043,2.648,2.577,1.033,3.877,4.463,0.666,3.216,1.815,10.039000000000001
Georgia,GEO,2017,Beta Cluster,3792860.0,56501161966.0,14896.716980326191,10.06,2.652,0.168,1.158,3.525,4.701,0.676,3.188,1.747,10.06
Georgia,GEO,2018,Beta Cluster,3794881.0,59237502380.0,15609.844519498767,9.888,2.606,-1.704,1.209,3.422,4.679,0.578,3.12,1.716,9.888
Georgia,GEO,2019,Beta Cluster,3796722.0,62188716739.0,16379.581317515478,10.517,2.77,6.359,0.975,3.577,5.304,0.661,3.086,1.687,10.517
Georgia,GEO,2020,Beta Cluster,3795680.0,57984758412.0,15276.513934789024,10.378,2.734,-1.323,0.861,3.459,5.324,0.73,3.078,1.685,10.374
Georgia,GEO,2021,Beta Cluster,3788450.0,64053441556.0,16907.558910900236,10.75,2.838,3.582,0.861,3.686,5.518,0.682,3.161,1.802,10.747
Georgia,GEO,2022,Beta Cluster,3794782.0,70528605169.0,18585.680328672373,12.0,3.162,11.629,0.902,3.72,6.603,0.773,3.193,1.794,11.998
Georgia,GEO,2023,Beta Cluster,3807494.0,,,11.922,3.131,-0.647,0.854,3.672,6.623,0.773,3.216,1.851,11.922
Georgia,GEO,2024,Beta Cluster,3807668.0,,,11.784,3.095,-1.157,0.823,3.733,6.455,0.773,3.259,1.895,11.783999999999999
Germany,DEU,1990,Beta Cluster,79707963.0,2015547498359.0,25286.651703280888,1054.796,13.233,4.584,569.117,333.324,122.281,15.297,147.875,71.228,1040.019
Germany,DEU,1991,Beta Cluster,80303190.0,2141316417831.0,26665.39670255939,1016.93,12.664,-3.59,504.043,355.311,130.146,13.741,141.408,72.755,1003.241
Germany,DEU,1992,Beta Cluster,80934901.0,2204952392823.0,27243.52986881395,969.464,11.978,-4.667,454.311,357.981,129.3,14.444,134.432,69.867,956.0359999999998
Germany,DEU,1993,Beta Cluster,81486771.0,2206290854718.0,27075.44829231238,959.386,11.774,-1.04,430.776,364.629,136.252,14.531,129.106,66.722,946.1879999999999
Germany,DEU,1994,Beta Cluster,81773613.0,2283952742009.0,27930.19237157835,943.228,11.535,-1.684,418.185,353.812,142.15,15.341,124.623,70.541,929.488
Germany,DEU,1995,Beta Cluster,82019890.0,2347761113534.0,28624.289956180142,939.934,11.46,-0.349,406.046,351.7,152.97,15.562,123.309,67.194,926.278
Germany,DEU,1996,Beta Cluster,82263195.0,2391519573153.0,29071.56199261407,959.69,11.666,2.102,400.613,361.057,169.956,14.811,120.015,69.28,946.4370000000001
Germany,DEU,1997,Beta Cluster,82389631.0,2461046373781.0,29870.826509479088,931.508,11.306,-2.937,386.864,353.069,162.876,15.275,115.562,66.371,918.084
Germany,DEU,1998,Beta Cluster,82011933.0,2535903706522.0,30921.15517533284,923.499,11.261,-0.86,377.48,351.914,165.377,15.545,109.806,51.343,910.3159999999999
Germany,DEU,1999,Beta Cluster,81678279.0,2613176576967.0,31993.531315308443,895.442,10.963,-3.038,360.052,340.846,165.627,15.771,106.765,49.72,882.296
Germany,DEU,2000,Beta Cluster,81797255.0,2718560455818.0,33235.35069505694,898.976,10.99,0.395,373.461,330.774,166.421,15.253,100.75,49.641,885.909
Germany,DEU,2001,Beta Cluster,81933882.0,2793373055251.0,34093.01484398115,915.255,11.171,1.811,376.52,338.871,173.799,13.504,96.953,47.462,902.694
Germany,DEU,2002,Beta Cluster,82068328.0,2822441773260.0,34391.3643916323,898.834,10.952,-1.794,375.786,324.413,173.61,12.823,93.47,46.377,886.6320000000001
Germany,DEU,2003,Beta Cluster,82111619.0,2831676106520.0,34485.693267355986,894.501,10.894,-0.482,378.305,313.847,176.587,13.507,90.241,45.183,882.246
Germany,DEU,2004,Beta Cluster,82092706.0,2894624877966.0,35260.43931315895,876.57,10.678,-2.005,374.908,301.208,174.327,14.068,87.161,44.703,864.511
Germany,DEU,2005,Beta Cluster,82046733.0,2945460930734.0,35899.79543407292,867.88,10.578,-0.991,361.975,305.188,175.904,13.05,84.118,43.785,856.117
Germany,DEU,2006,Beta Cluster,81701971.0,3086359147617.0,37775.8224170259,886.434,10.85,2.138,367.653,313.191,180.197,13.34,81.356,42.561,874.3810000000001
Germany,DEU,2007,Beta Cluster,81298546.0,3220275669650.0,39610.495243666475,846.153,10.408,-4.544,376.715,268.924,173.851,14.449,81.571,42.884,833.9389999999999
Germany,DEU,2008,Beta Cluster,81110780.0,3289020399474.0,40549.73210064063,856.643,10.561,1.24,353.581,296.43,180.995,13.579,79.662,41.268,844.5849999999999
Germany,DEU,2009,Beta Cluster,80935276.0,3136502162046.0,38753.21512520696,789.984,9.761,-7.781,316.28,282.438,168.399,12.559,77.142,40.643,779.6759999999999
Germany,DEU,2010,Beta Cluster,80830916.0,3301123203586.0,40839.8588924317,826.705,10.228,4.648,341.311,277.154,184.875,12.431,76.001,40.97,815.771
Germany,DEU,2011,Beta Cluster,80857877.0,3467712967640.0,42886.52010539431,804.542,9.95,-2.681,339.624,270.809,169.399,13.393,74.456,39.874,793.225
Germany,DEU,2012,Beta Cluster,80916391.0,3482225441398.0,43034.8585541587,814.093,10.061,1.187,350.039,271.945,167.84,13.289,73.017,40.136,803.1129999999999
Germany,DEU,2013,Beta Cluster,81041581.0,3497463140441.0,43156.403136323315,831.746,10.263,2.168,357.254,280.396,170.269,12.503,71.534,40.875,820.4220000000001
Germany,DEU,2014,Beta Cluster,81376078.0,3574741315261.0,43928.6508162878,792.584,9.74,-4.708,344.722,271.603,151.989,12.905,70.317,41.641,781.219
Germany,DEU,2015,Beta Cluster,82077546.0,3628073946157.0,44203.00219693459,800.823,9.757,1.04,341.117,278.861,157.112,12.626,69.267,40.717,789.716
Germany,DEU,2016,Beta Cluster,82760102.0,3708979940863.0,44816.03878234708,797.988,9.642,-0.354,329.436,275.704,169.169,12.663,67.725,39.922,786.972
Germany,DEU,2017,Beta Cluster,83104010.0,3808389445530.0,45826.783154386896,784.595,9.441,-1.678,312.692,275.506,172.045,13.408,67.433,38.646,773.651
Germany,DEU,2018,Beta Cluster,83368507.0,3845758522294.0,46129.631688066576,758.771,9.101,-3.291,296.871,268.094,169.76,13.228,65.036,37.497,747.9529999999999
Germany,DEU,2019,Beta Cluster,83559184.0,3886392581475.0,46510.65742186999,708.649,8.481,-6.606,240.114,271.933,172.762,13.287,63.043,37.338,698.096
Germany,DEU,2020,Beta Cluster,83628711.0,3742721113842.0,44754.021305458125,647.177,7.739,-8.675,198.53,254.465,170.963,13.357,61.045,36.143,637.3149999999999
Germany,DEU,2021,Beta Cluster,83697080.0,3841041747482.0,45892.18342482199,677.998,8.101,4.762,232.139,240.525,181.31,13.64,60.245,35.44,667.6139999999999
Germany,DEU,2022,Beta Cluster,84086227.0,3909612753939.0,46495.281015986126,667.843,7.942,-1.498,239.428,247.017,158.685,12.538,58.913,34.338,657.668
Germany,DEU,2023,Beta Cluster,84548233.0,,,593.766,7.023,-11.092,186.157,237.487,150.342,10.765,57.44,33.064,584.751
Germany,DEU,2024,Beta Cluster,84552234.0,,,572.319,6.769,-3.612,162.639,232.958,157.679,10.283,56.136,32.159,563.559
Ghana,GHA,1990,Beta Cluster,15394650.0,26095563069.0,1695.1059666182732,3.514,0.228,14.85,0.007,3.506,,0.0,7.193,3.441,3.513
Ghana,GHA,1991,Beta Cluster,15787495.0,27591405114.0,1747.67466998406,3.902,0.247,11.045,0.007,3.895,,0.0,7.543,3.511,3.902
Ghana,GHA,1992,Beta Cluster,16184863.0,28798780490.0,1779.3651073845976,3.243,0.2,-16.895,0.007,3.235,,0.0,7.591,3.455,3.242
Ghana,GHA,1993,Beta Cluster,16589521.0,30003484574.0,1808.5805234521238,3.818,0.23,17.74,0.007,3.811,,0.0,7.734,3.506,3.818
Ghana,GHA,1994,Beta Cluster,16993190.0,31249854280.0,1838.9633894518922,4.54,0.267,18.906,0.007,4.532,,0.0,7.891,3.592,4.539
Ghana,GHA,1995,Beta Cluster,17399023.0,32723356676.0,1880.7582860256005,4.624,0.266,1.856,0.007,4.617,,0.0,8.02,3.639,4.624
Ghana,GHA,1996,Beta Cluster,17810184.0,34380471108.0,1930.3827017171748,4.858,0.273,5.071,0.007,4.851,,0.0,8.505,3.991,4.858
Ghana,GHA,1997,Beta Cluster,18238961.0,36217443285.0,1985.7185551852433,5.514,0.302,13.499,0.007,5.507,,0.0,8.653,3.91,5.513999999999999
Ghana,GHA,1998,Beta Cluster,18688041.0,38085090200.0,2037.9391397953375,5.584,0.299,1.262,,5.584,,0.0,9.34,4.587,5.584
Ghana,GHA,1999,Beta Cluster,19149875.0,39944569386.0,2085.891912401517,5.613,0.293,0.525,,5.613,,0.0,8.789,4.032,5.613
Ghana,GHA,2000,Beta Cluster,19637085.0,41569375833.0,2116.8811884757843,5.313,0.271,-5.352,,5.313,,0.0,9.468,4.572,5.313
Ghana,GHA,2001,Beta Cluster,20167073.0,43462708607.0,2155.1322101625756,5.969,0.296,12.345,,5.969,,0.0,8.627,3.829,5.969
Ghana,GHA,2002,Beta Cluster,20729392.0,45606385848.0,2200.0831403062857,6.483,0.313,8.622,,6.471,,0.0,8.652,3.686,6.471
Ghana,GHA,2003,Beta Cluster,21296710.0,48182826322.0,2262.453981013969,6.685,0.314,3.105,,6.679,,0.0,9.076,4.076,6.679
Ghana,GHA,2004,Beta Cluster,21868298.0,51015950853.0,2332.872492088776,6.451,0.295,-3.5,,6.397,,0.0,9.07,3.76,6.397
Ghana,GHA,2005,Beta Cluster,22449446.0,54178109578.0,2413.3383771697527,6.113,0.272,-5.233,,6.09,,0.0,9.908,4.732,6.09
Ghana,GHA,2006,Beta Cluster,23040704.0,57735681030.0,2505.812367104755,8.523,0.37,39.426,,8.453,,0.0,9.915,4.606,8.453
Ghana,GHA,2007,Beta Cluster,23642284.0,60409358255.0,2555.1405378177506,8.982,0.38,5.382,,8.922,,0.0,9.745,4.354,8.922
Ghana,GHA,2008,Beta Cluster,24249945.0,66155974151.0,2728.087595703825,8.324,0.343,-7.321,,8.233,,0.0,11.562,4.407,8.233
Ghana,GHA,2009,Beta Cluster,24862667.0,69564814012.0,2797.9626647454998,6.868,0.276,-17.499,,6.793,0.011,0.0,10.97,4.274,6.804
Ghana,GHA,2010,Beta Cluster,25475000.0,75296610301.0,2955.7059980765457,8.943,0.351,30.212,,8.09,0.81,0.0,11.051,4.51,8.9
Ghana,GHA,2011,Beta Cluster,26095091.0,86160263888.0,3301.780548992912,10.329,0.396,15.499,,8.68,1.583,0.011,13.453,4.952,10.274
Ghana,GHA,2012,Beta Cluster,26734273.0,93421855305.0,3494.4602871751927,12.641,0.473,22.385,,11.75,0.802,0.021,13.298,4.809,12.573
Ghana,GHA,2013,Beta Cluster,27386193.0,100187456075.0,3658.319945200123,12.61,0.46,-0.242,,11.831,0.601,0.018,14.567,5.237,12.45
Ghana,GHA,2014,Beta Cluster,28041592.0,103048820009.0,3674.8562638312405,13.257,0.473,5.128,,11.737,1.278,0.021,14.968,5.102,13.036000000000001
Ghana,GHA,2015,Beta Cluster,28696071.0,105234477793.0,3667.208580331433,14.568,0.508,9.894,,11.857,2.44,0.026,15.287,5.349,14.322999999999999
Ghana,GHA,2016,Beta Cluster,29356736.0,108784039058.0,3705.590398673749,13.914,0.474,-4.492,,12.37,1.425,0.025,15.051,5.337,13.82
Ghana,GHA,2017,Beta Cluster,30008364.0,117627099029.0,3919.8104578110288,12.437,0.414,-10.611,,9.448,2.36,0.021,17.157,5.631,11.829
Ghana,GHA,2018,Beta Cluster,30637592.0,124919973796.0,4077.343082184788,15.19,0.496,22.13,,11.438,3.379,0.022,17.282,5.491,14.839
Ghana,GHA,2019,Beta Cluster,31258943.0,133049773378.0,4256.374675816774,16.415,0.525,8.068,,12.018,4.104,0.033,18.786,5.636,16.155
Ghana,GHA,2020,Beta Cluster,31887802.0,133733644694.0,4193.880929579279,19.164,0.601,16.746,,12.255,6.208,0.037,19.632,6.45,18.5
Ghana,GHA,2021,Beta Cluster,32518662.0,140896419821.0,4332.786503362285,20.556,0.632,7.264,,12.822,6.568,0.039,17.524,5.774,19.429000000000002
Ghana,GHA,2022,Beta Cluster,33149152.0,145431875240.0,4387.197453497453,20.745,0.626,0.92,,12.622,7.151,0.039,19.25,6.5,19.812
Ghana,GHA,2023,Beta Cluster,33787916.0,,,20.136,0.596,-2.938,,12.07,7.07,0.039,19.85,6.578,19.179000000000002
Ghana,GHA,2024,Beta Cluster,34427417.0,,,21.022,0.611,4.401,,12.541,7.679,0.039,19.532,6.768,20.259
Greece,GRC,1990,Beta Cluster,10258494.0,161708974933.0,15763.422480239302,83.437,8.133,13.942,39.787,35.973,0.858,5.762,13.096,7.38,82.38
Greece,GRC,1991,Beta Cluster,10306645.0,167630714744.0,16264.333810274828,83.406,8.092,-0.037,38.404,37.43,0.833,5.716,13.027,7.193,82.383
Greece,GRC,1992,Beta Cluster,10359895.0,170259945599.0,16434.524249425307,84.974,8.202,1.88,40.495,37.253,0.413,5.861,13.079,7.074,84.02199999999999
Greece,GRC,1993,Beta Cluster,10412752.0,168977989489.0,16227.985597755522,84.283,8.094,-0.813,40.164,37.041,0.318,5.875,13.231,6.642,83.398
Greece,GRC,1994,Beta Cluster,10466266.0,173829055414.0,16608.50731426088,86.429,8.258,2.546,42.134,37.366,0.2,5.916,13.414,6.773,85.616
Greece,GRC,1995,Beta Cluster,10519233.0,178710456938.0,16988.92466190263,86.962,8.267,0.617,40.427,39.132,0.194,6.356,13.63,6.587,86.109
Greece,GRC,1996,Beta Cluster,10570083.0,185480705042.0,17547.70563693776,89.114,8.431,2.474,39.23,42.474,0.208,6.374,13.791,6.852,88.28599999999999
Greece,GRC,1997,Beta Cluster,10622327.0,195536972604.0,18408.110822044924,93.801,8.831,5.26,42.629,43.466,0.428,6.408,14.065,6.569,92.931
Greece,GRC,1998,Beta Cluster,10675411.0,204984690770.0,19201.57366962265,98.621,9.238,5.139,44.556,45.109,1.645,6.383,14.266,6.421,97.69299999999998
Greece,GRC,1999,Beta Cluster,10727953.0,213181329734.0,19871.575661638337,97.934,9.129,-0.697,43.084,44.716,2.848,6.366,14.267,6.417,97.01400000000001
Greece,GRC,2000,Beta Cluster,10782638.0,223530895992.0,20730.631594235103,102.973,9.55,5.145,45.851,45.632,3.982,6.537,14.516,6.451,102.00200000000001
Greece,GRC,2001,Beta Cluster,10843166.0,234861781413.0,21659.88987100262,105.361,9.717,2.32,47.02,46.859,3.923,6.566,13.884,6.204,104.36800000000001
Greece,GRC,2002,Beta Cluster,10890287.0,246267119689.0,22613.464611997828,105.0,9.642,-0.343,45.544,47.893,4.24,6.313,14.141,6.136,103.99
Greece,GRC,2003,Beta Cluster,10918467.0,262880256421.0,24076.663548188586,109.067,9.989,3.873,45.616,51.337,4.757,6.368,14.327,6.074,108.078
Greece,GRC,2004,Beta Cluster,10947369.0,278667908011.0,25455.240250968065,109.485,10.001,0.384,47.094,49.781,5.245,6.364,14.608,6.076,108.48400000000001
Greece,GRC,2005,Beta Cluster,10981340.0,282859759866.0,25758.218930112354,113.889,10.371,4.022,46.604,53.966,5.385,6.791,14.879,5.865,112.746
Greece,GRC,2006,Beta Cluster,11016107.0,301538680337.0,27372.526459392597,112.419,10.205,-1.29,42.794,55.698,6.284,6.599,15.069,5.67,111.375
Greece,GRC,2007,Beta Cluster,11045737.0,314210147911.0,28446.281847105358,114.545,10.37,1.891,45.193,54.066,7.808,6.407,15.128,5.864,113.474
Greece,GRC,2008,Beta Cluster,11076874.0,315974328109.0,28525.586560702955,111.08,10.028,-3.025,43.285,52.721,8.109,6.054,15.03,5.572,110.169
Greece,GRC,2009,Beta Cluster,11108067.0,305101334774.0,27466.64516643625,104.319,9.391,-6.086,42.243,50.115,6.623,4.582,14.612,5.295,103.563
Greece,GRC,2010,Beta Cluster,11124666.0,290984350750.0,26156.681984879368,97.354,8.751,-6.677,41.26,43.995,7.166,4.209,14.156,5.434,96.63
Greece,GRC,2011,Beta Cluster,11108838.0,266793942822.0,24016.368122570515,94.505,8.507,-2.926,42.08,40.495,8.811,2.43,13.899,5.182,93.816
Greece,GRC,2012,Beta Cluster,11048291.0,247887031358.0,22436.685579516325,91.393,8.272,-3.294,43.257,36.295,8.094,3.099,13.714,4.798,90.74499999999999
Greece,GRC,2013,Beta Cluster,10967534.0,241650188710.0,22033.229047660123,81.713,7.45,-10.591,37.291,32.909,7.336,3.639,13.051,4.82,81.17499999999998
Greece,GRC,2014,Beta Cluster,10893169.0,242799798246.0,22289.179415650302,78.636,7.219,-3.766,35.227,33.482,5.559,3.822,12.916,4.705,78.09
Greece,GRC,2015,Beta Cluster,10820902.0,242323725826.0,22394.041257004268,74.927,6.924,-4.717,29.949,34.977,6.035,3.467,12.642,4.578,74.428
Greece,GRC,2016,Beta Cluster,10775506.0,241143085639.0,22378.817815052025,71.36,6.622,-4.761,23.594,35.568,7.912,3.772,12.355,4.536,70.846
Greece,GRC,2017,Beta Cluster,10753532.0,243776808141.0,22669.464148244504,74.842,6.96,4.88,26.019,35.028,9.536,3.685,12.504,4.59,74.268
Greece,GRC,2018,Beta Cluster,10730846.0,247844015413.0,23096.409678509972,71.778,6.689,-4.094,24.851,33.833,9.072,3.419,12.092,4.415,71.175
Greece,GRC,2019,Beta Cluster,10718581.0,252514250712.0,23558.552266573344,65.736,6.133,-8.417,17.879,33.915,9.998,3.36,11.791,4.404,65.152
Greece,GRC,2020,Beta Cluster,10699370.0,229777821500.0,21475.82722160277,55.577,5.194,-15.455,10.147,31.009,11.043,2.978,11.023,4.328,55.177
Greece,GRC,2021,Beta Cluster,10579561.0,249158215293.0,23550.903037753647,57.528,5.438,3.51,9.259,32.277,12.363,3.167,10.904,4.441,57.066
Greece,GRC,2022,Beta Cluster,10412481.0,263892672733.0,25343.880361750482,57.609,5.533,0.141,8.767,35.274,10.219,2.905,10.601,4.126,57.165
Greece,GRC,2023,Beta Cluster,10242910.0,,,51.988,5.076,-9.757,6.531,32.991,9.078,2.998,10.312,4.002,51.59799999999999
Greece,GRC,2024,Beta Cluster,10047813.0,,,53.361,5.311,2.64,4.823,33.378,11.771,2.998,9.912,3.958,52.97
Greenland,GRL,1990,Beta Cluster,55650.0,,,0.624,11.217,32.062,,0.624,,0.0,,,0.624
Greenland,GRL,1991,Beta Cluster,55740.0,,,0.609,10.933,-2.371,,0.609,,0.0,,,0.609
Greenland,GRL,1992,Beta Cluster,55769.0,,,0.595,10.674,-2.314,,0.595,,0.0,,,0.595
Greenland,GRL,1993,Beta Cluster,55780.0,,,0.545,9.778,-8.382,,0.545,,0.0,,,0.545
Greenland,GRL,1994,Beta Cluster,55766.0,,,0.495,8.884,-9.168,,0.495,,0.0,,,0.495
Greenland,GRL,1995,Beta Cluster,55857.0,,,0.534,9.557,7.751,,0.534,,0.0,,,0.534
Greenland,GRL,1996,Beta Cluster,56020.0,,,0.596,10.648,11.746,,0.596,,0.0,,,0.596
Greenland,GRL,1997,Beta Cluster,56115.0,,,0.617,11.001,3.487,,0.617,,0.0,,,0.617
Greenland,GRL,1998,Beta Cluster,56175.0,,,0.596,10.619,-3.37,,0.596,,0.0,,,0.596
Greenland,GRL,1999,Beta Cluster,56148.0,,,0.594,10.581,-0.402,,0.594,,0.0,,,0.594
Greenland,GRL,2000,Beta Cluster,56228.0,,,0.667,11.866,12.305,,0.667,,0.0,,,0.667
Greenland,GRL,2001,Beta Cluster,56433.0,,,0.618,10.948,-7.404,,0.618,,0.0,,,0.618
Greenland,GRL,2002,Beta Cluster,56617.0,,,0.579,10.234,-6.216,,0.579,,0.0,,,0.579
Greenland,GRL,2003,Beta Cluster,56781.0,,,0.649,11.435,12.065,,0.649,,0.0,,,0.649
Greenland,GRL,2004,Beta Cluster,56926.0,,,0.623,10.937,-4.112,,0.623,,0.0,,,0.623
Greenland,GRL,2005,Beta Cluster,56969.0,,,0.627,11.001,0.658,,0.627,,0.0,,,0.627
Greenland,GRL,2006,Beta Cluster,56901.0,,,0.644,11.313,2.713,,0.644,,0.0,,,0.644
Greenland,GRL,2007,Beta Cluster,56807.0,,,0.635,11.182,-1.32,,0.635,,0.0,,,0.635
Greenland,GRL,2008,Beta Cluster,56683.0,,,0.654,11.531,2.897,,0.654,,0.0,,,0.654
Greenland,GRL,2009,Beta Cluster,56547.0,,,0.577,10.207,-11.69,,0.577,,0.0,,,0.577
Greenland,GRL,2010,Beta Cluster,56634.0,,,0.661,11.666,14.467,,0.661,,0.0,,,0.661
Greenland,GRL,2011,Beta Cluster,56853.0,,,0.705,12.402,6.719,,0.705,,0.0,,,0.705
Greenland,GRL,2012,Beta Cluster,56797.0,,,0.547,9.631,-22.42,,0.547,,0.0,,,0.547
Greenland,GRL,2013,Beta Cluster,56532.0,,,0.562,9.945,2.775,,0.562,,0.0,,,0.562
Greenland,GRL,2014,Beta Cluster,56195.0,,,0.503,8.942,-10.618,,0.503,,0.0,,,0.503
Greenland,GRL,2015,Beta Cluster,56048.0,,,0.548,9.77,8.974,,0.548,,0.0,,,0.548
Greenland,GRL,2016,Beta Cluster,56082.0,,,0.509,9.08,-7.012,,0.509,,0.0,,,0.509
Greenland,GRL,2017,Beta Cluster,56094.0,,,0.536,9.554,5.244,,0.536,,0.0,,,0.536
Greenland,GRL,2018,Beta Cluster,56100.0,,,0.524,9.336,-2.27,,0.524,,0.0,,,0.524
Greenland,GRL,2019,Beta Cluster,56109.0,,,0.526,9.377,0.456,,0.526,,0.0,,,0.526
Greenland,GRL,2020,Beta Cluster,56105.0,,,0.55,9.794,4.444,,0.55,,0.0,,,0.55
Greenland,GRL,2021,Beta Cluster,56065.0,,,0.546,9.745,-0.574,,0.546,,0.0,,,0.546
Greenland,GRL,2022,Beta Cluster,56014.0,,,0.587,10.483,7.476,,0.587,,0.0,,,0.587
Greenland,GRL,2023,Beta Cluster,55951.0,,,0.609,10.884,3.705,,0.609,,0.0,,,0.609
Greenland,GRL,2024,Beta Cluster,55864.0,,,0.619,11.08,1.643,,0.619,,0.0,,,0.619
Grenada,GRD,1990,Beta Cluster,99973.0,,,0.106,1.063,7.407,,0.106,,0.0,0.036,0.008,0.106
Grenada,GRD,1991,Beta Cluster,100806.0,,,0.11,1.09,3.448,,0.11,,0.0,0.036,0.008,0.11
Grenada,GRD,1992,Beta Cluster,101618.0,,,0.117,1.154,6.667,,0.117,,0.0,0.037,0.007,0.117
Grenada,GRD,1993,Beta Cluster,102398.0,,,0.125,1.217,6.25,,0.125,,0.0,0.037,0.008,0.125
Grenada,GRD,1994,Beta Cluster,103150.0,,,0.143,1.385,14.706,,0.143,,0.0,0.037,0.008,0.143
Grenada,GRD,1995,Beta Cluster,103890.0,,,0.15,1.446,5.128,,0.15,,0.0,0.038,0.008,0.15
Grenada,GRD,1996,Beta Cluster,104599.0,,,0.154,1.471,2.439,,0.154,,0.0,0.038,0.008,0.154
Grenada,GRD,1997,Beta Cluster,105309.0,,,0.169,1.6,9.524,,0.169,,0.0,0.039,0.008,0.169
Grenada,GRD,1998,Beta Cluster,106023.0,,,0.176,1.659,4.348,,0.176,,0.0,0.04,0.008,0.176
Grenada,GRD,1999,Beta Cluster,106744.0,,,0.191,1.785,8.333,,0.191,,0.0,0.04,0.008,0.191
Grenada,GRD,2000,Beta Cluster,107466.0,,,0.187,1.739,-1.923,,0.187,,0.0,0.041,0.007,0.187
Grenada,GRD,2001,Beta Cluster,107998.0,,,0.194,1.798,3.922,,0.194,,0.0,0.041,0.007,0.194
Grenada,GRD,2002,Beta Cluster,108414.0,,,0.202,1.859,3.774,,0.202,,0.0,0.041,0.009,0.202
Grenada,GRD,2003,Beta Cluster,108895.0,,,0.213,1.952,5.455,,0.213,,0.0,0.042,0.009,0.213
Grenada,GRD,2004,Beta Cluster,109338.0,,,0.205,1.877,-3.448,,0.205,,0.0,0.042,0.008,0.205
Grenada,GRD,2005,Beta Cluster,109744.0,,,0.216,1.97,5.357,,0.216,,0.0,0.042,0.008,0.216
Grenada,GRD,2006,Beta Cluster,110149.0,,,0.224,2.029,3.39,,0.224,,0.0,0.043,0.009,0.224
Grenada,GRD,2007,Beta Cluster,110532.0,,,0.238,2.155,6.557,,0.238,,0.0,0.043,0.009,0.238
Grenada,GRD,2008,Beta Cluster,110911.0,,,0.26,2.346,9.231,,0.26,,0.0,0.043,0.009,0.26
Grenada,GRD,2009,Beta Cluster,111266.0,,,0.249,2.239,-4.225,,0.249,,0.0,0.043,0.009,0.249
Grenada,GRD,2010,Beta Cluster,111600.0,,,0.256,2.298,2.941,,0.256,,0.0,0.043,0.01,0.256
Grenada,GRD,2011,Beta Cluster,112093.0,,,0.249,2.223,-2.857,,0.249,,0.0,0.043,0.009,0.249
Grenada,GRD,2012,Beta Cluster,112792.0,,,0.267,2.371,7.353,,0.267,,0.0,0.043,0.009,0.267
Grenada,GRD,2013,Beta Cluster,113499.0,,,0.3,2.647,12.329,,0.3,,0.0,0.043,0.01,0.3
Grenada,GRD,2014,Beta Cluster,114148.0,,,0.242,2.119,-19.512,,0.242,,0.0,0.044,0.01,0.242
Grenada,GRD,2015,Beta Cluster,114691.0,,,0.26,2.268,7.576,,0.26,,0.0,0.044,0.01,0.26
Grenada,GRD,2016,Beta Cluster,115147.0,,,0.275,2.387,5.634,,0.275,,0.0,0.045,0.01,0.275
Grenada,GRD,2017,Beta Cluster,115448.0,,,0.293,2.539,6.667,,0.293,,0.0,0.045,0.01,0.293
Grenada,GRD,2018,Beta Cluster,115703.0,,,0.308,2.66,5.0,,0.308,,0.0,0.046,0.01,0.308
Grenada,GRD,2019,Beta Cluster,115995.0,,,0.333,2.874,8.333,,0.333,,0.0,0.047,0.011,0.333
Grenada,GRD,2020,Beta Cluster,116353.0,,,0.289,2.488,-13.187,,0.289,,0.0,0.047,0.01,0.289
Grenada,GRD,2021,Beta Cluster,116696.0,,,0.311,2.669,7.595,,0.311,,0.0,0.048,0.01,0.311
Grenada,GRD,2022,Beta Cluster,116928.0,,,0.342,2.928,9.939,,0.342,,0.0,0.048,0.01,0.342
Grenada,GRD,2023,Beta Cluster,117094.0,,,0.363,3.1,6.011,,0.363,,0.0,0.049,0.01,0.363
Grenada,GRD,2024,Beta Cluster,117218.0,,,0.377,3.216,3.856,,0.377,,0.0,0.049,0.01,0.377
Guatemala,GTM,1990,Beta Cluster,9024775.0,46309390000.0,5131.362277729916,4.658,0.516,11.347,,4.229,0.018,0.411,7.547,2.175,4.6579999999999995
Guatemala,GTM,1991,Beta Cluster,9272592.0,47626497282.0,5136.265812407146,4.756,0.513,2.121,,4.316,0.015,0.426,7.73,2.362,4.757
Guatemala,GTM,1992,Beta Cluster,9522265.0,50269786731.0,5279.183758381016,5.791,0.608,21.758,,5.298,0.018,0.475,8.118,2.452,5.7909999999999995
Guatemala,GTM,1993,Beta Cluster,9779760.0,52486732016.0,5366.873217338667,5.572,0.57,-3.796,,5.078,0.018,0.475,8.441,2.582,5.571
Guatemala,GTM,1994,Beta Cluster,10043713.0,54315587488.0,5407.919111985777,6.639,0.661,19.155,,6.218,0.018,0.403,8.386,2.576,6.638999999999999
Guatemala,GTM,1995,Beta Cluster,10312999.0,56765526295.0,5504.269543224042,7.085,0.687,6.722,,6.562,0.022,0.501,8.543,2.649,7.085000000000001
Guatemala,GTM,1996,Beta Cluster,10583528.0,58480373177.0,5525.602915870776,6.54,0.618,-7.696,,6.082,0.022,0.436,8.659,2.604,6.54
Guatemala,GTM,1997,Beta Cluster,10857754.0,61054671663.0,5623.14007694409,7.46,0.687,14.077,,6.932,0.022,0.506,8.877,2.685,7.460000000000001
Guatemala,GTM,1998,Beta Cluster,11139147.0,64142605771.0,5758.304991486332,8.62,0.774,15.548,,7.999,,0.622,9.075,2.717,8.621
Guatemala,GTM,1999,Beta Cluster,11422977.0,66910781466.0,5857.560727470606,8.874,0.777,2.942,0.04,8.083,,0.751,9.514,2.916,8.873999999999999
Guatemala,GTM,2000,Beta Cluster,11697592.0,68731616093.0,5875.706392649017,9.742,0.833,9.783,0.571,8.358,,0.813,9.598,2.902,9.742
Guatemala,GTM,2001,Beta Cluster,11969423.0,70402333033.0,5881.848526282344,10.147,0.848,4.162,0.531,8.856,,0.76,9.892,2.963,10.147
Guatemala,GTM,2002,Beta Cluster,12246923.0,73303957428.0,5985.499984608378,10.694,0.873,5.381,1.033,8.849,,0.812,10.551,3.05,10.693999999999999
Guatemala,GTM,2003,Beta Cluster,12525843.0,75388396403.0,6018.628558812369,10.411,0.831,-2.638,0.978,8.636,,0.797,10.517,3.415,10.411
Guatemala,GTM,2004,Beta Cluster,12807409.0,78142886190.0,6101.381332477163,11.056,0.863,6.19,1.129,9.142,,0.786,10.795,3.371,11.056999999999999
Guatemala,GTM,2005,Beta Cluster,13087637.0,80920955084.0,6183.007297956079,12.038,0.92,8.886,1.561,9.563,,0.914,11.24,3.611,12.038
Guatemala,GTM,2006,Beta Cluster,13367455.0,85238080655.0,6376.537692103695,12.176,0.911,1.143,1.689,9.513,,0.975,11.464,3.492,12.177
Guatemala,GTM,2007,Beta Cluster,13652042.0,90511916055.0,6629.917784826622,12.117,0.888,-0.484,1.187,9.955,,0.975,12.014,3.636,12.116999999999999
Guatemala,GTM,2008,Beta Cluster,13935172.0,93386251977.0,6701.478243469115,10.735,0.77,-11.408,1.183,8.717,,0.834,12.437,3.342,10.734
Guatemala,GTM,2009,Beta Cluster,14215614.0,93773785204.0,6596.534289971576,11.725,0.825,9.222,0.769,10.076,,0.879,12.955,3.754,11.724
Guatemala,GTM,2010,Beta Cluster,14500118.0,96390296358.0,6647.552548055126,10.817,0.746,-7.741,1.286,8.712,,0.818,13.397,3.885,10.815999999999999
Guatemala,GTM,2011,Beta Cluster,14792123.0,100335200000.0,6783.015527926586,10.979,0.742,1.499,1.29,8.834,,0.856,13.525,4.155,10.979999999999999
Guatemala,GTM,2012,Beta Cluster,15089639.0,103492749162.0,6858.530489828153,11.347,0.752,3.347,1.513,8.922,,0.893,13.893,4.182,11.328000000000001
Guatemala,GTM,2013,Beta Cluster,15387339.0,107099471666.0,6960.2334533605845,12.493,0.812,10.106,2.59,9.033,,0.843,14.237,4.251,12.466
Guatemala,GTM,2014,Beta Cluster,15681725.0,111858970345.0,7133.078175073214,13.425,0.856,7.455,2.8,9.628,,0.955,14.731,4.197,13.383000000000001
Guatemala,GTM,2015,Beta Cluster,15971745.0,116436247567.0,7290.1394034903515,15.449,0.967,15.079,4.016,10.446,,0.924,15.147,4.716,15.386
Guatemala,GTM,2016,Beta Cluster,16268761.0,119554400888.0,7348.709645928168,16.524,1.016,6.955,4.715,10.792,,0.911,15.624,4.852,16.418
Guatemala,GTM,2017,Beta Cluster,16567363.0,123236680953.0,7438.521202982031,16.993,1.026,2.838,3.913,11.945,,1.002,16.055,4.849,16.86
Guatemala,GTM,2018,Beta Cluster,16845688.0,127435350812.0,7564.864718615233,18.338,1.089,7.919,4.619,12.616,,0.99,16.388,5.017,18.224999999999998
Guatemala,GTM,2019,Beta Cluster,17103803.0,132535316516.0,7748.879972249447,19.259,1.126,5.019,4.51,13.56,,1.072,16.741,4.975,19.142
Guatemala,GTM,2020,Beta Cluster,17357331.0,130197392340.0,7501.003025177085,17.157,0.988,-10.914,2.913,12.886,,1.244,17.113,5.158,17.043
Guatemala,GTM,2021,Beta Cluster,17598652.0,140588440273.0,7988.591414444697,19.984,1.136,16.479,3.726,14.671,,1.493,17.485,5.211,19.889999999999997
Guatemala,GTM,2022,Beta Cluster,17847877.0,146224632616.0,8192.830587974133,18.913,1.06,-5.358,1.422,15.766,,1.628,17.809,4.933,18.816
Guatemala,GTM,2023,Beta Cluster,18124841.0,,,19.736,1.089,4.35,1.668,16.714,,1.244,17.993,5.042,19.625999999999998
Guatemala,GTM,2024,Beta Cluster,18406366.0,,,19.88,1.08,0.731,1.192,17.358,,1.244,18.388,5.037,19.794
Guinea,GIN,1990,Beta Cluster,6434383.0,4999407010.0,776.9831248777077,0.967,0.15,-7.368,,0.967,,0.0,6.839,2.823,0.967
Guinea,GIN,1991,Beta Cluster,6697167.0,5139871689.0,767.4695418226842,0.989,0.148,2.273,,0.989,,0.0,7.156,2.919,0.989
Guinea,GIN,1992,Beta Cluster,6914370.0,5362577356.0,775.569915408056,1.015,0.147,2.593,,1.015,,0.0,6.925,2.906,1.015
Guinea,GIN,1993,Beta Cluster,7128174.0,5695353285.0,798.9918996085113,1.044,0.146,2.888,,1.044,,0.0,7.286,2.935,1.044
Guinea,GIN,1994,Beta Cluster,7345106.0,5997837304.0,816.5760036682929,1.085,0.148,3.86,,1.085,,0.0,7.61,3.161,1.085
Guinea,GIN,1995,Beta Cluster,7553252.0,6351702761.0,840.9229244569094,1.121,0.148,3.378,,1.121,,0.0,7.869,3.266,1.121
Guinea,GIN,1996,Beta Cluster,7770035.0,6708782077.0,863.4172274642264,1.183,0.152,5.556,,1.183,,0.0,8.341,2.968,1.183
Guinea,GIN,1997,Beta Cluster,7931371.0,7124296839.0,898.2427929547111,1.238,0.156,4.644,,1.238,,0.0,7.823,2.807,1.238
Guinea,GIN,1998,Beta Cluster,8081993.0,7467530405.0,923.9714022271487,1.312,0.162,5.917,,1.312,,0.0,8.371,3.263,1.312
Guinea,GIN,1999,Beta Cluster,8265121.0,7849296748.0,949.6892723046644,1.385,0.168,5.587,,1.385,,0.0,9.094,3.055,1.385
Guinea,GIN,2000,Beta Cluster,8428837.0,8142368042.0,966.0132283967528,1.444,0.171,4.233,,1.444,,0.0,9.481,3.195,1.444
Guinea,GIN,2001,Beta Cluster,8539963.0,8530150477.0,998.8509876447943,1.517,0.178,5.076,,1.517,,0.0,9.71,3.646,1.517
Guinea,GIN,2002,Beta Cluster,8674072.0,9080053247.0,1046.803997822476,1.579,0.182,4.106,,1.579,,0.0,10.419,4.035,1.579
Guinea,GIN,2003,Beta Cluster,8870790.0,9309105966.0,1049.4111534598385,1.652,0.186,4.64,,1.652,,0.0,10.61,3.982,1.652
Guinea,GIN,2004,Beta Cluster,9062724.0,9645747516.0,1064.3320392411817,1.722,0.19,4.213,,1.722,,0.0,10.738,3.863,1.722
Guinea,GIN,2005,Beta Cluster,9245844.0,10059820577.0,1088.0370225800912,1.784,0.193,3.617,,1.784,,0.0,11.639,4.51,1.784
Guinea,GIN,2006,Beta Cluster,9441174.0,10279820925.0,1088.8286695065676,1.847,0.196,3.491,,1.847,,0.0,11.88,4.472,1.847
Guinea,GIN,2007,Beta Cluster,9662278.0,11105668501.0,1149.3840790960476,1.927,0.199,4.365,,1.927,,0.0,12.13,4.482,1.927
Guinea,GIN,2008,Beta Cluster,9898870.0,11730748654.0,1185.0593708170732,1.964,0.198,1.901,,1.964,,0.0,12.615,4.688,1.964
Guinea,GIN,2009,Beta Cluster,10143540.0,11707653951.0,1154.1980364843043,2.092,0.206,6.53,,2.092,,0.0,12.936,4.626,2.092
Guinea,GIN,2010,Beta Cluster,10396090.0,12362234837.0,1189.1234913318372,2.459,0.236,17.513,,2.459,,0.0,14.894,4.695,2.459
Guinea,GIN,2011,Beta Cluster,10656812.0,13233698841.0,1241.8065403612263,2.557,0.24,4.024,,2.557,,0.0,15.602,5.018,2.557
Guinea,GIN,2012,Beta Cluster,10921580.0,14087313893.0,1289.8604316408432,2.393,0.219,-6.447,,2.393,,0.0,16.418,5.532,2.393
Guinea,GIN,2013,Beta Cluster,11191874.0,14709018009.0,1314.2587210149077,2.077,0.186,-13.17,,2.077,,0.0,16.717,5.513,2.077
Guinea,GIN,2014,Beta Cluster,11472921.0,14874105154.0,1296.453200889294,2.371,0.207,14.109,,2.371,,0.0,17.032,5.511,2.371
Guinea,GIN,2015,Beta Cluster,11767077.0,14900874140.0,1266.3190816206948,2.454,0.209,3.535,,2.454,,0.0,17.178,5.429,2.454
Guinea,GIN,2016,Beta Cluster,12073031.0,16533568057.0,1369.4629009898176,2.7,0.224,9.999,,2.7,,0.0,18.504,6.615,2.7
Guinea,GIN,2017,Beta Cluster,12385668.0,18265129177.0,1474.6987548027284,4.847,0.391,79.548,,4.847,,0.0,18.703,6.281,4.847
Guinea,GIN,2018,Beta Cluster,12704776.0,19467826772.0,1532.3234956680858,3.77,0.297,-22.222,,3.77,,0.0,18.842,5.932,3.77
Guinea,GIN,2019,Beta Cluster,13034349.0,20561330331.0,1577.4727476608152,4.104,0.315,8.856,,4.104,,0.0,19.325,6.395,4.104
Guinea,GIN,2020,Beta Cluster,13371185.0,21528646361.0,1610.0776678357229,4.43,0.331,7.945,,4.43,,0.0,19.68,6.739,4.43
Guinea,GIN,2021,Beta Cluster,13710515.0,22615336825.0,1649.488500249626,4.068,0.297,-8.187,,4.068,,0.0,19.65,6.524,4.068
Guinea,GIN,2022,Beta Cluster,14055136.0,23678257190.0,1684.6693756645257,4.052,0.288,-0.372,,4.052,,0.0,20.619,7.3,4.052
Guinea,GIN,2023,Beta Cluster,14405469.0,,,3.875,0.269,-4.377,,3.875,,0.0,21.231,7.549,3.875
Guinea,GIN,2024,Beta Cluster,14754779.0,,,4.026,0.273,3.901,,4.026,,0.0,21.527,7.762,4.026
Guinea-Bissau,GNB,1990,Beta Cluster,973678.0,1261819956.0,1295.9314639952838,0.095,0.098,-58.73,,0.095,,0.0,1.228,0.538,0.095
Guinea-Bissau,GNB,1991,Beta Cluster,994640.0,1300711311.0,1307.720693919408,0.095,0.096,0.0,,0.095,,0.0,1.244,0.554,0.095
Guinea-Bissau,GNB,1992,Beta Cluster,1024365.0,1333901605.0,1302.174132267307,0.095,0.093,0.0,,0.095,,0.0,1.266,0.546,0.095
Guinea-Bissau,GNB,1993,Beta Cluster,1058755.0,1360698820.0,1285.1876213099347,0.099,0.093,3.846,,0.099,,0.0,1.284,0.547,0.099
Guinea-Bissau,GNB,1994,Beta Cluster,1092037.0,1398135470.0,1280.3004568526524,0.099,0.091,0.0,,0.099,,0.0,1.301,0.56,0.099
Guinea-Bissau,GNB,1995,Beta Cluster,1119950.0,1448758085.0,1293.591754096165,0.103,0.092,3.704,,0.103,,0.0,1.342,0.571,0.103
Guinea-Bissau,GNB,1996,Beta Cluster,1143544.0,1501514648.0,1313.036182254465,0.099,0.087,-3.571,,0.099,,0.0,1.318,0.561,0.099
Guinea-Bissau,GNB,1997,Beta Cluster,1165550.0,1589254020.0,1363.5228175539444,0.117,0.101,18.519,,0.117,,0.0,1.302,0.542,0.117
Guinea-Bissau,GNB,1998,Beta Cluster,1187478.0,1315465409.0,1107.7808675192298,0.088,0.074,-25.0,,0.088,,0.0,1.314,0.533,0.088
Guinea-Bissau,GNB,1999,Beta Cluster,1210211.0,1485364038.0,1227.3595579613802,0.099,0.082,12.5,,0.099,,0.0,1.424,0.59,0.099
Guinea-Bissau,GNB,2000,Beta Cluster,1234747.0,1486201658.0,1203.6487296587884,0.051,0.042,-48.148,,0.051,,0.0,1.455,0.578,0.051
Guinea-Bissau,GNB,2001,Beta Cluster,1261281.0,1520990575.0,1205.9093691255162,0.048,0.038,-7.143,,0.048,,0.0,1.577,0.71,0.048
Guinea-Bissau,GNB,2002,Beta Cluster,1289317.0,1507700424.0,1169.3791550099781,0.062,0.048,30.769,,0.062,,0.0,1.614,0.754,0.062
Guinea-Bissau,GNB,2003,Beta Cluster,1318809.0,1522869105.0,1154.7305978348647,0.073,0.056,17.647,,0.073,,0.0,1.632,0.767,0.073
Guinea-Bissau,GNB,2004,Beta Cluster,1349569.0,1573921435.0,1166.2400625681237,0.044,0.033,-40.0,,0.044,,0.0,1.609,0.733,0.044
Guinea-Bissau,GNB,2005,Beta Cluster,1381590.0,1653070519.0,1196.4986131920468,0.092,0.066,108.333,,0.092,,0.0,1.619,0.689,0.092
Guinea-Bissau,GNB,2006,Beta Cluster,1415315.0,1701901067.0,1202.4892458569293,0.117,0.083,28.0,,0.117,,0.0,1.722,0.784,0.117
Guinea-Bissau,GNB,2007,Beta Cluster,1450989.0,1768965179.0,1219.144444926874,0.084,0.058,-28.125,,0.084,,0.0,1.733,0.761,0.084
Guinea-Bissau,GNB,2008,Beta Cluster,1488059.0,1837842538.0,1235.0602617234936,0.117,0.079,39.13,,0.117,,0.0,1.716,0.68,0.117
Guinea-Bissau,GNB,2009,Beta Cluster,1526384.0,1913611627.0,1253.6895217717167,0.099,0.065,-15.625,,0.099,,0.0,1.796,0.729,0.099
Guinea-Bissau,GNB,2010,Beta Cluster,1566352.0,2015432308.0,1286.7045900282951,0.103,0.065,3.704,,0.103,,0.0,1.852,0.762,0.103
Guinea-Bissau,GNB,2011,Beta Cluster,1608084.0,2192198781.0,1363.2364857805935,0.11,0.068,7.143,,0.11,,0.0,1.837,0.745,0.11
Guinea-Bissau,GNB,2012,Beta Cluster,1651425.0,2160239109.0,1308.1060956446704,0.114,0.069,3.333,,0.114,,0.0,1.939,0.828,0.114
Guinea-Bissau,GNB,2013,Beta Cluster,1695980.0,2238347369.0,1319.7958519558013,0.143,0.084,25.806,,0.143,,0.0,1.936,0.761,0.143
Guinea-Bissau,GNB,2014,Beta Cluster,1741126.0,2253617077.0,1294.3446235367228,0.143,0.082,0.0,,0.143,,0.0,1.885,0.799,0.143
Guinea-Bissau,GNB,2015,Beta Cluster,1786461.0,2372699688.0,1328.1564433816354,0.154,0.086,7.692,,0.154,,0.0,1.963,0.832,0.154
Guinea-Bissau,GNB,2016,Beta Cluster,1831898.0,2519068025.0,1375.113693557174,0.169,0.092,9.524,,0.169,,0.0,1.951,0.78,0.169
Guinea-Bissau,GNB,2017,Beta Cluster,1877074.0,2668676184.0,1421.72135142248,0.183,0.098,8.696,,0.183,,0.0,1.958,0.807,0.183
Guinea-Bissau,GNB,2018,Beta Cluster,1922167.0,2771625236.0,1441.9273850815252,0.198,0.103,8.0,,0.198,,0.0,2.008,0.83,0.198
Guinea-Bissau,GNB,2019,Beta Cluster,1967704.0,2896348420.0,1471.9431479531474,0.256,0.13,29.63,,0.256,,0.0,2.034,0.817,0.256
Guinea-Bissau,GNB,2020,Beta Cluster,2013259.0,2939793794.0,1460.2163924264091,0.311,0.155,21.429,,0.311,,0.0,2.034,0.81,0.311
Guinea-Bissau,GNB,2021,Beta Cluster,2058841.0,3127940606.0,1519.2725450872604,0.341,0.166,9.412,,0.341,,0.0,2.009,0.762,0.341
Guinea-Bissau,GNB,2022,Beta Cluster,2105535.0,3259313986.0,1547.974261173526,0.344,0.164,1.075,,0.344,,0.0,2.074,0.804,0.344
Guinea-Bissau,GNB,2023,Beta Cluster,2153343.0,,,0.329,0.153,-4.377,,0.329,,0.0,2.091,0.798,0.329
Guinea-Bissau,GNB,2024,Beta Cluster,2201360.0,,,0.342,0.155,3.901,,0.342,,0.0,2.094,0.785,0.342
Guyana,GUY,1990,Beta Cluster,749891.0,,,1.129,1.505,-4.644,,1.129,,0.0,1.139,0.367,1.129
Guyana,GUY,1991,Beta Cluster,747870.0,,,1.107,1.48,-1.948,,1.107,,0.0,1.309,0.407,1.107
Guyana,GUY,1992,Beta Cluster,749919.0,,,1.041,1.388,-5.96,,1.041,,0.0,1.384,0.432,1.041
Guyana,GUY,1993,Beta Cluster,752969.0,,,1.044,1.387,0.352,,1.044,,0.0,1.524,0.479,1.044
Guyana,GUY,1994,Beta Cluster,755821.0,,,1.458,1.929,39.649,,1.458,,0.0,1.515,0.428,1.458
Guyana,GUY,1995,Beta Cluster,758395.0,,,1.565,2.063,7.286,,1.565,,0.0,1.734,0.481,1.565
Guyana,GUY,1996,Beta Cluster,760535.0,,,1.656,2.178,5.855,,1.656,,0.0,1.737,0.475,1.656
Guyana,GUY,1997,Beta Cluster,762250.0,,,1.806,2.37,9.071,,1.806,,0.0,1.782,0.518,1.806
Guyana,GUY,1998,Beta Cluster,763596.0,,,1.828,2.394,1.217,,1.828,,0.0,1.675,0.529,1.828
Guyana,GUY,1999,Beta Cluster,764490.0,,,1.836,2.401,0.401,,1.836,,0.0,1.788,0.527,1.836
Guyana,GUY,2000,Beta Cluster,764836.0,,,1.748,2.285,-4.79,,1.748,,0.0,1.537,0.538,1.748
Guyana,GUY,2001,Beta Cluster,764484.0,,,1.74,2.277,-0.419,,1.74,,0.0,1.596,0.457,1.74
Guyana,GUY,2002,Beta Cluster,763657.0,,,1.711,2.241,-1.684,,1.711,,0.0,1.471,0.458,1.711
Guyana,GUY,2003,Beta Cluster,763107.0,,,1.869,2.449,9.208,,1.869,,0.0,1.658,0.54,1.869
Guyana,GUY,2004,Beta Cluster,762424.0,,,1.927,2.528,3.137,,1.927,,0.0,1.54,0.537,1.927
Guyana,GUY,2005,Beta Cluster,760922.0,,,1.616,2.124,-16.16,,1.616,,0.0,1.455,0.463,1.616
Guyana,GUY,2006,Beta Cluster,758976.0,,,1.51,1.989,-6.576,,1.51,,0.0,1.417,0.437,1.51
Guyana,GUY,2007,Beta Cluster,756874.0,,,1.781,2.353,17.961,,1.781,,0.0,1.455,0.45,1.781
Guyana,GUY,2008,Beta Cluster,754614.0,,,1.704,2.258,-4.321,,1.704,,0.0,1.541,0.508,1.704
Guyana,GUY,2009,Beta Cluster,752097.0,,,1.905,2.533,11.828,,1.905,,0.0,1.594,0.467,1.905
Guyana,GUY,2010,Beta Cluster,749259.0,,,1.883,2.514,-1.154,0.0,1.883,,0.0,1.645,0.551,1.883
Guyana,GUY,2011,Beta Cluster,746161.0,,,1.957,2.622,3.891,0.0,1.957,,0.0,1.717,0.466,1.957
Guyana,GUY,2012,Beta Cluster,746296.0,,,1.957,2.622,0.0,0.0,1.957,,0.0,1.75,0.528,1.957
Guyana,GUY,2013,Beta Cluster,750020.0,,,1.902,2.535,-2.809,0.0,1.902,,0.0,1.905,0.553,1.902
Guyana,GUY,2014,Beta Cluster,754231.0,,,1.975,2.618,3.854,0.0,1.975,,0.0,2.065,0.557,1.975
Guyana,GUY,2015,Beta Cluster,758783.0,,,1.964,2.588,-0.557,0.0,1.964,,0.0,2.13,0.629,1.964
Guyana,GUY,2016,Beta Cluster,763553.0,,,2.209,2.893,12.488,0.015,2.194,,0.0,1.811,0.558,2.209
Guyana,GUY,2017,Beta Cluster,768483.0,,,2.158,2.808,-2.311,0.0,2.158,,0.0,1.979,0.526,2.158
Guyana,GUY,2018,Beta Cluster,791563.0,,,2.319,2.93,7.47,0.0,2.319,0.0,0.0,1.921,0.588,2.319
Guyana,GUY,2019,Beta Cluster,807668.0,,,2.645,3.275,14.051,0.0,2.645,0.0,0.0,2.016,0.637,2.645
Guyana,GUY,2020,Beta Cluster,807486.0,,,3.1,3.839,17.203,0.0,2.568,0.004,0.0,2.577,0.599,2.572
Guyana,GUY,2021,Beta Cluster,815484.0,,,2.933,3.596,-5.402,0.0,2.682,0.004,0.0,2.632,0.569,2.686
Guyana,GUY,2022,Beta Cluster,821638.0,,,4.397,5.351,49.914,0.0,4.086,0.004,0.0,3.5,0.536,4.09
Guyana,GUY,2023,Beta Cluster,826357.0,,,4.379,5.299,-0.403,0.0,4.15,0.004,0.014,3.374,0.587,4.168
Guyana,GUY,2024,Beta Cluster,831092.0,,,4.51,5.427,3.001,0.0,4.315,0.006,0.014,3.912,0.537,4.335000000000001
Haiti,HTI,1990,Beta Cluster,6854444.0,10773450000.0,1571.746738320424,0.994,0.145,-2.749,0.033,0.876,,0.085,5.543,1.035,0.994
Haiti,HTI,1991,Beta Cluster,6995455.0,11156723437.0,1594.8531492233171,0.974,0.139,-1.968,0.066,0.802,,0.106,5.758,1.099,0.9740000000000001
Haiti,HTI,1992,Beta Cluster,7136577.0,10725683419.0,1502.917073409283,0.887,0.124,-8.986,0.07,0.733,,0.084,6.199,1.225,0.8869999999999999
Haiti,HTI,1993,Beta Cluster,7278182.0,10302867632.0,1415.5825770776273,0.683,0.094,-22.957,,0.641,,0.042,6.104,1.18,0.683
Haiti,HTI,1994,Beta Cluster,7419776.0,9215060363.0,1241.959374919135,0.183,0.025,-73.181,,0.183,,0.0,6.414,1.177,0.183
Haiti,HTI,1995,Beta Cluster,7562551.0,10289435607.0,1360.5773510816655,0.876,0.116,378.0,,0.876,,0.0,6.498,1.209,0.876
Haiti,HTI,1996,Beta Cluster,7707560.0,10882101707.0,1411.8737586214054,1.019,0.132,16.318,,1.019,,0.0,6.581,1.237,1.019
Haiti,HTI,1997,Beta Cluster,7854304.0,11346974445.0,1444.6823607795166,1.348,0.172,32.374,,1.348,,0.0,6.808,1.33,1.348
Haiti,HTI,1998,Beta Cluster,8002144.0,11780950427.0,1472.2242472767298,1.235,0.154,-8.424,,1.235,,0.0,6.826,1.387,1.235
Haiti,HTI,1999,Beta Cluster,8151301.0,12289767443.0,1507.7062475057662,1.271,0.156,2.967,,1.271,,0.0,6.93,1.389,1.271
Haiti,HTI,2000,Beta Cluster,8303151.0,12590117444.0,1516.3059715522456,1.634,0.197,28.53,,1.634,,0.0,7.186,1.526,1.634
Haiti,HTI,2001,Beta Cluster,8455917.0,12654293375.0,1496.5016065082002,1.466,0.173,-10.264,,1.385,,0.081,7.25,1.526,1.466
Haiti,HTI,2002,Beta Cluster,8607648.0,12820096281.0,1489.3843569114351,1.778,0.207,21.229,,1.663,,0.114,7.316,1.514,1.7770000000000001
Haiti,HTI,2003,Beta Cluster,8759913.0,13072600973.0,1492.320868141042,1.692,0.193,-4.818,,1.579,,0.113,7.376,1.517,1.692
Haiti,HTI,2004,Beta Cluster,8910267.0,12808948010.0,1437.5492911716337,1.643,0.184,-2.899,,1.528,,0.115,7.447,1.517,1.643
Haiti,HTI,2005,Beta Cluster,9061274.0,13245370242.0,1461.7558460322466,1.715,0.189,4.367,,1.601,,0.114,7.569,1.531,1.715
Haiti,HTI,2006,Beta Cluster,9216569.0,13759840125.0,1492.9460328458454,1.746,0.189,1.807,,1.634,,0.112,7.671,1.535,1.746
Haiti,HTI,2007,Beta Cluster,9373300.0,14437110458.0,1540.237745297814,1.766,0.188,1.186,,1.656,,0.11,7.82,1.568,1.766
Haiti,HTI,2008,Beta Cluster,9530782.0,14789629003.0,1551.7749753378055,1.754,0.184,-0.722,,1.641,,0.112,7.931,1.571,1.7530000000000001
Haiti,HTI,2009,Beta Cluster,9689585.0,15482895499.0,1597.8904668259786,1.881,0.194,7.256,,1.77,,0.111,8.089,1.566,1.881
Haiti,HTI,2010,Beta Cluster,9803299.0,14869726114.0,1516.8083839940005,2.129,0.217,13.21,,2.019,,0.111,8.22,1.592,2.1300000000000003
Haiti,HTI,2011,Beta Cluster,9914904.0,15936160000.0,1607.2934241219077,2.272,0.229,6.679,,2.253,,0.018,8.404,1.626,2.271
Haiti,HTI,2012,Beta Cluster,10069770.0,16393482000.0,1627.98971575319,2.262,0.225,-0.414,,2.235,,0.027,8.58,1.636,2.262
Haiti,HTI,2013,Beta Cluster,10222365.0,17085684000.0,1671.40226356621,2.703,0.264,19.492,,2.667,,0.036,8.62,1.648,2.703
Haiti,HTI,2014,Beta Cluster,10373241.0,17572203000.0,1693.9935165875352,2.698,0.26,-0.177,,2.627,,0.071,8.643,1.698,2.698
Haiti,HTI,2015,Beta Cluster,10523249.0,17862468000.0,1697.4289974512624,2.654,0.252,-1.629,,2.583,,0.071,8.707,1.691,2.6540000000000004
Haiti,HTI,2016,Beta Cluster,10671462.0,18337150574.0,1718.335367168997,2.977,0.279,12.147,,2.906,,0.071,8.889,1.72,2.9770000000000003
Haiti,HTI,2017,Beta Cluster,10817759.0,18822570039.0,1739.9694372004406,3.133,0.29,5.26,,3.026,,0.107,8.918,1.726,3.133
Haiti,HTI,2018,Beta Cluster,10962373.0,19129086184.0,1744.9767658881885,3.401,0.31,8.536,,3.294,,0.107,9.22,1.675,3.4010000000000002
Haiti,HTI,2019,Beta Cluster,11105165.0,18799472313.0,1692.8584413648964,3.119,0.281,-8.296,,3.012,,0.107,9.05,1.75,3.119
Haiti,HTI,2020,Beta Cluster,11243846.0,18185520397.0,1617.3754422641505,3.265,0.29,4.699,,3.158,,0.107,8.906,1.65,3.265
Haiti,HTI,2021,Beta Cluster,11374592.0,17851170361.0,1569.3899491955403,3.507,0.308,7.406,,3.4,,0.107,8.875,1.651,3.507
Haiti,HTI,2022,Beta Cluster,11503603.0,17550916862.0,1525.6886787556907,2.87,0.25,-18.159,,2.763,,0.107,8.975,1.664,2.87
Haiti,HTI,2023,Beta Cluster,11637402.0,,,2.865,0.246,-0.195,,2.758,,0.107,8.976,1.664,2.865
Haiti,HTI,2024,Beta Cluster,11772562.0,,,2.971,0.252,3.698,,2.864,,0.107,8.933,1.628,2.971
Honduras,HND,1990,Beta Cluster,4980493.0,14201085625.0,2851.3413481356165,2.505,0.503,-6.552,0.004,2.224,,0.277,5.785,1.609,2.5050000000000003
Honduras,HND,1991,Beta Cluster,5123797.0,14777670050.0,2884.1248101749543,2.527,0.493,0.891,0.004,2.232,,0.291,5.772,1.667,2.527
Honduras,HND,1992,Beta Cluster,5271437.0,15733343099.0,2984.6402601415894,2.803,0.532,10.936,0.004,2.529,,0.271,5.756,1.652,2.804
Honduras,HND,1993,Beta Cluster,5423253.0,16847892598.0,3106.6027341892404,2.941,0.542,4.904,0.004,2.638,,0.299,5.35,1.628,2.941
Honduras,HND,1994,Beta Cluster,5579247.0,16756478908.0,3003.3585012457775,3.231,0.579,9.87,0.004,2.975,,0.252,5.708,1.575,3.231
Honduras,HND,1995,Beta Cluster,5739636.0,17579243982.0,3062.7802846731047,3.836,0.668,18.731,0.004,3.539,,0.293,5.483,1.863,3.8360000000000003
Honduras,HND,1996,Beta Cluster,5903962.0,18358896091.0,3109.5891353975517,3.876,0.656,1.024,0.004,3.488,,0.384,5.525,1.706,3.876
Honduras,HND,1997,Beta Cluster,6071458.0,19427979548.0,3199.8870037476995,4.01,0.661,3.479,0.004,3.591,,0.416,5.529,1.905,4.011
Honduras,HND,1998,Beta Cluster,6234436.0,20150664632.0,3232.1551832435202,4.811,0.772,19.955,0.004,4.452,,0.355,5.426,1.937,4.811
Honduras,HND,1999,Beta Cluster,6400470.0,19928432930.0,3113.5889911209647,4.705,0.735,-2.204,0.147,4.173,,0.385,4.914,1.913,4.705
Honduras,HND,2000,Beta Cluster,6577781.0,21239307387.0,3228.9471764110117,5.032,0.765,6.95,0.352,4.18,,0.5,5.133,2.099,5.032
Honduras,HND,2001,Beta Cluster,6757992.0,21992955509.0,3254.362465803452,5.665,0.838,12.588,0.322,4.833,,0.509,5.299,1.98,5.664000000000001
Honduras,HND,2002,Beta Cluster,6938866.0,22983633152.0,3312.303934389279,5.945,0.857,4.95,0.37,5.108,,0.468,5.742,1.702,5.946
Honduras,HND,2003,Beta Cluster,7119213.0,24205428089.0,3400.0145927646777,6.687,0.939,12.472,0.443,5.763,,0.48,6.538,2.128,6.686
Honduras,HND,2004,Beta Cluster,7299003.0,25910108120.0,3549.8146966099343,7.194,0.986,7.588,0.462,6.21,,0.522,6.538,1.856,7.194
Honduras,HND,2005,Beta Cluster,7478362.0,27704981594.0,3704.6858114116435,6.835,0.914,-4.994,0.095,6.225,,0.514,6.854,2.189,6.834
Honduras,HND,2006,Beta Cluster,7656832.0,29769398424.0,3887.9524095605075,7.698,1.005,12.632,0.176,6.903,,0.619,6.8,2.212,7.6979999999999995
Honduras,HND,2007,Beta Cluster,7834806.0,31871721735.0,4067.9656567118573,8.216,1.049,6.732,0.187,7.386,,0.643,6.959,2.224,8.216000000000001
Honduras,HND,2008,Beta Cluster,8012590.0,33484306097.0,4178.961621273521,8.533,1.065,3.852,0.311,7.573,,0.648,7.125,2.189,8.532
Honduras,HND,2009,Beta Cluster,8189904.0,32923391943.0,4019.997297037914,8.03,0.981,-5.889,0.268,7.126,,0.637,7.433,2.216,8.031
Honduras,HND,2010,Beta Cluster,8365881.0,34409603132.0,4113.08780653227,8.107,0.969,0.948,0.278,7.222,,0.606,7.561,2.254,8.106
Honduras,HND,2011,Beta Cluster,8540587.0,35990758725.0,4214.084901307135,8.857,1.037,9.253,0.333,7.856,,0.668,7.719,2.529,8.857
Honduras,HND,2012,Beta Cluster,8715081.0,37443688294.0,4296.424587906871,9.108,1.045,2.842,0.381,7.962,,0.765,7.824,2.385,9.108
Honduras,HND,2013,Beta Cluster,8889276.0,38446700070.0,4325.0654012767745,9.328,1.049,2.414,0.37,8.266,,0.692,8.006,2.475,9.328
Honduras,HND,2014,Beta Cluster,9063127.0,39484545761.0,4356.61397672128,9.503,1.049,1.876,0.392,8.449,,0.662,8.146,2.56,9.503
Honduras,HND,2015,Beta Cluster,9237306.0,40757802007.0,4412.303977696528,10.898,1.18,14.675,0.337,9.838,,0.723,8.278,2.474,10.898
Honduras,HND,2016,Beta Cluster,9412380.0,42125312119.0,4475.521825404414,9.939,1.056,-8.8,0.15,9.006,,0.782,8.391,2.678,9.938
Honduras,HND,2017,Beta Cluster,9588144.0,43936103834.0,4582.336668493924,10.198,1.064,2.608,0.004,9.284,,0.91,8.238,2.656,10.198
Honduras,HND,2018,Beta Cluster,9765209.0,45477892182.0,4657.134545917041,9.876,1.011,-3.155,,9.043,,0.833,8.469,2.789,9.876
Honduras,HND,2019,Beta Cluster,9943637.0,46684518271.0,4694.913769579481,10.963,1.102,11.0,,10.197,,0.765,8.571,2.617,10.962
Honduras,HND,2020,Beta Cluster,10119638.0,42499283305.0,4199.6841492749045,9.977,0.986,-8.992,,9.343,,0.634,8.802,2.995,9.977
Honduras,HND,2021,Beta Cluster,10289881.0,47826185166.0,4647.885156883738,11.06,1.075,10.855,,10.358,,0.702,8.715,2.652,11.06
Honduras,HND,2022,Beta Cluster,10463880.0,49738252980.0,4753.327922338559,11.742,1.122,6.169,,11.019,,0.723,8.809,2.665,11.742
Honduras,HND,2023,Beta Cluster,10644853.0,,,12.404,1.165,5.641,,11.681,,0.723,8.9,2.726,12.404
Honduras,HND,2024,Beta Cluster,10825704.0,,,12.855,1.187,3.632,,12.132,,0.723,8.958,2.697,12.855
Hong Kong,HKG,1990,Beta Cluster,5560599.0,159035333203.0,28600.395965074986,27.148,4.882,-9.932,18.109,8.302,,0.737,3.492,0.551,27.148
Hong Kong,HKG,1991,Beta Cluster,5628091.0,166388672053.0,29563.962639019162,28.463,5.057,4.845,19.534,8.247,,0.683,3.547,0.701,28.464
Hong Kong,HKG,1992,Beta Cluster,5759558.0,174712323919.0,30334.32841877797,32.922,5.716,15.666,20.713,11.542,,0.668,3.582,0.757,32.923
Hong Kong,HKG,1993,Beta Cluster,5902506.0,183841594031.0,31146.362922968652,34.778,5.892,5.637,23.989,10.093,,0.695,3.663,0.788,34.777
Hong Kong,HKG,1994,Beta Cluster,6042259.0,193897052623.0,32090.159098277647,31.079,5.144,-10.635,17.137,13.161,,0.782,3.731,0.756,31.080000000000002
Hong Kong,HKG,1995,Beta Cluster,6177105.0,196081470595.0,31743.263324000483,31.271,5.062,0.616,18.474,11.967,0.055,0.775,3.778,0.739,31.271
Hong Kong,HKG,1996,Beta Cluster,6302469.0,207053020618.0,32852.6837050686,28.909,4.587,-7.554,13.731,11.213,3.144,0.82,3.846,0.619,28.908
Hong Kong,HKG,1997,Beta Cluster,6416674.0,216031296787.0,33667.17660691505,30.497,4.753,5.495,11.582,13.223,4.913,0.778,3.915,0.606,30.496
Hong Kong,HKG,1998,Beta Cluster,6521331.0,201421963837.0,30886.634007229506,38.925,5.969,27.636,14.312,19.383,4.609,0.622,3.952,0.848,38.926
Hong Kong,HKG,1999,Beta Cluster,6616524.0,205093825462.0,30997.216281842248,42.549,6.431,9.31,11.698,25.21,5.082,0.56,4.019,0.998,42.550000000000004
Hong Kong,HKG,2000,Beta Cluster,6704665.0,218622146616.0,32607.46757906622,39.765,5.931,-6.542,14.464,20.718,4.583,0.0,4.129,0.756,39.765
Hong Kong,HKG,2001,Beta Cluster,6774243.0,219159408785.0,32351.867032965896,37.289,5.504,-6.229,15.14,17.455,4.694,0.0,4.123,0.672,37.289
Hong Kong,HKG,2002,Beta Cluster,6821412.0,222182532288.0,32571.340404010196,39.003,5.718,4.599,19.661,14.77,4.573,0.0,4.128,0.591,39.004
Hong Kong,HKG,2003,Beta Cluster,6858906.0,225487397415.0,32875.12577297312,42.733,6.23,9.563,25.06,14.753,2.92,0.0,4.151,0.617,42.733000000000004
Hong Kong,HKG,2004,Beta Cluster,6888164.0,243895605092.0,35407.92656678906,41.158,5.975,-3.687,23.169,13.768,4.221,0.0,4.2,0.51,41.158
Hong Kong,HKG,2005,Beta Cluster,6908483.0,259469641313.0,37558.121126302256,43.334,6.273,5.288,25.467,13.65,4.218,0.0,4.264,0.534,43.334999999999994
Hong Kong,HKG,2006,Beta Cluster,6931089.0,274690745926.0,39631.68643859572,41.915,6.047,-3.275,25.239,11.823,4.459,0.394,4.323,0.525,41.915
Hong Kong,HKG,2007,Beta Cluster,6971344.0,291247413551.0,41777.799740050126,43.572,6.25,3.955,27.605,11.732,3.851,0.385,4.374,0.549,43.573
Hong Kong,HKG,2008,Beta Cluster,7020689.0,295823304243.0,42135.93626537224,42.794,6.095,-1.786,25.963,11.714,4.573,0.545,4.411,0.541,42.795
Hong Kong,HKG,2009,Beta Cluster,7064464.0,285619082956.0,40430.39683633464,41.583,5.886,-2.83,27.117,8.863,5.174,0.429,4.427,0.605,41.583000000000006
Hong Kong,HKG,2010,Beta Cluster,7101614.0,302377330309.0,42578.67722872575,40.063,5.641,-3.656,23.589,9.438,6.478,0.558,4.485,0.563,40.063
Hong Kong,HKG,2011,Beta Cluster,7142969.0,314044556431.0,43965.549399836396,43.15,6.041,7.705,28.063,9.237,5.269,0.581,4.536,0.586,43.15
Hong Kong,HKG,2012,Beta Cluster,7201059.0,319384208506.0,44352.39435005323,42.738,5.935,-0.953,27.623,9.6,4.884,0.632,4.567,0.586,42.739
Hong Kong,HKG,2013,Beta Cluster,7264330.0,329290162080.0,45329.73613258208,44.31,6.1,3.678,29.45,9.428,4.756,0.676,4.608,0.562,44.31
Hong Kong,HKG,2014,Beta Cluster,7319502.0,338386398632.0,46230.79529618272,45.492,6.215,2.666,30.853,9.267,4.646,0.725,4.652,0.575,45.49100000000001
Hong Kong,HKG,2015,Beta Cluster,7366411.0,346466191769.0,47033.24207256424,42.404,5.756,-6.789,25.373,10.212,6.082,0.737,4.684,0.564,42.404
Hong Kong,HKG,2016,Beta Cluster,7408006.0,354003396927.0,47786.59695024545,43.366,5.854,2.269,25.375,11.053,6.236,0.702,4.728,0.591,43.36599999999999
Hong Kong,HKG,2017,Beta Cluster,7444889.0,367441685993.0,49354.89111966612,42.431,5.699,-2.155,23.772,11.838,6.218,0.603,4.788,0.614,42.431000000000004
Hong Kong,HKG,2018,Beta Cluster,7471190.0,377902310676.0,50581.27429177949,42.597,5.702,0.391,24.411,11.5,6.06,0.626,4.842,0.612,42.597
Hong Kong,HKG,2019,Beta Cluster,7485817.0,371582312306.0,49638.17741016111,41.897,5.597,-1.644,23.378,11.621,6.287,0.611,4.894,0.615,41.897
Hong Kong,HKG,2020,Beta Cluster,7490240.0,347263059452.0,46362.07377226898,33.513,4.474,-20.01,12.447,11.051,9.431,0.585,4.948,0.538,33.513999999999996
Hong Kong,HKG,2021,Beta Cluster,7484604.0,369654417943.0,49388.64072741858,33.637,4.494,0.37,13.832,9.889,9.424,0.492,4.995,0.518,33.63699999999999
Hong Kong,HKG,2022,Beta Cluster,7465913.0,356690492875.0,47775.87052983339,30.764,4.121,-8.542,13.602,7.351,9.2,0.611,5.042,0.469,30.764
Hong Kong,HKG,2023,Beta Cluster,7442738.0,,,32.957,4.428,7.129,13.289,9.128,9.929,0.611,5.1,0.505,32.957
Hong Kong,HKG,2024,Beta Cluster,7414914.0,,,33.324,4.494,1.113,11.347,10.369,10.997,0.611,5.148,0.442,33.324
Hungary,HUN,1990,Beta Cluster,10381280.0,106788855164.0,10286.675165682844,73.427,7.073,-3.27,26.517,22.863,20.458,1.751,14.995,9.545,71.589
Hungary,HUN,1991,Beta Cluster,10378174.0,95825225553.0,9233.34158330743,69.825,6.728,-4.906,25.188,21.602,20.481,1.102,14.486,7.653,68.373
Hungary,HUN,1992,Beta Cluster,10371477.0,94567780137.0,9118.06294677219,62.281,6.005,-10.804,20.751,21.748,17.622,0.859,12.999,5.696,60.980000000000004
Hungary,HUN,1993,Beta Cluster,10356869.0,95740692963.0,9244.173404433328,62.991,6.082,1.141,20.066,21.508,19.158,1.022,12.482,6.238,61.754
Hungary,HUN,1994,Beta Cluster,10339936.0,100339331340.0,9704.057292037398,61.88,5.985,-1.764,18.693,21.2,19.453,1.181,11.907,6.895,60.527
Hungary,HUN,1995,Beta Cluster,10322792.0,104751822959.0,10147.625076529683,61.464,5.954,-0.673,18.394,19.802,20.935,1.186,11.764,6.189,60.317
Hungary,HUN,1996,Beta Cluster,10302238.0,106886865711.0,10375.111282713524,63.083,6.123,2.634,18.914,18.5,23.508,1.111,12.019,7.189,62.032999999999994
Hungary,HUN,1997,Beta Cluster,10278600.0,112676520011.0,10962.243886424221,61.676,6.0,-2.231,18.413,18.726,22.352,1.174,11.855,7.068,60.665
Hungary,HUN,1998,Beta Cluster,10251717.0,119818720518.0,11687.673442214607,61.255,5.975,-0.682,17.356,19.339,22.341,1.222,11.587,6.67,60.258
Hungary,HUN,1999,Beta Cluster,10219797.0,126176462095.0,12346.27870739507,61.575,6.025,0.522,17.586,19.196,22.604,1.224,11.624,6.672,60.60999999999999
Hungary,HUN,2000,Beta Cluster,10190598.0,134151505450.0,13164.242711762352,58.244,5.716,-5.409,16.473,17.502,22.045,1.353,11.524,6.982,57.373
Hungary,HUN,2001,Beta Cluster,10166693.0,142043461403.0,13971.451818501848,59.828,5.885,2.718,15.905,17.279,24.461,1.357,11.196,7.443,59.001999999999995
Hungary,HUN,2002,Beta Cluster,10138461.0,151456660939.0,14938.821675104338,58.842,5.804,-1.648,15.662,16.361,24.582,1.426,10.992,6.525,58.031000000000006
Hungary,HUN,2003,Beta Cluster,10108970.0,160456137012.0,15872.649440249601,61.611,6.095,4.706,16.198,16.133,26.969,1.412,10.885,6.384,60.712
Hungary,HUN,2004,Beta Cluster,10085788.0,171925388770.0,17046.30206088012,59.985,5.947,-2.64,15.513,15.68,26.557,1.289,10.645,7.224,59.039
Hungary,HUN,2005,Beta Cluster,10065703.0,183107031890.0,18191.181668086174,60.142,5.975,0.262,13.643,16.481,27.768,1.199,11.06,6.97,59.091
Hungary,HUN,2006,Beta Cluster,10049946.0,194033322767.0,19306.90202385167,59.529,5.923,-1.02,13.669,17.222,26.298,1.296,11.047,6.723,58.485
Hungary,HUN,2007,Beta Cluster,10034084.0,198872162765.0,19819.662937344354,58.449,5.825,-1.814,13.627,17.592,24.884,1.328,10.794,6.063,57.431000000000004
Hungary,HUN,2008,Beta Cluster,10016653.0,204720371926.0,20438.001788222075,57.184,5.709,-2.163,13.118,17.336,24.401,1.261,10.382,5.696,56.11600000000001
Hungary,HUN,2009,Beta Cluster,10001381.0,195180908684.0,19515.395792241092,51.458,5.145,-10.015,11.237,17.26,21.214,0.973,10.114,5.24,50.684
Hungary,HUN,2010,Beta Cluster,9979128.0,200496589291.0,20091.594104314525,51.993,5.21,1.04,11.721,16.067,22.697,0.735,9.824,5.15,51.22
Hungary,HUN,2011,Beta Cluster,9946675.0,208407605976.0,20952.48974918754,50.156,5.042,-3.533,12.022,15.14,21.661,0.564,9.706,5.39,49.387
Hungary,HUN,2012,Beta Cluster,9916621.0,205802052322.0,20753.24370287016,46.72,4.711,-6.85,11.538,14.471,19.326,0.678,9.637,5.259,46.013
Hungary,HUN,2013,Beta Cluster,9889344.0,209511661762.0,21185.597524163382,43.487,4.397,-6.921,10.26,13.982,18.031,0.516,9.527,5.625,42.788999999999994
Hungary,HUN,2014,Beta Cluster,9862843.0,218378634753.0,22141.550337260767,43.639,4.425,0.35,10.289,15.335,16.782,0.566,9.187,5.666,42.97200000000001
Hungary,HUN,2015,Beta Cluster,9839211.0,226474616785.0,23017.558703131785,46.567,4.733,6.71,10.624,16.673,17.895,0.676,9.062,5.691,45.867999999999995
Hungary,HUN,2016,Beta Cluster,9810529.0,231459349147.0,23592.95295360729,47.039,4.795,1.014,9.879,16.713,19.041,0.705,8.86,6.185,46.337999999999994
Hungary,HUN,2017,Beta Cluster,9785608.0,241347220007.0,24663.487440637313,49.424,5.051,5.069,10.177,17.631,20.107,0.783,9.031,6.181,48.698
Hungary,HUN,2018,Beta Cluster,9774395.0,254289117363.0,26015.842142966394,49.366,5.051,-0.116,9.577,18.712,19.467,0.882,9.073,6.223,48.638
Hungary,HUN,2019,Beta Cluster,9770346.0,266658311342.0,27292.61700066712,49.159,5.031,-0.42,8.324,19.52,19.598,1.023,9.207,6.187,48.465
Hungary,HUN,2020,Beta Cluster,9749459.0,254563881936.0,26110.564897600983,47.105,4.832,-4.178,7.511,17.463,20.554,0.929,9.415,6.338,46.457
Hungary,HUN,2021,Beta Cluster,9707848.0,272892486007.0,28110.502554943178,48.326,4.978,2.592,6.06,18.887,21.796,1.002,9.489,6.319,47.745
Hungary,HUN,2022,Beta Cluster,9684308.0,285385229433.0,29468.830342136993,45.267,4.674,-6.33,5.559,19.647,18.73,0.815,9.355,5.341,44.751
Hungary,HUN,2023,Beta Cluster,9686465.0,,,40.344,4.165,-10.876,4.315,18.384,16.689,0.544,9.429,5.752,39.932
Hungary,HUN,2024,Beta Cluster,9676135.0,,,40.017,4.136,-0.809,3.611,18.643,16.807,0.544,9.494,5.427,39.605
Iceland,ISL,1990,Gamma Cluster,254842.0,7325718271.0,28746.118265435052,2.222,8.719,17.165,0.282,1.819,0.0,0.052,0.583,0.381,2.153
Iceland,ISL,1991,Gamma Cluster,257817.0,7288590266.0,28270.40213019312,2.103,8.157,-5.352,0.245,1.732,0.0,0.048,0.577,0.374,2.025
Iceland,ISL,1992,Gamma Cluster,261087.0,7011078151.0,26853.41725555083,2.249,8.615,6.954,0.243,1.886,0.0,0.045,0.571,0.366,2.174
Iceland,ISL,1993,Gamma Cluster,263760.0,7076878574.0,26830.74982559903,2.4,9.1,6.705,0.298,1.971,0.0,0.039,0.58,0.372,2.3080000000000003
Iceland,ISL,1994,Gamma Cluster,266063.0,7301854318.0,27444.080229118666,2.349,8.83,-2.119,0.293,1.943,0.0,0.037,0.593,0.369,2.273
Iceland,ISL,1995,Gamma Cluster,267516.0,7280955133.0,27216.8959351964,2.469,9.229,5.094,0.296,2.045,0.0,0.037,0.596,0.354,2.3779999999999997
Iceland,ISL,1996,Gamma Cluster,268967.0,7601917128.0,28263.382229046685,2.523,9.38,2.189,0.281,2.112,0.0,0.041,0.607,0.368,2.434
Iceland,ISL,1997,Gamma Cluster,271194.0,8108417582.0,29898.956400215346,2.618,9.655,3.78,0.32,2.178,0.0,0.045,0.611,0.362,2.5429999999999997
Iceland,ISL,1998,Gamma Cluster,274121.0,8607334873.0,31399.76460395227,2.638,9.625,0.76,0.284,2.209,0.0,0.053,0.62,0.366,2.546
Iceland,ISL,1999,Gamma Cluster,277450.0,8919642339.0,32148.647824833304,2.841,10.239,7.682,0.358,2.304,0.0,0.06,0.622,0.373,2.722
Iceland,ISL,2000,Gamma Cluster,281293.0,9307402059.0,33087.9263223756,2.933,10.426,3.231,0.466,2.243,0.0,0.064,0.614,0.371,2.773
Iceland,ISL,2001,Gamma Cluster,285058.0,9632094658.0,33789.94681082446,2.865,10.051,-2.31,0.502,2.155,0.0,0.058,0.62,0.349,2.715
Iceland,ISL,2002,Gamma Cluster,287609.0,9623436669.0,33460.1374400662,2.992,10.403,4.433,0.513,2.287,0.0,0.038,0.612,0.358,2.8379999999999996
Iceland,ISL,2003,Gamma Cluster,289616.0,9810546928.0,33874.326446052706,2.985,10.308,-0.219,0.51,2.299,0.0,0.032,0.61,0.353,2.841
Iceland,ISL,2004,Gamma Cluster,292172.0,10591927126.0,36252.3688991416,3.107,10.635,4.078,0.526,2.398,0.0,0.05,0.612,0.349,2.974
Iceland,ISL,2005,Gamma Cluster,296852.0,11206862490.0,37752.35635939795,2.976,10.026,-4.21,0.484,2.309,0.0,0.054,0.673,0.349,2.847
Iceland,ISL,2006,Gamma Cluster,303883.0,11775508947.0,38750.14050473373,3.154,10.38,5.981,0.515,2.44,0.0,0.061,0.677,0.371,3.016
Iceland,ISL,2007,Gamma Cluster,311662.0,12798725464.0,41066.04418889694,3.494,11.212,10.777,0.596,2.674,0.0,0.063,0.656,0.376,3.333
Iceland,ISL,2008,Gamma Cluster,317519.0,13031114591.0,41040.424639155455,3.811,12.004,9.077,0.639,2.911,0.0,0.061,0.663,0.389,3.6109999999999998
Iceland,ISL,2009,Gamma Cluster,318619.0,12031037299.0,37759.949340748666,3.73,11.708,-2.126,0.622,2.898,0.0,0.028,0.642,0.343,3.548
Iceland,ISL,2010,Gamma Cluster,318163.0,11531450215.0,36243.844240216495,3.627,11.399,-2.783,0.626,2.79,0.0,0.01,0.637,0.343,3.4259999999999997
Iceland,ISL,2011,Gamma Cluster,319139.0,11716753534.0,36713.63742444515,3.503,10.978,-3.396,0.639,2.654,0.0,0.02,0.612,0.347,3.313
Iceland,ISL,2012,Gamma Cluster,320851.0,11841375384.0,36906.15078026872,3.499,10.906,-0.123,0.659,2.657,0.0,0.0,0.587,0.349,3.316
Iceland,ISL,2013,Gamma Cluster,323891.0,12380449213.0,38224.12235289032,3.489,10.772,-0.296,0.661,2.644,0.0,0.0,0.579,0.342,3.305
Iceland,ISL,2014,Gamma Cluster,327517.0,12589333385.0,38438.71733375672,3.445,10.519,-1.247,0.625,2.625,0.0,0.0,0.601,0.361,3.25
Iceland,ISL,2015,Gamma Cluster,330962.0,13147880818.0,39726.25503229978,3.541,10.699,2.779,0.661,2.706,0.0,0.0,0.628,0.368,3.367
Iceland,ISL,2016,Gamma Cluster,335571.0,13976682094.0,41650.446832414,3.494,10.411,-1.337,0.66,2.673,0.0,0.0,0.65,0.362,3.333
Iceland,ISL,2017,Gamma Cluster,343537.0,14562998209.0,42391.35292268373,3.611,10.511,3.357,0.693,2.758,0.001,0.0,0.683,0.373,3.452
Iceland,ISL,2018,Gamma Cluster,352860.0,15275006901.0,43289.142722326134,3.665,10.388,1.507,0.715,2.783,0.001,0.0,0.686,0.364,3.4989999999999997
Iceland,ISL,2019,Gamma Cluster,360709.0,15550746271.0,43111.61149569321,3.553,9.849,-3.075,0.684,2.691,0.003,0.0,0.657,0.355,3.378
Iceland,ISL,2020,Gamma Cluster,366626.0,14424580947.0,39344.12984076416,3.339,9.107,-6.016,0.668,2.481,0.003,0.0,0.606,0.352,3.152
Iceland,ISL,2021,Gamma Cluster,372647.0,15049658393.0,40385.83000265667,3.491,9.367,4.544,0.726,2.587,0.001,0.0,0.602,0.354,3.314
Iceland,ISL,2022,Gamma Cluster,380368.0,16019540441.0,42115.89944737728,3.598,9.458,3.067,0.77,2.641,0.002,0.0,0.595,0.35,3.413
Iceland,ISL,2023,Gamma Cluster,387559.0,,,3.508,9.052,-2.486,0.671,2.65,0.002,0.0,0.578,0.348,3.3229999999999995
Iceland,ISL,2024,Gamma Cluster,393404.0,,,3.803,9.667,8.402,0.868,2.748,0.002,0.0,0.557,0.346,3.618
India,IND,1990,Gamma Cluster,864972221.0,1750993000000.0,2024.3343745486595,577.987,0.668,6.904,366.504,158.167,21.097,22.348,636.163,147.914,568.116
India,IND,1991,Gamma Cluster,883927605.0,1768493598375.0,2000.7222179411401,615.388,0.696,6.471,393.066,166.423,23.563,24.503,643.841,152.574,607.5550000000001
India,IND,1992,Gamma Cluster,902957075.0,1851711465033.0,2050.719260417778,655.424,0.726,6.506,411.39,188.056,27.257,25.156,649.039,156.969,651.8589999999999
India,IND,1993,Gamma Cluster,922118380.0,1944353884791.0,2108.572963040819,677.262,0.734,3.332,433.085,186.878,26.996,26.602,647.945,160.823,673.5609999999999
India,IND,1994,Gamma Cluster,941163772.0,2055026658036.0,2183.4952844275012,714.043,0.759,5.431,455.699,198.955,28.997,28.54,653.566,166.668,712.1909999999999
India,IND,1995,Gamma Cluster,960301046.0,2189535837458.0,2280.051496953175,760.48,0.792,6.503,471.741,216.281,39.051,31.104,661.917,170.235,758.177
India,IND,1996,Gamma Cluster,979678460.0,2345228680352.0,2393.8759257317956,823.602,0.841,8.3,504.479,243.161,39.747,34.079,668.736,175.108,821.4659999999999
India,IND,1997,Gamma Cluster,999133764.0,2426804815330.0,2428.9088235937147,857.976,0.859,4.174,527.685,244.203,46.024,37.418,676.001,179.75,855.3299999999999
India,IND,1998,Gamma Cluster,1018665080.0,2567853125008.0,2520.8021511918323,875.783,0.86,2.076,524.136,262.892,47.595,39.026,679.577,183.609,873.649
India,IND,1999,Gamma Cluster,1038225822.0,2710353015518.0,2610.5621321350645,961.194,0.926,9.752,560.465,301.469,52.619,44.592,684.029,187.064,959.145
India,IND,2000,Gamma Cluster,1057922731.0,2804478499774.0,2650.9294276369983,987.065,0.933,2.692,572.903,313.441,52.791,45.957,685.316,183.787,985.092
India,IND,2001,Gamma Cluster,1077898579.0,2940745466088.0,2728.2209322663925,1001.198,0.929,1.432,582.111,317.363,53.128,46.74,689.962,186.588,999.342
India,IND,2002,Gamma Cluster,1097600380.0,3024984520809.0,2755.9980626182,1032.75,0.941,3.151,598.539,325.889,57.609,49.111,683.408,180.288,1031.1480000000001
India,IND,2003,Gamma Cluster,1116803000.0,3251114494190.0,2911.090401968834,1068.398,0.957,3.452,625.833,331.333,58.565,50.88,695.315,186.553,1066.611
India,IND,2004,Gamma Cluster,1135991509.0,3495022816540.0,3076.62758819089,1134.611,0.999,6.197,669.993,348.992,58.316,55.545,705.392,193.083,1132.8460000000002
India,IND,2005,Gamma Cluster,1154676321.0,3752627653422.0,3249.939039342264,1195.393,1.035,5.357,721.496,353.15,59.357,59.687,721.894,201.701,1193.6899999999998
India,IND,2006,Gamma Cluster,1172878888.0,4069856052453.0,3469.9712767385067,1293.321,1.103,8.192,773.551,370.544,82.58,64.905,733.283,211.708,1291.58
India,IND,2007,Gamma Cluster,1190676028.0,4403215224414.0,3698.0800157790695,1393.485,1.17,7.745,842.536,392.818,87.956,68.333,749.827,222.493,1391.6429999999998
India,IND,2008,Gamma Cluster,1207930960.0,4649548164533.0,3849.183702132281,1490.366,1.234,6.952,910.753,414.204,90.277,73.245,764.115,227.304,1488.4790000000003
India,IND,2009,Gamma Cluster,1225524764.0,4993478894185.0,4074.5638447049773,1613.328,1.316,8.25,983.947,433.771,112.463,81.268,762.322,233.941,1611.449
India,IND,2010,Gamma Cluster,1243481565.0,5361371354007.0,4311.580891033957,1678.53,1.35,4.041,1015.983,440.692,134.121,86.029,769.342,242.128,1676.825
India,IND,2011,Gamma Cluster,1261224956.0,5720692888000.0,4535.822781483243,1765.695,1.4,5.193,1074.385,461.37,135.977,91.314,781.037,251.811,1763.0460000000003
India,IND,2012,Gamma Cluster,1278674501.0,6052427493607.0,4733.360592452293,1926.986,1.507,9.135,1206.452,491.148,125.558,100.237,783.911,254.287,1923.395
India,IND,2013,Gamma Cluster,1295829507.0,6424470752490.0,4957.805573792973,1995.337,1.54,3.547,1276.383,498.314,109.554,107.82,758.221,255.623,1992.0710000000001
India,IND,2014,Gamma Cluster,1312277184.0,6875186158349.0,5239.12649109123,2148.052,1.637,7.654,1407.057,513.84,107.801,115.825,765.858,259.789,2144.5229999999997
India,IND,2015,Gamma Cluster,1328024494.0,7391521519812.0,5565.802101698284,2231.817,1.681,3.9,1449.587,557.523,103.062,117.508,773.451,263.334,2227.68
India,IND,2016,Gamma Cluster,1343944296.0,8057465593010.0,5995.386577398741,2352.54,1.75,5.409,1499.401,616.112,109.989,123.281,781.626,262.254,2348.783
India,IND,2017,Gamma Cluster,1359657398.0,8550029645172.0,6288.370627592467,2425.722,1.784,3.111,1551.256,634.116,116.479,121.047,786.601,267.236,2422.898
India,IND,2018,Gamma Cluster,1374659067.0,9173201683791.0,6673.074003585647,2595.227,1.888,6.988,1668.318,658.715,126.74,138.965,800.125,275.219,2592.738
India,IND,2019,Gamma Cluster,1389030307.0,9595463242427.0,6908.030151733039,2611.175,1.88,0.615,1661.94,677.884,125.233,143.664,800.179,282.638,2608.7210000000005
India,IND,2020,Gamma Cluster,1402617694.0,8945313249462.0,6377.584774331244,2422.732,1.727,-7.217,1561.799,607.535,127.684,122.908,807.835,289.398,2419.926
India,IND,2021,Gamma Cluster,1414203896.0,9801621018003.0,6930.840061837165,2675.778,1.892,10.445,1767.297,623.485,133.192,149.033,821.053,290.389,2673.007
India,IND,2022,Gamma Cluster,1425423209.0,10476248645535.0,7349.570695488093,2831.132,1.986,5.806,1855.854,684.014,124.009,164.331,835.674,298.332,2828.208
India,IND,2023,Gamma Cluster,1438069597.0,,,3062.756,2.13,8.181,2032.048,718.183,132.42,177.239,847.637,305.944,3059.89
India,IND,2024,Gamma Cluster,1450935785.0,,,3193.478,2.201,4.268,2108.033,747.333,149.352,185.97,859.294,310.004,3190.6879999999996
Indonesia,IDN,1990,Gamma Cluster,183501097.0,718548888843.0,3915.7743500737765,154.991,0.845,17.787,6.947,87.271,44.064,7.628,162.547,38.724,145.91000000000003
Indonesia,IDN,1991,Gamma Cluster,186778239.0,786440054225.0,4210.5550327251985,174.754,0.936,12.751,13.52,97.702,43.494,8.976,169.407,39.532,163.692
Indonesia,IDN,1992,Gamma Cluster,190043742.0,841780430872.0,4429.4035784245925,199.298,1.049,14.045,12.509,112.952,52.374,9.653,179.412,41.531,187.488
Indonesia,IDN,1993,Gamma Cluster,193305169.0,912702668892.0,4721.563699582188,214.963,1.112,7.86,21.306,112.763,57.66,10.633,182.015,40.874,202.36200000000002
Indonesia,IDN,1994,Gamma Cluster,196591829.0,986200274496.0,5016.4865931228505,219.2,1.115,1.971,26.648,108.934,60.309,12.366,187.211,41.932,208.257
Indonesia,IDN,1995,Gamma Cluster,199888055.0,1072204353033.0,5364.024143578765,222.225,1.112,1.38,25.179,109.715,64.574,13.124,190.916,44.032,212.592
Indonesia,IDN,1996,Gamma Cluster,203204353.0,1161281457768.0,5714.845379163703,252.856,1.244,13.784,27.561,121.308,78.992,14.056,200.569,46.204,241.917
Indonesia,IDN,1997,Gamma Cluster,206536089.0,1221454544616.0,5914.000553268926,279.696,1.354,10.615,29.389,140.547,82.041,15.767,204.484,43.837,267.744
Indonesia,IDN,1998,Gamma Cluster,209826791.0,1066065643776.0,5080.693645912928,244.315,1.164,-12.65,32.074,141.036,48.027,12.873,199.826,45.507,234.01
Indonesia,IDN,1999,Gamma Cluster,213004667.0,1079382527522.0,5067.412572335797,291.771,1.37,19.424,37.163,148.101,83.652,13.855,197.343,44.592,282.771
Indonesia,IDN,2000,Gamma Cluster,216077789.0,1138300071768.0,5268.01054858998,281.054,1.301,-3.673,50.906,156.812,48.592,16.174,199.062,45.446,272.484
Indonesia,IDN,2001,Gamma Cluster,219097905.0,1185220908414.0,5409.54925339884,316.759,1.446,12.704,64.629,164.07,61.163,18.194,201.118,45.318,308.05600000000004
Indonesia,IDN,2002,Gamma Cluster,222088499.0,1244249942443.0,5602.49606821378,308.201,1.388,-2.702,66.665,156.841,59.764,17.854,199.735,48.422,301.124
Indonesia,IDN,2003,Gamma Cluster,225048005.0,1309811268640.0,5820.141656621217,339.024,1.506,10.001,89.49,162.445,62.661,17.481,201.292,47.917,332.077
Indonesia,IDN,2004,Gamma Cluster,227926649.0,1387446383159.0,6087.249513149294,342.709,1.504,1.087,82.216,173.895,61.886,18.734,205.566,50.651,336.731
Indonesia,IDN,2005,Gamma Cluster,230871648.0,1474875329634.0,6388.2912536493,347.361,1.505,1.358,94.222,174.754,54.451,18.271,209.288,50.341,341.69800000000004
Indonesia,IDN,2006,Gamma Cluster,233951650.0,1565012923832.0,6689.471623012703,346.366,1.481,-0.287,111.641,152.499,57.426,18.779,221.061,52.787,340.34499999999997
Indonesia,IDN,2007,Gamma Cluster,237062338.0,1674227359084.0,7062.39284235862,387.577,1.635,11.898,140.066,166.225,57.078,19.286,224.719,52.13,382.65500000000003
Indonesia,IDN,2008,Gamma Cluster,240157902.0,1809491142510.0,7534.589232504205,365.384,1.521,-5.726,121.845,158.303,60.313,20.207,229.503,53.78,360.668
Indonesia,IDN,2009,Gamma Cluster,243220024.0,1905717479305.0,7835.364243303421,398.624,1.639,9.097,128.274,181.26,64.541,19.119,242.077,57.644,393.19399999999996
Indonesia,IDN,2010,Gamma Cluster,246305327.0,2039334560589.0,8279.701399186548,445.37,1.808,11.727,152.667,195.671,73.73,19.029,247.332,56.352,441.097
Indonesia,IDN,2011,Gamma Cluster,249470029.0,2178184530109.0,8731.247351997543,500.458,2.006,12.369,181.281,211.329,81.553,20.833,288.165,59.783,494.996
Indonesia,IDN,2012,Gamma Cluster,252698525.0,2309530044109.0,9139.467846553516,515.77,2.041,3.06,187.171,218.777,80.062,23.109,300.722,61.634,509.11899999999997
Indonesia,IDN,2013,Gamma Cluster,255852464.0,2437876929100.0,9528.448118052911,493.435,1.929,-4.33,164.219,234.082,64.754,24.481,299.584,59.1,487.536
Indonesia,IDN,2014,Gamma Cluster,258877395.0,2559933272409.0,9888.5932949418,498.029,1.924,0.931,173.584,230.761,62.417,25.504,308.06,62.668,492.2660000000001
Indonesia,IDN,2015,Gamma Cluster,261799249.0,2684763880628.0,10255.04806023336,551.16,2.105,10.668,197.815,228.361,94.252,25.271,298.367,62.537,545.699
Indonesia,IDN,2016,Gamma Cluster,264627429.0,2819889903036.0,10656.075652067042,547.969,2.071,-0.579,206.328,217.024,91.187,28.341,300.969,61.645,542.88
Indonesia,IDN,2017,Gamma Cluster,267346654.0,2962852274581.0,11082.436343418758,570.928,2.136,4.19,221.093,231.028,84.339,30.082,320.719,67.129,566.542
Indonesia,IDN,2018,Gamma Cluster,269951847.0,3116158974437.0,11543.388234113472,607.378,2.25,6.384,262.222,225.517,84.148,31.545,352.425,71.682,603.4319999999999
Indonesia,IDN,2019,Gamma Cluster,272489381.0,3272568062078.0,12009.892092191292,665.049,2.441,9.495,315.401,226.218,87.91,31.737,365.884,71.124,661.266
Indonesia,IDN,2020,Gamma Cluster,274814861.0,3204972631957.0,11662.297374656897,623.304,2.268,-6.277,300.518,208.254,81.216,29.791,351.989,71.733,619.779
Indonesia,IDN,2021,Gamma Cluster,276758056.0,3323654666991.0,12009.242711948375,632.946,2.287,1.547,303.154,211.766,83.759,31.118,351.41,71.619,629.797
Indonesia,IDN,2022,Gamma Cluster,278830527.0,3500093638879.0,12552.763417037906,758.021,2.719,19.761,404.573,237.398,84.01,28.877,386.071,69.941,754.858
Indonesia,IDN,2023,Gamma Cluster,281190068.0,,,762.358,2.711,0.572,399.051,237.222,91.636,30.868,412.805,71.639,758.777
Indonesia,IDN,2024,Gamma Cluster,283487933.0,,,812.22,2.865,6.541,436.117,243.183,99.701,30.018,412.009,70.983,809.019
Iran,IRN,1990,Gamma Cluster,58380098.0,318478243281.0,5455.253659920201,211.075,3.616,10.444,2.693,139.287,40.015,7.261,102.915,18.605,189.256
Iran,IRN,1991,Gamma Cluster,59986931.0,376283104666.0,6272.751387564735,223.042,3.718,5.67,3.843,139.787,49.617,7.481,124.434,19.382,200.72799999999998
Iran,IRN,1992,Gamma Cluster,61184982.0,424984709524.0,6945.8990692193065,228.194,3.73,2.31,3.385,142.941,52.647,7.485,131.882,21.441,206.458
Iran,IRN,1993,Gamma Cluster,61403548.0,419990120256.0,6839.834731634725,236.993,3.86,3.856,4.133,146.528,60.69,7.945,133.397,19.789,219.296
Iran,IRN,1994,Gamma Cluster,61520598.0,419488447798.0,6818.666616309549,264.822,4.305,11.743,4.173,157.266,73.287,8.274,137.64,20.571,243.0
Iran,IRN,1995,Gamma Cluster,62205571.0,437566117340.0,7034.195013498068,270.875,4.355,2.286,3.909,156.607,81.575,8.591,132.358,20.903,250.68200000000002
Iran,IRN,1996,Gamma Cluster,62881298.0,483475486274.0,7688.700800578258,276.62,4.399,2.121,4.089,160.791,81.246,8.775,139.132,21.746,254.90099999999998
Iran,IRN,1997,Gamma Cluster,63639637.0,512736336735.0,8056.870857622899,269.263,4.231,-2.66,4.195,143.211,90.915,9.471,138.346,22.881,247.79200000000003
Iran,IRN,1998,Gamma Cluster,64519866.0,541099749969.0,8386.560349784359,305.642,4.737,13.511,4.884,174.87,98.652,9.989,123.057,23.737,288.395
Iran,IRN,1999,Gamma Cluster,65445389.0,563869043718.0,8615.871222310254,374.452,5.722,22.513,4.976,227.718,114.287,10.956,120.009,23.354,357.937
Iran,IRN,2000,Gamma Cluster,66418661.0,595554549032.0,8966.675028754344,367.213,5.529,-1.933,5.328,210.118,120.448,12.029,131.09,22.968,347.923
Iran,IRN,2001,Gamma Cluster,67452005.0,636570203280.0,9437.380004938326,389.912,5.781,6.181,4.14,227.456,127.655,13.673,121.263,23.366,372.924
Iran,IRN,2002,Gamma Cluster,68011318.0,698059655739.0,10263.874841228631,397.031,5.838,1.826,4.664,217.927,143.816,14.068,121.109,24.283,380.47499999999997
Iran,IRN,2003,Gamma Cluster,68769343.0,779969698412.0,11341.82274232284,410.967,5.976,3.51,5.188,210.79,158.468,14.639,145.163,25.057,389.085
Iran,IRN,2004,Gamma Cluster,70256316.0,849441950372.0,12090.613324672475,442.119,6.293,7.58,4.994,221.765,178.9,15.761,141.749,26.232,421.42
Iran,IRN,2005,Gamma Cluster,71828455.0,908856025194.0,12653.14735217401,466.795,6.499,5.581,6.086,222.5,200.161,16.125,149.683,26.972,444.872
Iran,IRN,2006,Gamma Cluster,73392747.0,995245162302.0,13560.538377205039,501.015,6.826,7.331,5.983,233.362,221.538,17.253,156.833,28.867,478.136
Iran,IRN,2007,Gamma Cluster,74602648.0,1098784519617.0,14728.492206027326,507.771,6.806,1.348,6.577,225.176,236.52,19.4,148.203,28.055,487.673
Iran,IRN,2008,Gamma Cluster,75514201.0,1132365762681.0,14995.401496481436,528.528,6.999,4.088,5.859,233.937,246.875,21.606,146.494,27.817,508.27700000000004
Iran,IRN,2009,Gamma Cluster,76457831.0,1208128386676.0,15801.238027220521,543.406,7.107,2.815,4.397,232.909,261.064,24.561,147.998,28.541,522.931
Iran,IRN,2010,Gamma Cluster,77420851.0,1310507059384.0,16927.055727971783,561.496,7.253,3.329,5.452,227.529,277.22,30.104,153.207,29.088,540.3050000000001
Iran,IRN,2011,Gamma Cluster,78383602.0,1345049307937.0,17159.830291251477,576.366,7.353,2.648,5.529,223.696,293.265,32.915,152.86,26.578,555.405
Iran,IRN,2012,Gamma Cluster,79370583.0,1324570752684.0,16688.43421099729,599.278,7.55,3.975,4.283,247.166,292.274,34.824,135.664,27.612,578.5469999999999
Iran,IRN,2013,Gamma Cluster,80414689.0,1287095594893.0,16005.727447295109,609.997,7.586,1.789,4.269,253.336,294.934,36.718,135.631,27.638,589.257
Iran,IRN,2014,Gamma Cluster,81502045.0,1352737013920.0,16597.583703819946,644.228,7.904,5.612,3.664,247.804,335.007,34.968,134.398,26.862,621.443
Iran,IRN,2015,Gamma Cluster,82619365.0,1331012211481.0,16110.17237279662,641.959,7.77,-0.352,4.349,227.053,356.769,31.23,136.315,26.357,619.4010000000001
Iran,IRN,2016,Gamma Cluster,83812230.0,1413723685657.0,16867.749320797215,644.68,7.692,0.424,3.455,200.122,380.7,30.618,165.76,26.631,614.8950000000001
Iran,IRN,2017,Gamma Cluster,85026761.0,1486668357750.0,17484.71116934585,696.407,8.19,8.024,4.716,229.061,399.502,29.908,169.524,26.455,663.187
Iran,IRN,2018,Gamma Cluster,86117999.0,1483607175221.0,17227.608542332713,664.523,7.716,-4.578,4.463,206.507,390.843,30.272,162.663,27.351,632.085
Iran,IRN,2019,Gamma Cluster,87051649.0,1438754460224.0,16527.595706130734,727.269,8.354,9.442,5.785,230.904,429.312,35.303,137.175,28.347,701.304
Iran,IRN,2020,Gamma Cluster,87723448.0,1446203709942.0,16485.94238956499,745.596,8.499,2.52,6.504,210.025,465.334,38.808,132.591,29.225,720.671
Iran,IRN,2021,Gamma Cluster,88455490.0,1525523070071.0,17246.22259252648,779.525,8.813,4.551,7.28,229.484,472.847,37.419,146.319,30.231,747.03
Iran,IRN,2022,Gamma Cluster,89524247.0,1572209055082.0,17561.823838428933,767.178,8.57,-1.584,7.46,208.079,480.627,38.638,151.459,30.631,734.8040000000001
Iran,IRN,2023,Gamma Cluster,90608708.0,,,789.676,8.715,2.932,6.263,211.025,495.046,38.95,167.664,31.194,751.2840000000001
Iran,IRN,2024,Gamma Cluster,91567737.0,,,792.631,8.656,0.374,6.398,213.729,492.658,36.956,170.996,32.055,749.7410000000001
Iraq,IRQ,1990,Gamma Cluster,17581208.0,71051759191.0,4041.346828443188,49.683,2.826,-31.916,0.004,33.21,3.69,4.799,97.931,4.755,41.702999999999996
Iraq,IRQ,1991,Gamma Cluster,17767257.0,26538332738.0,1493.665158217726,45.505,2.561,-8.409,0.004,39.487,3.528,2.391,21.099,3.478,45.41
Iraq,IRQ,1992,Gamma Cluster,18300849.0,36550621836.0,1997.2090822671669,59.02,3.225,29.699,0.0,53.597,4.356,0.953,27.373,4.16,58.906000000000006
Iraq,IRQ,1993,Gamma Cluster,19201195.0,39244447591.0,2043.8544367160482,63.263,3.295,7.189,0.0,57.323,4.895,0.949,31.872,5.168,63.167
Iraq,IRQ,1994,Gamma Cluster,20139818.0,39993906175.0,1985.8126908098177,76.573,3.802,21.038,0.0,64.098,6.086,0.946,34.135,5.154,71.13
Iraq,IRQ,1995,Gamma Cluster,20825859.0,39049963235.0,1875.0709507348533,79.841,3.834,4.269,0.0,67.055,6.086,0.993,35.366,4.951,74.134
Iraq,IRQ,1996,Gamma Cluster,21501321.0,47130675910.0,2191.9897809999675,74.823,3.48,-6.285,0.0,62.328,6.221,0.751,33.338,4.928,69.30000000000001
Iraq,IRQ,1997,Gamma Cluster,22176604.0,48594367863.0,2191.24478495445,76.296,3.44,1.969,0.0,60.592,5.855,0.795,51.498,5.267,67.242
Iraq,IRQ,1998,Gamma Cluster,22884402.0,59869187777.0,2616.1569691443106,80.984,3.539,6.144,0.0,64.263,5.514,0.932,59.978,5.344,70.709
Iraq,IRQ,1999,Gamma Cluster,23636530.0,69697267568.0,2948.709796573355,82.416,3.487,1.769,0.0,61.962,5.943,2.322,69.195,5.191,70.227
Iraq,IRQ,2000,Gamma Cluster,24424060.0,83019213791.0,3399.075083790328,83.722,3.428,1.584,0.0,61.68,5.888,2.775,74.244,5.15,70.343
Iraq,IRQ,2001,Gamma Cluster,25197842.0,97219510326.0,3858.2474771450666,96.802,3.842,15.624,0.0,75.295,5.159,2.743,75.548,6.733,83.197
Iraq,IRQ,2002,Gamma Cluster,26006558.0,112141846978.0,4312.060326399211,97.09,3.733,0.298,0.0,77.658,4.298,3.088,67.887,6.918,85.044
Iraq,IRQ,2003,Gamma Cluster,26802660.0,94480598969.0,3525.045609987964,101.424,3.784,4.464,0.0,85.254,2.917,0.849,64.608,4.028,89.02000000000001
Iraq,IRQ,2004,Gamma Cluster,27577876.0,155937247290.0,5654.432824703396,113.016,4.098,11.429,0.0,95.488,1.869,1.103,76.049,4.382,98.46
Iraq,IRQ,2005,Gamma Cluster,28407450.0,170895694120.0,6015.875910016563,114.282,4.023,1.12,0.0,87.09,12.439,1.307,71.887,4.893,100.836
Iraq,IRQ,2006,Gamma Cluster,28616518.0,190082841273.0,6642.41684725584,98.838,3.454,-13.514,0.0,71.602,11.959,1.509,73.952,4.805,85.07000000000001
Iraq,IRQ,2007,Gamma Cluster,28391606.0,200529416438.0,7062.982503983748,61.361,2.161,-37.917,0.0,34.661,12.029,1.905,70.744,4.732,48.595
Iraq,IRQ,2008,Gamma Cluster,28971042.0,231588128927.0,7993.779751760396,94.335,3.256,53.737,0.0,62.786,15.25,2.707,75.115,5.072,80.743
Iraq,IRQ,2009,Gamma Cluster,30058207.0,259745648872.0,8641.421920875055,105.211,3.5,11.529,0.0,70.199,16.701,2.913,83.987,5.79,89.813
Iraq,IRQ,2010,Gamma Cluster,31045367.0,297507194079.0,9582.982030104524,113.983,3.672,8.337,0.0,78.472,14.817,3.315,92.385,5.829,96.60399999999998
Iraq,IRQ,2011,Gamma Cluster,32161425.0,344220720679.0,10702.906375541506,123.526,3.841,8.372,0.0,84.862,13.909,4.127,101.034,6.141,102.898
Iraq,IRQ,2012,Gamma Cluster,33654843.0,392191319237.0,11653.339735888829,134.04,3.983,8.512,0.0,92.913,13.153,4.096,113.075,6.497,110.162
Iraq,IRQ,2013,Gamma Cluster,35281987.0,422107689937.0,11963.829869814304,141.704,4.016,5.718,0.0,98.726,13.058,4.831,113.302,6.646,116.615
Iraq,IRQ,2014,Gamma Cluster,36550058.0,425222855485.0,11633.985792443886,137.513,3.762,-2.958,0.0,94.733,12.633,3.635,119.226,6.244,111.001
Iraq,IRQ,2015,Gamma Cluster,37560535.0,436010743372.0,11608.214403016358,142.53,3.795,3.649,0.0,94.841,12.986,4.039,130.458,5.353,111.866
Iraq,IRQ,2016,Gamma Cluster,38469628.0,502280002568.0,13056.533912103336,153.132,3.981,7.439,0.0,97.272,17.613,5.251,161.899,5.78,120.13600000000001
Iraq,IRQ,2017,Gamma Cluster,39337358.0,485207548291.0,12334.523032558516,167.472,4.257,9.365,0.0,105.655,22.618,5.654,164.036,6.399,133.927
Iraq,IRQ,2018,Gamma Cluster,40265629.0,508026800522.0,12616.884751061507,186.156,4.623,11.157,0.0,114.291,28.77,9.693,167.254,6.469,152.75400000000002
Iraq,IRQ,2019,Gamma Cluster,41192172.0,537548265143.0,13049.767444722263,191.778,4.656,3.02,0.0,114.2,32.994,10.905,173.757,7.38,158.09900000000002
Iraq,IRQ,2020,Gamma Cluster,42116602.0,453147782672.0,10759.362369072414,172.098,4.086,-10.262,0.0,93.022,35.105,11.309,152.015,7.326,139.436
Iraq,IRQ,2021,Gamma Cluster,43071208.0,487935979007.0,11328.588206929326,193.115,4.484,12.212,0.0,111.631,36.134,11.713,151.58,7.138,159.47799999999998
Iraq,IRQ,2022,Gamma Cluster,44070556.0,527639326800.0,11972.604266667297,217.644,4.939,12.702,0.006,134.835,36.059,13.086,164.97,7.092,183.98600000000002
Iraq,IRQ,2023,Gamma Cluster,45074055.0,,,227.91,5.056,4.717,0.006,143.799,37.762,13.086,159.692,7.207,194.65300000000002
Iraq,IRQ,2024,Gamma Cluster,46042015.0,,,233.635,5.074,2.512,0.006,147.533,38.828,13.086,156.213,7.054,199.453
Ireland,IRL,1990,Gamma Cluster,3514015.0,66087470680.0,18806.826573022598,32.945,9.375,9.594,14.659,12.305,4.414,0.884,17.709,9.518,32.262
Ireland,IRL,1991,Gamma Cluster,3534258.0,67931954747.0,19220.99483031516,33.675,9.528,2.215,14.367,13.358,4.547,0.782,17.953,9.293,33.054
Ireland,IRL,1992,Gamma Cluster,3558417.0,71260987727.0,20026.03621975727,33.496,9.413,-0.532,13.765,13.929,4.517,0.753,18.02,9.354,32.964000000000006
Ireland,IRL,1993,Gamma Cluster,3576118.0,73767381672.0,20627.78176559051,33.717,9.428,0.66,13.196,13.895,5.221,0.729,18.191,9.656,33.041
Ireland,IRL,1994,Gamma Cluster,3590162.0,78958775461.0,21993.095426055985,34.839,9.704,3.327,12.557,15.681,5.152,0.859,18.255,9.847,34.249
Ireland,IRL,1995,Gamma Cluster,3610695.0,87444502170.0,24218.19128173385,35.853,9.93,2.912,12.668,15.981,5.527,0.879,18.361,9.837,35.055
Ireland,IRL,1996,Gamma Cluster,3638507.0,96380321753.0,26488.975217857216,37.469,10.298,4.508,13.074,16.437,6.178,0.983,18.582,9.709,36.672
Ireland,IRL,1997,Gamma Cluster,3672287.0,108003078862.0,29410.304494719505,38.805,10.567,3.564,12.21,18.112,6.592,1.145,18.596,9.801,38.059000000000005
Ireland,IRL,1998,Gamma Cluster,3711075.0,118588811316.0,31955.379860552534,40.708,10.969,4.905,11.893,20.436,6.721,1.059,18.718,10.206,40.108999999999995
Ireland,IRL,1999,Gamma Cluster,3752938.0,132916954385.0,35416.77330800562,42.44,11.309,4.254,10.289,23.114,7.19,1.166,21.337,10.176,41.75899999999999
Ireland,IRL,2000,Gamma Cluster,3802589.0,147722370991.0,38847.84050840099,45.25,11.9,6.619,11.107,23.581,8.209,1.701,22.375,10.095,44.598000000000006
Ireland,IRL,2001,Gamma Cluster,3862981.0,158384851025.0,41000.680827837365,47.608,12.324,5.212,11.659,24.759,8.601,1.851,22.753,9.989,46.87
Ireland,IRL,2002,Gamma Cluster,3928441.0,169226186783.0,43077.18679827443,46.081,11.73,-3.206,11.315,23.688,8.633,1.86,22.497,9.644,45.495999999999995
Ireland,IRL,2003,Gamma Cluster,3992935.0,177468844871.0,44445.71345914722,45.684,11.441,-0.862,10.843,23.119,8.84,2.127,22.791,9.661,44.92900000000001
Ireland,IRL,2004,Gamma Cluster,4066066.0,191402766075.0,47073.20689703512,46.167,11.354,1.057,10.207,24.312,8.756,2.295,21.088,9.462,45.57000000000001
Ireland,IRL,2005,Gamma Cluster,4155283.0,204898243531.0,49310.29812674612,48.153,11.588,4.302,11.16,25.645,8.4,2.357,20.242,9.532,47.562
Ireland,IRL,2006,Gamma Cluster,4268775.0,219162994472.0,51340.957176707605,47.597,11.15,-1.154,10.021,25.228,9.429,2.348,20.439,9.336,47.026
Ireland,IRL,2007,Gamma Cluster,4393518.0,230371638354.0,52434.43599275114,47.658,10.847,0.128,9.671,24.739,10.208,2.374,19.036,9.156,46.992
Ireland,IRL,2008,Gamma Cluster,4485992.0,223067117042.0,49725.25966207697,47.361,10.558,-0.623,9.644,24.314,10.771,2.107,18.457,9.214,46.836
Ireland,IRL,2009,Gamma Cluster,4533750.0,215181048184.0,47462.0453673008,42.177,9.303,-10.946,8.605,21.329,10.382,1.327,17.854,9.407,41.643
Ireland,IRL,2010,Gamma Cluster,4559084.0,221852442105.0,48661.62634972289,41.791,9.167,-0.916,8.427,20.211,11.365,1.105,17.369,8.919,41.108
Ireland,IRL,2011,Gamma Cluster,4579603.0,224397469453.0,48999.32798825575,38.054,8.31,-8.941,8.311,18.322,9.85,0.966,17.407,8.791,37.449
Ireland,IRL,2012,Gamma Cluster,4600135.0,217871560184.0,47361.99267717143,38.224,8.309,0.445,9.622,17.41,9.523,1.177,17.587,9.3,37.732
Ireland,IRL,2013,Gamma Cluster,4624686.0,222738952818.0,48163.043462410205,37.279,8.061,-2.473,8.739,17.611,9.067,1.112,17.903,9.196,36.529
Ireland,IRL,2014,Gamma Cluster,4658236.0,236178350686.0,50701.241990744995,36.85,7.911,-1.15,8.647,17.324,8.796,1.461,18.18,9.285,36.228
Ireland,IRL,2015,Gamma Cluster,4702497.0,249955928768.0,53153.87309508119,38.715,8.233,5.062,9.351,18.202,8.888,1.652,18.52,9.335,38.093
Ireland,IRL,2016,Gamma Cluster,4753506.0,255118282428.0,53669.49835090142,40.369,8.492,4.271,9.205,18.822,9.913,1.794,19.59,9.51,39.733999999999995
Ireland,IRL,2017,Gamma Cluster,4810258.0,266528546717.0,55408.368265693854,39.04,8.116,-3.291,7.87,18.614,10.152,1.84,19.766,9.731,38.476000000000006
Ireland,IRL,2018,Gamma Cluster,4872559.0,282500483309.0,57977.847637966006,38.922,7.988,-0.302,6.354,19.388,10.6,1.916,17.775,9.412,38.257999999999996
Ireland,IRL,2019,Gamma Cluster,4933493.0,294503693886.0,59694.7626936939,37.2,7.54,-4.426,4.543,19.382,10.841,1.893,17.725,9.165,36.659
Ireland,IRL,2020,Gamma Cluster,4982602.0,274762344680.0,55144.349213523376,35.053,7.035,-5.772,3.757,18.003,10.954,1.77,17.725,9.022,34.484
Ireland,IRL,2021,Gamma Cluster,5028428.0,287639621097.0,57202.692590407976,37.474,7.452,6.907,4.929,19.215,10.44,2.103,17.97,9.148,36.687
Ireland,IRL,2022,Gamma Cluster,5110015.0,308390920561.0,60350.2965374857,36.676,7.177,-2.13,4.036,19.15,10.76,1.957,17.738,8.805,35.903
Ireland,IRL,2023,Gamma Cluster,5196629.0,,,33.568,6.46,-8.474,2.685,18.458,9.996,1.835,17.542,8.755,32.974
Ireland,IRL,2024,Gamma Cluster,5255016.0,,,33.311,6.339,-0.767,1.947,18.655,10.28,1.835,17.634,8.668,32.717
Israel,ISR,1990,Gamma Cluster,4544995.0,93268265028.0,20521.092988661152,35.824,7.882,14.111,9.95,24.821,0.066,0.987,4.17,1.78,35.824000000000005
Israel,ISR,1991,Gamma Cluster,4779892.0,97235343963.0,20342.581791178545,36.148,7.563,0.905,10.861,24.046,0.048,1.194,4.3,1.79,36.149
Israel,ISR,1992,Gamma Cluster,4957240.0,103860017405.0,20951.177954870047,42.082,8.489,16.416,13.37,27.363,0.048,1.302,4.49,1.83,42.083
Israel,ISR,1993,Gamma Cluster,5086041.0,107424032339.0,21121.34611950631,44.235,8.697,5.114,15.112,27.618,0.048,1.457,4.665,1.88,44.235
Israel,ISR,1994,Gamma Cluster,5216697.0,114572102371.0,21962.575624192858,47.475,9.101,7.325,16.017,29.908,0.044,1.506,4.995,2.1,47.474999999999994
Israel,ISR,1995,Gamma Cluster,5354734.0,125219738356.0,23384.866242842316,49.866,9.312,5.036,17.551,30.371,0.044,1.9,5.151,2.162,49.86599999999999
Israel,ISR,1996,Gamma Cluster,5499555.0,131748252991.0,23956.166088165315,51.936,9.444,4.152,20.907,29.327,0.029,1.673,5.314,2.312,51.93600000000001
Israel,ISR,1997,Gamma Cluster,5646476.0,136529502967.0,24179.595019442215,54.866,9.717,5.641,23.047,30.07,0.029,1.719,5.402,2.435,54.86500000000001
Israel,ISR,1998,Gamma Cluster,5790143.0,141524295423.0,24442.279823313518,56.01,9.673,2.085,24.791,29.008,0.022,2.189,5.51,2.496,56.01
Israel,ISR,1999,Gamma Cluster,5946079.0,146070391087.0,24565.834239168365,54.756,9.209,-2.238,24.208,28.257,0.018,2.273,5.623,2.463,54.75600000000001
Israel,ISR,2000,Gamma Cluster,6111194.0,158656383479.0,25961.601526477476,59.519,9.739,8.699,28.202,29.147,0.018,2.152,5.777,2.401,59.519000000000005
Israel,ISR,2001,Gamma Cluster,6259977.0,158567053954.0,25330.293378713694,63.024,10.068,5.887,30.583,30.602,0.018,1.82,5.878,2.354,63.023
Israel,ISR,2002,Gamma Cluster,6387714.0,158018046039.0,24737.80855545505,59.305,9.284,-5.9,29.259,28.211,0.015,1.821,5.957,2.476,59.306
Israel,ISR,2003,Gamma Cluster,6502821.0,159162904545.0,24475.97812472464,62.415,9.598,5.244,29.726,30.789,0.015,1.885,6.081,2.533,62.415
Israel,ISR,2004,Gamma Cluster,6615084.0,166466423998.0,25164.672738547237,58.679,8.871,-5.985,30.043,24.511,2.18,1.946,6.21,2.527,58.68
Israel,ISR,2005,Gamma Cluster,6728212.0,172697410123.0,25667.652880586997,56.528,8.402,-3.667,27.824,23.541,3.004,2.158,6.01,2.511,56.527
Israel,ISR,2006,Gamma Cluster,6844029.0,181910800706.0,26579.49004979377,62.149,9.081,9.944,29.922,25.708,4.254,2.265,6.227,2.556,62.148999999999994
Israel,ISR,2007,Gamma Cluster,6962456.0,192596811708.0,27662.19444805109,62.8,9.02,1.047,30.307,25.133,5.09,2.271,6.384,2.692,62.801
Israel,ISR,2008,Gamma Cluster,7082621.0,197785749719.0,27925.502397911732,67.98,9.598,8.249,29.587,29.206,7.017,2.171,6.291,2.384,67.98100000000001
Israel,ISR,2009,Gamma Cluster,7206096.0,199771084186.0,27722.512187736604,63.861,8.862,-6.06,27.088,27.136,7.823,1.815,6.374,2.311,63.862
Israel,ISR,2010,Gamma Cluster,7336735.0,210327630432.0,28667.74259013035,68.287,9.308,6.931,28.07,28.114,10.08,2.023,6.565,2.356,68.28699999999999
Israel,ISR,2011,Gamma Cluster,7471023.0,220210380263.0,29475.264667636548,68.595,9.181,0.451,29.001,28.0,9.343,2.251,6.775,2.45,68.59500000000001
Israel,ISR,2012,Gamma Cluster,7607781.0,225909436249.0,29694.52409960276,74.781,9.83,9.019,32.571,35.143,4.814,2.252,6.85,2.601,74.77999999999999
Israel,ISR,2013,Gamma Cluster,7749369.0,235885601546.0,30439.33016301069,63.095,8.142,-15.627,26.716,22.916,11.293,2.17,7.052,2.479,63.095000000000006
Israel,ISR,2014,Gamma Cluster,7897173.0,245129958334.0,31040.21633235083,60.279,7.633,-4.464,25.304,20.211,12.472,2.292,7.222,2.467,60.279
Israel,ISR,2015,Gamma Cluster,8052916.0,251223879854.0,31196.63484059687,62.936,7.815,4.408,25.087,21.83,13.784,2.233,7.366,2.508,62.934
Israel,ISR,2016,Gamma Cluster,8210006.0,262584215516.0,31983.437711982184,61.164,7.45,-2.814,20.836,22.657,15.688,1.983,7.498,2.52,61.163999999999994
Israel,ISR,2017,Gamma Cluster,8361796.0,273812314306.0,32745.63434769277,58.849,7.038,-3.785,18.833,21.339,16.69,1.982,7.648,2.585,58.843999999999994
Israel,ISR,2018,Gamma Cluster,8510067.0,284956472967.0,33484.63331334524,59.986,7.049,1.932,18.129,22.409,17.671,1.775,7.817,2.617,59.983999999999995
Israel,ISR,2019,Gamma Cluster,8657466.0,296799271432.0,34282.464572428005,58.95,6.809,-1.727,18.011,21.514,17.619,1.806,7.975,2.616,58.949999999999996
Israel,ISR,2020,Gamma Cluster,8800380.0,291287719910.0,33099.447968155924,59.285,6.737,0.569,17.096,18.298,22.171,1.72,8.162,2.527,59.285
Israel,ISR,2021,Gamma Cluster,8942925.0,316373426613.0,35376.951792953645,58.95,6.592,-0.566,14.334,19.856,23.088,1.67,8.399,2.552,58.948
Israel,ISR,2022,Gamma Cluster,9103143.0,336722563455.0,36989.70382592035,62.267,6.84,5.627,14.535,22.006,23.893,1.816,8.583,2.571,62.25
Israel,ISR,2023,Gamma Cluster,9256311.0,,,55.382,5.983,-11.058,11.508,21.324,20.667,1.838,8.749,2.575,55.337
Israel,ISR,2024,Gamma Cluster,9387015.0,,,52.637,5.607,-4.956,10.063,20.254,20.423,1.838,8.964,2.557,52.577999999999996
Italy,ITA,1990,Gamma Cluster,57031457.0,1475485283347.0,25871.428873840625,438.208,7.684,8.268,69.58,254.311,88.992,15.846,61.926,27.583,428.72900000000004
Italy,ITA,1991,Gamma Cluster,57075394.0,1509175668697.0,26441.79151346726,437.742,7.67,-0.106,65.966,251.763,94.755,15.692,61.138,26.432,428.176
Italy,ITA,1992,Gamma Cluster,57124993.0,1531924051790.0,26817.054520951977,437.937,7.666,0.044,58.065,259.383,94.458,16.427,59.25,25.968,428.33299999999997
Italy,ITA,1993,Gamma Cluster,57170762.0,1529550155063.0,26754.062768360513,430.268,7.526,-1.751,52.079,257.502,96.872,14.065,57.943,26.169,420.51800000000003
Italy,ITA,1994,Gamma Cluster,57420136.0,1573414707872.0,27401.793473146772,424.507,7.393,-1.339,54.772,253.722,92.794,13.791,58.54,25.816,415.079
Italy,ITA,1995,Gamma Cluster,57403342.0,1630199200435.0,28399.029457814493,448.596,7.815,5.675,58.417,262.51,102.913,15.31,58.556,26.507,439.15000000000003
Italy,ITA,1996,Gamma Cluster,57162098.0,1662793011167.0,29089.08296485199,442.843,7.747,-1.282,53.524,260.195,106.19,13.988,59.574,25.766,433.897
Italy,ITA,1997,Gamma Cluster,57189272.0,1705188033729.0,29816.571781662125,448.571,7.844,1.293,54.146,261.104,109.923,14.233,60.229,25.835,439.406
Italy,ITA,1998,Gamma Cluster,57215190.0,1744897501196.0,30497.102276440924,460.824,8.054,2.732,54.867,263.89,118.555,14.538,59.707,25.953,451.85
Italy,ITA,1999,Gamma Cluster,57240796.0,1784529161518.0,31175.827141152964,465.508,8.132,1.016,53.94,259.063,129.051,15.277,59.986,25.794,457.33099999999996
Italy,ITA,2000,Gamma Cluster,57272200.0,1863751547560.0,32541.993280509567,469.598,8.199,0.879,56.032,254.488,134.813,15.862,61.303,25.789,461.195
Italy,ITA,2001,Gamma Cluster,57305760.0,1910272015654.0,33334.72962672513,469.679,8.196,0.017,59.024,250.667,135.107,16.394,58.016,24.67,461.192
Italy,ITA,2002,Gamma Cluster,57420636.0,1929301903714.0,33599.45201084154,477.136,8.309,1.588,60.016,256.631,135.865,16.289,59.063,25.603,468.801
Italy,ITA,2003,Gamma Cluster,57739697.0,1947667703883.0,33731.8656847645,495.094,8.575,3.764,65.126,254.877,149.024,16.938,57.755,25.547,485.96500000000003
Italy,ITA,2004,Gamma Cluster,58176736.0,1994293720592.0,34279.91767348378,500.687,8.606,1.13,72.217,247.736,154.662,17.408,55.592,25.24,492.023
Italy,ITA,2005,Gamma Cluster,58519696.0,2029243417217.0,34676.246732672706,501.365,8.567,0.135,71.265,238.292,165.66,17.403,55.428,24.629,492.62
Italy,ITA,2006,Gamma Cluster,58754434.0,2086553648584.0,35513.126525633794,496.075,8.443,-1.055,70.787,236.455,162.585,17.474,54.581,19.537,487.301
Italy,ITA,2007,Gamma Cluster,59108723.0,2134371774096.0,36109.25199815263,489.794,8.286,-1.266,70.675,229.031,163.512,17.914,54.576,19.318,481.132
Italy,ITA,2008,Gamma Cluster,59561687.0,2129113318512.0,35746.35685708499,478.132,8.028,-2.381,68.139,218.498,167.142,16.127,53.961,17.895,469.906
Italy,ITA,2009,Gamma Cluster,59904016.0,2029023036275.0,33871.23554913246,424.032,7.079,-11.315,52.388,197.832,154.034,13.341,53.466,16.358,417.595
Italy,ITA,2010,Gamma Cluster,60164212.0,2080545936781.0,34581.12169375708,435.672,7.241,2.745,58.218,193.166,164.347,13.276,53.357,16.142,429.007
Italy,ITA,2011,Gamma Cluster,60367882.0,2110883320816.0,34966.99322358204,423.897,7.022,-2.703,65.439,185.899,153.0,12.583,50.008,15.952,416.921
Italy,ITA,2012,Gamma Cluster,60531522.0,2047959835066.0,33832.9479814831,403.444,6.665,-4.825,66.959,172.224,147.714,10.071,50.658,16.335,396.968
Italy,ITA,2013,Gamma Cluster,60653864.0,2010255414011.0,33143.07253386198,369.461,6.091,-8.423,57.782,158.74,137.701,8.877,49.341,16.163,363.09999999999997
Italy,ITA,2014,Gamma Cluster,60664169.0,2010164047423.0,33135.936427695895,349.389,5.759,-5.433,55.837,157.626,121.589,8.339,47.452,15.965,343.391
Italy,ITA,2015,Gamma Cluster,60575314.0,2025809415322.0,33442.82153158959,361.244,5.964,3.393,53.063,161.426,132.757,8.196,46.66,16.067,355.442
Italy,ITA,2016,Gamma Cluster,60478103.0,2052012434345.0,33929.84125750439,358.133,5.922,-0.861,48.302,156.02,140.795,7.68,45.691,16.103,352.79699999999997
Italy,ITA,2017,Gamma Cluster,60390317.0,2086237040647.0,34545.886564016546,352.666,5.84,-1.527,41.798,148.755,148.761,7.711,46.875,15.909,347.025
Italy,ITA,2018,Gamma Cluster,60277496.0,2105551772855.0,34930.97611179801,349.048,5.791,-1.026,39.213,152.744,143.675,7.757,46.39,16.052,343.389
Italy,ITA,2019,Gamma Cluster,60130136.0,2115725732767.0,35185.77993515597,339.638,5.648,-2.696,30.48,148.491,146.775,7.912,45.695,15.907,333.65799999999996
Italy,ITA,2020,Gamma Cluster,59912763.0,1925751927111.0,32142.59918393348,302.6,5.051,-10.905,22.119,127.568,140.818,7.059,44.653,15.391,297.564
Italy,ITA,2021,Gamma Cluster,59729353.0,2060299944789.0,34493.92704436293,335.93,5.624,11.015,24.57,145.904,152.325,7.919,44.086,15.616,330.71799999999996
Italy,ITA,2022,Gamma Cluster,59619106.0,2136009300257.0,35827.59694949132,340.115,5.705,1.246,31.341,159.145,137.55,7.093,42.624,15.449,335.1290000000001
Italy,ITA,2023,Gamma Cluster,59499452.0,,,312.291,5.249,-8.181,21.669,154.654,124.461,6.746,41.714,15.341,307.53
Italy,ITA,2024,Gamma Cluster,59342870.0,,,301.93,5.088,-3.318,11.294,154.362,124.767,6.746,40.757,15.218,297.169
Jamaica,JAM,1990,Gamma Cluster,2379880.0,14169709989.0,5953.959858900449,7.527,3.163,11.943,0.139,7.167,,0.221,1.09,0.465,7.527
Jamaica,JAM,1991,Gamma Cluster,2400873.0,14561139268.0,6064.935241472581,7.751,3.228,2.974,0.136,7.423,,0.192,1.138,0.477,7.751
Jamaica,JAM,1992,Gamma Cluster,2424698.0,15185307675.0,6262.7624862972625,7.709,3.179,-0.545,0.176,7.295,,0.238,1.212,0.473,7.709
Jamaica,JAM,1993,Gamma Cluster,2449913.0,15692820704.0,6405.4603996141905,8.001,3.266,3.791,0.147,7.628,,0.226,1.212,0.488,8.001000000000001
Jamaica,JAM,1994,Gamma Cluster,2475225.0,16160332925.0,6528.833914088618,8.189,3.308,2.345,0.139,7.826,,0.223,1.19,0.487,8.188
Jamaica,JAM,1995,Gamma Cluster,2500152.0,16727506200.0,6690.595691781939,9.173,3.669,12.026,0.147,8.764,,0.263,1.215,0.504,9.174
Jamaica,JAM,1996,Gamma Cluster,2524470.0,16930975718.0,6706.744670366453,9.688,3.837,5.606,0.169,9.248,,0.271,1.173,0.508,9.688
Jamaica,JAM,1997,Gamma Cluster,2547853.0,16827001355.0,6604.384693700932,10.068,3.952,3.928,0.179,9.651,,0.238,1.148,0.516,10.068
Jamaica,JAM,1998,Gamma Cluster,2569740.0,16799001649.0,6537.237871924786,9.694,3.772,-3.716,0.187,9.244,,0.263,1.142,0.529,9.693999999999999
Jamaica,JAM,1999,Gamma Cluster,2589796.0,17139281457.0,6618.004451701987,9.958,3.845,2.725,0.191,9.526,,0.241,1.153,0.551,9.958
Jamaica,JAM,2000,Gamma Cluster,2607827.0,17441468822.0,6688.12341539527,10.314,3.955,3.573,0.191,9.849,,0.275,1.159,0.528,10.315000000000001
Jamaica,JAM,2001,Gamma Cluster,2624410.0,17823908809.0,6791.586988694602,10.576,4.03,2.545,0.139,10.171,,0.266,1.162,0.522,10.575999999999999
Jamaica,JAM,2002,Gamma Cluster,2640582.0,18032751164.0,6829.082059939817,10.203,3.864,-3.535,0.234,9.691,,0.277,1.16,0.528,10.202
Jamaica,JAM,2003,Gamma Cluster,2656629.0,18718066744.0,7045.79628694861,10.667,4.015,4.553,0.227,10.127,,0.313,1.209,0.553,10.667000000000002
Jamaica,JAM,2004,Gamma Cluster,2672227.0,18987080266.0,7105.339578561253,10.574,3.957,-0.87,0.176,10.083,,0.315,1.145,0.544,10.574
Jamaica,JAM,2005,Gamma Cluster,2687070.0,19174940176.0,7136.003221352626,10.413,3.875,-1.526,0.154,9.977,,0.282,1.108,0.523,10.413
Jamaica,JAM,2006,Gamma Cluster,2700973.0,19747242374.0,7311.1587468664075,11.574,4.285,11.147,0.073,11.186,,0.314,0.881,0.472,11.573
Jamaica,JAM,2007,Gamma Cluster,2713808.0,20046356418.0,7386.799809713878,10.749,3.961,-7.123,0.095,10.384,,0.27,0.846,0.46,10.749
Jamaica,JAM,2008,Gamma Cluster,2725633.0,19893168382.0,7298.549871534429,10.776,3.954,0.249,0.128,10.347,,0.301,0.838,0.417,10.776
Jamaica,JAM,2009,Gamma Cluster,2737001.0,19223460566.0,7023.548974223977,7.937,2.9,-26.341,0.136,7.416,,0.386,0.823,0.401,7.938000000000001
Jamaica,JAM,2010,Gamma Cluster,2748573.0,18949004011.0,6894.124336883176,7.677,2.793,-3.278,0.114,7.236,,0.327,0.799,0.386,7.677
Jamaica,JAM,2011,Gamma Cluster,2760493.0,19220287418.0,6962.62856598441,8.226,2.98,7.151,0.187,7.713,,0.327,0.823,0.385,8.227
Jamaica,JAM,2012,Gamma Cluster,2772432.0,19123987392.0,6897.910351633512,7.887,2.845,-4.122,0.172,7.376,,0.339,0.828,0.396,7.8870000000000005
Jamaica,JAM,2013,Gamma Cluster,2783689.0,19166827044.0,6885.405317907281,8.467,3.042,7.348,0.209,7.896,,0.362,0.827,0.381,8.467
Jamaica,JAM,2014,Gamma Cluster,2793756.0,19277035737.0,6900.04271561296,7.675,2.747,-9.346,0.245,7.017,,0.413,0.825,0.38,7.675000000000001
Jamaica,JAM,2015,Gamma Cluster,2802536.0,19444553127.0,6938.1992334799625,7.966,2.843,3.788,0.238,7.31,,0.418,0.813,0.361,7.966
Jamaica,JAM,2016,Gamma Cluster,2809919.0,19735837824.0,7023.632291179923,8.134,2.895,2.108,0.227,7.493,0.018,0.396,0.816,0.366,8.134
Jamaica,JAM,2017,Gamma Cluster,2815765.0,19869841700.0,7056.640628745652,7.768,2.759,-4.498,0.191,7.017,0.202,0.36,0.815,0.371,7.7700000000000005
Jamaica,JAM,2018,Gamma Cluster,2820103.0,20232863013.0,7174.512070303816,8.061,2.858,3.764,0.202,7.353,0.187,0.319,0.82,0.399,8.061
Jamaica,JAM,2019,Gamma Cluster,2823275.0,20429119874.0,7235.9652793298565,9.439,3.343,17.106,0.275,8.266,0.564,0.334,0.785,0.393,9.439
Jamaica,JAM,2020,Gamma Cluster,2830745.0,18402554628.0,6500.958096896753,6.866,2.425,-27.265,0.275,4.827,1.384,0.38,0.771,0.357,6.8660000000000005
Jamaica,JAM,2021,Gamma Cluster,2837680.0,19249256856.0,6783.448752502044,7.313,2.577,6.506,0.275,5.207,1.429,0.402,0.775,0.366,7.313000000000001
Jamaica,JAM,2022,Gamma Cluster,2839150.0,20019224153.0,7051.132963386929,7.908,2.785,8.138,0.22,6.128,1.166,0.393,0.765,0.364,7.906999999999999
Jamaica,JAM,2023,Gamma Cluster,2839785.0,,,8.069,2.841,2.04,0.227,6.116,1.331,0.395,0.766,0.368,8.068999999999999
Jamaica,JAM,2024,Gamma Cluster,2839182.0,,,8.402,2.959,4.125,0.236,6.351,1.458,0.358,0.759,0.357,8.403
Japan,JPN,1990,Gamma Cluster,123399767.0,3699821545804.0,29982.40301218721,1154.853,9.359,13.077,311.242,668.244,118.288,38.701,53.876,31.508,1136.4750000000001
Japan,JPN,1991,Gamma Cluster,123889870.0,3824677506935.0,30871.59189798972,1166.552,9.416,1.013,311.216,670.611,126.442,40.347,53.76,32.029,1148.616
Japan,JPN,1992,Gamma Cluster,124383707.0,3856515730401.0,31004.9911151225,1175.454,9.45,0.763,305.863,683.298,127.887,41.666,53.397,33.762,1158.714
Japan,JPN,1993,Gamma Cluster,124839955.0,3860865231367.0,30926.518928711565,1169.328,9.367,-0.521,311.471,669.613,130.679,41.224,52.861,34.202,1152.987
Japan,JPN,1994,Gamma Cluster,125286861.0,3893220587047.0,31074.45230866627,1223.158,9.763,4.604,319.196,708.422,137.127,42.297,53.024,36.875,1207.042
Japan,JPN,1995,Gamma Cluster,125672659.0,3997430939864.0,31808.27852034228,1235.873,9.834,1.04,328.968,706.1,142.071,42.142,51.707,37.057,1219.281
Japan,JPN,1996,Gamma Cluster,125975304.0,4118875121023.0,32695.893482606716,1248.69,9.912,1.037,337.797,703.974,147.814,42.56,49.944,39.645,1232.1450000000002
Japan,JPN,1997,Gamma Cluster,126265926.0,4160709430865.0,32951.957528628904,1240.98,9.828,-0.617,343.384,688.639,152.482,39.926,47.668,39.248,1224.431
Japan,JPN,1998,Gamma Cluster,126549182.0,4111245191910.0,32487.331225183265,1201.334,9.493,-3.195,321.286,673.057,155.8,35.363,45.108,39.51,1185.506
Japan,JPN,1999,Gamma Cluster,126801566.0,4098283065888.0,32320.44520560574,1238.121,9.764,3.062,339.156,682.654,165.305,35.01,43.951,36.913,1222.125
Japan,JPN,2000,Gamma Cluster,127027794.0,4209651870326.0,33139.612503433695,1260.203,9.921,1.784,365.732,672.759,170.07,35.086,42.953,28.387,1243.647
Japan,JPN,2001,Gamma Cluster,127260144.0,4224163277272.0,33193.13607936826,1245.935,9.79,-1.132,374.745,651.363,169.164,34.374,41.539,27.876,1229.6460000000002
Japan,JPN,2002,Gamma Cluster,127484599.0,4226576076119.0,33153.62098067234,1275.42,10.005,2.366,392.048,662.164,173.01,32.417,40.553,27.141,1259.639
Japan,JPN,2003,Gamma Cluster,127671254.0,4288493482445.0,33590.12579640676,1283.845,10.056,0.661,405.725,652.177,178.304,31.935,39.714,26.888,1268.141
Japan,JPN,2004,Gamma Cluster,127815769.0,4380398118363.0,34271.18697977712,1279.122,10.008,-0.368,413.614,640.898,177.22,31.276,39.444,26.437,1263.008
Japan,JPN,2005,Gamma Cluster,127913331.0,4450600710060.0,34793.87703585016,1286.412,10.057,0.57,424.188,637.796,175.651,32.28,38.946,25.514,1269.915
Japan,JPN,2006,Gamma Cluster,127997247.0,4514225078439.0,35268.141965889314,1263.44,9.871,-1.786,421.175,601.046,192.295,31.991,38.588,24.617,1246.507
Japan,JPN,2007,Gamma Cluster,128087683.0,4590814009043.0,35841.18239567969,1298.974,10.141,2.812,438.589,603.408,208.764,30.658,38.629,24.378,1281.4189999999999
Japan,JPN,2008,Gamma Cluster,128155992.0,4542408020234.0,35444.36705100765,1228.687,9.587,-5.411,420.311,559.258,204.133,28.553,36.215,22.507,1212.255
Japan,JPN,2009,Gamma Cluster,128192471.0,4298103109270.0,33528.51439512388,1160.253,9.051,-5.57,406.014,512.779,201.885,25.308,35.8,20.883,1145.9859999999999
Japan,JPN,2010,Gamma Cluster,128185273.0,4480295644398.0,34951.71902000006,1211.09,9.448,4.382,440.141,517.853,212.989,24.321,35.999,21.472,1195.3039999999999
Japan,JPN,2011,Gamma Cluster,128096430.0,4468738319171.0,34885.73662178563,1261.181,9.846,4.136,424.824,548.593,247.537,24.983,34.923,20.542,1245.937
Japan,JPN,2012,Gamma Cluster,127928283.0,4530172048567.0,35411.80997924439,1302.113,10.178,3.246,444.259,560.109,256.681,25.625,34.064,20.55,1286.674
Japan,JPN,2013,Gamma Cluster,127723642.0,4621006950566.0,36179.73053544777,1311.876,10.271,0.75,475.299,537.861,256.133,26.805,33.943,20.689,1296.098
Japan,JPN,2014,Gamma Cluster,127486601.0,4634693421103.0,36354.357122620284,1260.272,9.886,-3.934,466.617,493.206,258.215,26.557,32.739,20.287,1244.595
Japan,JPN,2015,Gamma Cluster,127275868.0,4707025000790.0,36982.85523214817,1219.982,9.585,-3.197,460.158,472.952,246.091,25.936,31.983,19.924,1205.137
Japan,JPN,2016,Gamma Cluster,127159950.0,4742508721138.0,37295.616435347765,1199.933,9.436,-1.643,451.654,456.462,251.202,25.969,31.677,19.71,1185.287
Japan,JPN,2017,Gamma Cluster,127064686.0,4821960242931.0,37948.86206959973,1184.392,9.321,-1.295,453.724,444.288,245.323,26.429,31.599,19.825,1169.7640000000001
Japan,JPN,2018,Gamma Cluster,126913432.0,4852985093686.0,38238.54589076119,1138.55,8.971,-3.871,436.723,427.785,233.524,26.183,30.936,19.324,1124.2150000000001
Japan,JPN,2019,Gamma Cluster,126699421.0,4833467877373.0,38149.09207338051,1102.063,8.698,-3.205,427.648,411.853,223.805,25.328,30.323,19.139,1088.634
Japan,JPN,2020,Gamma Cluster,126304533.0,4626661481209.0,36631.001052107924,1037.285,8.213,-5.878,395.042,383.172,222.213,24.49,29.722,18.744,1024.917
Japan,JPN,2021,Gamma Cluster,125679342.0,4725883595048.0,37602.70796968367,1058.502,8.422,2.045,421.464,387.738,211.747,24.396,29.54,19.058,1045.345
Japan,JPN,2022,Gamma Cluster,124997585.0,4774494846664.0,38196.69673349289,1029.645,8.237,-2.726,403.623,388.925,202.025,22.479,29.664,18.568,1017.052
Japan,JPN,2023,Gamma Cluster,124370947.0,,,986.91,7.935,-4.15,386.839,370.823,196.44,20.756,28.977,17.997,974.8580000000001
Japan,JPN,2024,Gamma Cluster,123753041.0,,,961.867,7.772,-2.537,380.972,353.593,195.299,20.304,28.82,17.964,950.168
Jordan,JOR,1990,Gamma Cluster,3621915.0,19715854104.0,5443.488901313255,10.59,2.924,15.209,,9.486,0.231,0.873,1.605,0.724,10.59
Jordan,JOR,1991,Gamma Cluster,3915152.0,21426578689.0,5472.732269143063,9.991,2.552,-5.659,,9.116,0.224,0.652,1.76,0.88,9.991999999999999
Jordan,JOR,1992,Gamma Cluster,4127699.0,24977190661.0,6051.117259519166,12.189,2.953,21.997,,10.45,0.245,1.493,2.008,0.909,12.187999999999999
Jordan,JOR,1993,Gamma Cluster,4348018.0,25755431445.0,5923.48776959985,12.008,2.762,-1.48,,10.051,0.289,1.668,2.131,0.901,12.008
Jordan,JOR,1994,Gamma Cluster,4561409.0,26713865287.0,5856.494185678153,13.521,2.964,12.6,,11.15,0.48,1.892,2.135,0.858,13.522
Jordan,JOR,1995,Gamma Cluster,4752097.0,28214801077.0,5937.336943458856,13.451,2.831,-0.52,,11.366,0.432,1.653,2.24,0.903,13.451
Jordan,JOR,1996,Gamma Cluster,4912518.0,29005289260.0,5904.362947881311,14.074,2.865,4.627,,12.007,0.418,1.649,2.248,0.897,14.073999999999998
Jordan,JOR,1997,Gamma Cluster,5046287.0,30403319446.0,6024.889081021353,14.308,2.835,1.667,,12.326,0.462,1.521,2.243,0.929,14.309000000000001
Jordan,JOR,1998,Gamma Cluster,5164290.0,31929861575.0,6182.817304024367,14.447,2.798,0.973,,12.743,0.469,1.235,2.307,0.929,14.447
Jordan,JOR,1999,Gamma Cluster,5276450.0,33702407072.0,6387.326151484426,14.467,2.742,0.138,,12.754,0.465,1.248,2.369,0.934,14.466999999999999
Jordan,JOR,2000,Gamma Cluster,5386945.0,35825242090.0,6650.382005013974,15.401,2.859,6.453,,13.736,0.443,1.221,2.352,0.76,15.4
Jordan,JOR,2001,Gamma Cluster,5498900.0,38405924481.0,6984.292218625544,15.858,2.884,2.968,,13.935,0.473,1.451,2.408,0.832,15.859000000000002
Jordan,JOR,2002,Gamma Cluster,5616077.0,41327374100.0,7358.762014837047,16.707,2.975,5.355,,14.671,0.429,1.608,2.497,0.929,16.708
Jordan,JOR,2003,Gamma Cluster,5741837.0,43669159351.0,7605.433479041638,17.273,3.008,3.389,,15.217,0.487,1.569,2.565,0.997,17.273
Jordan,JOR,2004,Gamma Cluster,5882066.0,47936969925.0,8149.682428758875,19.003,3.231,10.015,,14.542,2.737,1.724,2.659,1.031,19.003
Jordan,JOR,2005,Gamma Cluster,6029597.0,52217618202.0,8660.216960105294,20.79,3.448,9.404,,15.861,3.166,1.763,2.816,1.147,20.79
Jordan,JOR,2006,Gamma Cluster,6427377.0,59977821392.0,9331.617142109448,20.829,3.241,0.188,,14.534,4.584,1.711,2.952,1.105,20.829
Jordan,JOR,2007,Gamma Cluster,6827235.0,68285595085.0,10001.94003648622,21.7,3.178,4.18,,14.392,5.507,1.801,3.177,1.167,21.7
Jordan,JOR,2008,Gamma Cluster,6989874.0,72788636146.0,10413.440377609095,20.987,3.003,-3.285,0.0,12.916,6.236,1.836,3.587,1.23,20.988
Jordan,JOR,2009,Gamma Cluster,7141763.0,76172493182.0,10665.782830093915,21.545,3.017,2.657,0.0,12.872,7.061,1.613,3.535,1.198,21.546
Jordan,JOR,2010,Gamma Cluster,7297046.0,77493873619.0,10619.89654704109,20.838,2.856,-3.28,0.0,13.973,5.237,1.628,3.693,1.228,20.838
Jordan,JOR,2011,Gamma Cluster,7480431.0,79441955134.0,10619.970311068975,21.409,2.862,2.741,0.0,18.25,1.997,1.162,4.022,1.275,21.409
Jordan,JOR,2012,Gamma Cluster,7587133.0,81371594307.0,10724.946340995999,24.069,3.172,12.423,0.0,20.896,1.51,1.663,4.212,1.337,24.069000000000003
Jordan,JOR,2013,Gamma Cluster,7991812.0,83495396478.0,10447.61769646233,24.061,3.011,-0.034,0.835,19.661,1.869,1.691,4.279,1.448,24.056
Jordan,JOR,2014,Gamma Cluster,8791715.0,86320876820.0,9818.434380550325,26.165,2.976,8.744,1.337,22.427,0.619,1.777,4.531,1.477,26.16
Jordan,JOR,2015,Gamma Cluster,9544730.0,88475445240.0,9269.559771727434,25.799,2.703,-1.397,0.66,19.317,4.005,1.818,4.763,1.533,25.8
Jordan,JOR,2016,Gamma Cluster,10006369.0,90239641982.0,9018.220493567647,24.949,2.493,-3.294,0.905,15.235,6.98,1.83,5.025,1.527,24.950000000000003
Jordan,JOR,2017,Gamma Cluster,10234227.0,92472176531.0,9035.579974042006,26.08,2.548,4.531,0.74,15.418,8.031,1.89,5.073,1.522,26.079
Jordan,JOR,2018,Gamma Cluster,10462310.0,94246709824.0,9008.212318694437,25.419,2.43,-2.534,0.777,14.781,7.867,1.995,5.173,1.508,25.42
Jordan,JOR,2019,Gamma Cluster,10671893.0,96062846478.0,9001.481412716563,24.57,2.302,-3.342,0.791,14.517,7.859,1.401,5.296,1.495,24.568
Jordan,JOR,2020,Gamma Cluster,10865232.0,94554674762.0,8702.49938169751,20.622,1.898,-16.069,0.619,11.301,7.36,1.341,5.426,1.449,20.621000000000002
Jordan,JOR,2021,Gamma Cluster,11066356.0,96661338596.0,8734.7035099901,21.19,1.915,2.757,0.641,11.908,7.137,1.502,5.58,1.472,21.188
Jordan,JOR,2022,Gamma Cluster,11256269.0,99281825499.0,8820.136183579123,22.428,1.992,5.84,0.856,12.378,7.461,1.733,5.681,1.472,22.428
Jordan,JOR,2023,Gamma Cluster,11439220.0,,,23.119,2.021,3.084,1.439,12.518,7.389,1.733,5.801,1.483,23.079
Jordan,JOR,2024,Gamma Cluster,11552885.0,,,23.219,2.01,0.432,1.7,12.583,7.201,1.733,5.936,1.474,23.217
Kazakhstan,KAZ,1990,Gamma Cluster,17154060.0,194940979656.0,11364.130687195917,267.405,15.588,1.058,173.707,56.761,27.439,1.015,72.005,16.705,258.92199999999997
Kazakhstan,KAZ,1991,Gamma Cluster,17278604.0,174429524072.0,10095.116716142114,260.421,15.072,-2.612,171.461,53.557,26.347,0.804,68.578,16.339,252.16900000000004
Kazakhstan,KAZ,1992,Gamma Cluster,17332624.0,166043944401.0,9579.850367780435,233.523,13.473,-10.328,160.477,39.384,25.184,0.699,66.865,16.077,225.744
Kazakhstan,KAZ,1993,Gamma Cluster,17274487.0,151572718863.0,8774.368747563965,207.559,12.015,-11.119,143.687,33.155,23.493,0.353,62.475,14.579,200.68800000000002
Kazakhstan,KAZ,1994,Gamma Cluster,17043775.0,133221794942.0,7816.448817354137,174.671,10.248,-15.845,118.564,27.665,22.192,0.169,52.84,13.617,168.59
Kazakhstan,KAZ,1995,Gamma Cluster,16730541.0,122950929776.0,7348.891454018134,168.468,10.069,-3.551,116.131,28.627,17.668,0.098,43.903,11.54,162.52400000000003
Kazakhstan,KAZ,1996,Gamma Cluster,16416036.0,124225924285.0,7567.352087008094,154.716,9.425,-8.163,104.793,27.938,15.739,0.016,39.634,10.149,148.486
Kazakhstan,KAZ,1997,Gamma Cluster,16043250.0,127005576762.0,7916.4493953531855,147.293,9.181,-4.798,96.058,29.702,14.864,0.047,36.126,8.845,140.671
Kazakhstan,KAZ,1998,Gamma Cluster,15647789.0,125251820898.0,8004.4420907004815,145.622,9.306,-1.135,93.213,29.745,14.387,0.01,32.897,7.806,137.355
Kazakhstan,KAZ,1999,Gamma Cluster,15455877.0,129322680226.0,8367.217222678468,118.762,7.684,-18.445,81.796,19.181,9.787,0.007,29.289,7.118,110.77100000000002
Kazakhstan,KAZ,2000,Gamma Cluster,15501108.0,142758090799.0,9209.54107274138,142.197,9.173,19.733,95.035,24.383,14.153,0.002,32.816,6.936,133.573
Kazakhstan,KAZ,2001,Gamma Cluster,15575550.0,162896083567.0,10458.448245294709,138.036,8.862,-2.926,93.208,23.404,11.193,0.158,34.125,7.601,127.963
Kazakhstan,KAZ,2002,Gamma Cluster,15656680.0,179807015103.0,11484.364188512507,156.768,10.013,13.57,95.068,35.413,14.308,0.027,38.496,12.083,144.81599999999997
Kazakhstan,KAZ,2003,Gamma Cluster,15747377.0,197584132991.0,12547.113909256126,175.022,11.114,11.644,106.206,39.271,16.178,0.001,38.115,8.878,161.656
Kazakhstan,KAZ,2004,Gamma Cluster,15850164.0,217713169930.0,13735.704559902346,185.476,11.702,5.973,112.534,41.377,17.302,0.346,40.649,9.905,171.559
Kazakhstan,KAZ,2005,Gamma Cluster,15968118.0,240059743236.0,15033.690459702264,198.449,12.428,6.994,113.324,51.563,18.119,0.355,41.692,10.276,183.361
Kazakhstan,KAZ,2006,Gamma Cluster,16103718.0,267135182235.0,16588.416552935167,219.633,13.639,10.675,119.135,55.406,27.997,0.476,44.856,11.201,203.014
Kazakhstan,KAZ,2007,Gamma Cluster,16257212.0,292456722644.0,17989.352826548613,225.712,13.884,2.768,129.58,55.398,24.003,0.597,44.68,10.281,209.578
Kazakhstan,KAZ,2008,Gamma Cluster,16426527.0,303717015928.0,18489.4235968443,226.102,13.764,0.173,125.13,52.597,30.341,0.984,48.842,10.785,209.05200000000002
Kazakhstan,KAZ,2009,Gamma Cluster,16619851.0,309012285175.0,18592.963629758175,223.189,13.429,-1.288,136.013,39.463,29.936,0.933,47.857,9.798,206.345
Kazakhstan,KAZ,2010,Gamma Cluster,16836808.0,333341740713.0,19798.392944375206,248.093,14.735,11.158,144.001,51.689,34.251,1.025,52.067,11.343,230.966
Kazakhstan,KAZ,2011,Gamma Cluster,17065996.0,360244945296.0,21108.931778490984,238.157,13.955,-4.005,141.541,39.43,38.671,1.066,50.894,10.247,220.708
Kazakhstan,KAZ,2012,Gamma Cluster,17306115.0,378260779954.0,21857.059192892222,245.263,14.172,2.984,152.612,39.288,34.439,2.321,51.33,10.109,228.65999999999997
Kazakhstan,KAZ,2013,Gamma Cluster,17556502.0,400574375261.0,22816.297646364863,253.533,14.441,3.372,150.9,49.463,30.729,3.031,50.231,9.195,234.123
Kazakhstan,KAZ,2014,Gamma Cluster,17816285.0,417799078586.0,23450.4038628704,299.137,16.79,17.988,194.196,39.732,43.375,3.238,51.587,10.488,280.541
Kazakhstan,KAZ,2015,Gamma Cluster,18084175.0,421977118608.0,23334.05414446609,303.052,16.758,1.309,186.754,40.8,52.621,3.457,46.424,10.917,283.63199999999995
Kazakhstan,KAZ,2016,Gamma Cluster,18363600.0,425774884998.0,23185.80697673659,301.739,16.431,-0.433,185.489,42.117,54.656,3.525,46.547,9.967,285.787
Kazakhstan,KAZ,2017,Gamma Cluster,18651931.0,442384368842.0,23717.885769682507,317.72,17.034,5.297,191.064,44.115,62.691,3.819,53.113,13.463,301.689
Kazakhstan,KAZ,2018,Gamma Cluster,18932725.0,460522121041.0,24324.133004678406,329.572,17.408,3.73,193.772,47.978,68.521,3.893,52.263,10.856,314.164
Kazakhstan,KAZ,2019,Gamma Cluster,19209556.0,481245619523.0,25052.407224976985,296.04,15.411,-10.175,180.217,47.921,50.328,3.802,53.139,11.829,282.26800000000003
Kazakhstan,KAZ,2020,Gamma Cluster,19482116.0,468733212615.0,24059.66644562634,281.789,14.464,-4.814,184.964,47.217,32.117,4.45,52.083,11.568,268.748
Kazakhstan,KAZ,2021,Gamma Cluster,19743607.0,487951301251.0,24714.394955845706,244.904,12.404,-13.09,138.533,62.447,24.665,3.841,54.107,12.218,229.486
Kazakhstan,KAZ,2022,Gamma Cluster,20034612.0,503634062609.0,25138.19896332407,274.346,13.694,12.022,150.966,64.976,38.807,4.458,54.521,11.919,259.20700000000005
Kazakhstan,KAZ,2023,Gamma Cluster,20330109.0,,,286.175,14.076,4.312,163.217,66.979,36.382,4.458,54.193,11.818,271.03600000000006
Kazakhstan,KAZ,2024,Gamma Cluster,20592574.0,,,287.006,13.937,0.29,160.167,69.425,37.819,4.458,54.973,11.967,271.869
Kenya,KEN,1990,Gamma Cluster,22892655.0,41570971757.0,1815.9087164420205,5.789,0.253,12.092,0.403,4.664,,0.722,24.568,9.821,5.789
Kenya,KEN,1991,Gamma Cluster,23646514.0,42852784377.0,1812.2241771873857,4.805,0.203,-17.0,0.352,3.774,,0.679,23.96,9.509,4.805000000000001
Kenya,KEN,1992,Gamma Cluster,24382466.0,43098109029.0,1767.5861428044234,5.505,0.226,14.568,0.421,4.364,,0.72,24.053,9.486,5.505
Kenya,KEN,1993,Gamma Cluster,25117192.0,43754838219.0,1742.027461469419,6.312,0.251,14.659,0.352,5.284,,0.676,24.154,9.463,6.312
Kenya,KEN,1994,Gamma Cluster,25857136.0,45663580409.0,1765.9952907777567,6.523,0.252,3.344,0.293,5.536,,0.693,24.349,9.524,6.521999999999999
Kenya,KEN,1995,Gamma Cluster,26601753.0,48490927693.0,1822.8470767697152,7.515,0.283,15.218,0.37,6.398,,0.748,24.442,9.403,7.516
Kenya,KEN,1996,Gamma Cluster,27344211.0,51489486317.0,1883.01232450993,9.283,0.339,23.523,0.352,8.064,,0.867,23.557,9.073,9.283000000000001
Kenya,KEN,1997,Gamma Cluster,28101762.0,52761219815.0,1877.5057526641924,8.227,0.293,-11.379,0.245,7.262,,0.719,23.718,9.035,8.225999999999999
Kenya,KEN,1998,Gamma Cluster,28888063.0,55518263811.0,1921.8409974735932,9.999,0.346,21.537,0.198,9.12,,0.681,24.232,9.351,9.998999999999999
Kenya,KEN,1999,Gamma Cluster,29733413.0,57993148114.0,1950.4369751968939,10.021,0.337,0.22,0.194,9.252,,0.575,25.567,9.814,10.021
Kenya,KEN,2000,Gamma Cluster,30642893.0,59408907766.0,1938.7499661340723,10.385,0.339,3.636,0.176,9.662,,0.547,24.248,9.236,10.385000000000002
Kenya,KEN,2001,Gamma Cluster,31619170.0,62956470966.0,1991.085501801597,9.224,0.292,-11.183,0.176,8.53,,0.518,24.417,9.203,9.224
Kenya,KEN,2002,Gamma Cluster,32629809.0,64478127960.0,1976.0498126115294,7.819,0.24,-15.227,0.264,6.969,,0.587,25.418,9.491,7.82
Kenya,KEN,2003,Gamma Cluster,33652233.0,67617075406.0,2009.2894104828051,6.716,0.2,-14.106,0.245,5.679,,0.791,26.822,10.106,6.715000000000001
Kenya,KEN,2004,Gamma Cluster,34713453.0,72070033430.0,2076.141299743359,7.621,0.22,13.478,0.286,6.441,,0.894,28.377,10.574,7.6209999999999996
Kenya,KEN,2005,Gamma Cluster,35796485.0,77598831261.0,2167.7779609087315,8.454,0.236,10.928,0.333,7.164,,0.957,27.952,10.509,8.454
Kenya,KEN,2006,Gamma Cluster,36904010.0,83653248054.0,2266.7793568774778,9.567,0.259,13.161,0.443,8.039,,1.085,27.789,10.174,9.567
Kenya,KEN,2007,Gamma Cluster,38036354.0,91060343688.0,2394.0344988901934,9.734,0.256,1.748,0.4,8.156,,1.179,39.619,15.427,9.735000000000001
Kenya,KEN,2008,Gamma Cluster,39206349.0,92971180385.0,2371.329714608213,10.099,0.258,3.745,0.41,8.413,,1.276,40.322,15.449,10.099
Kenya,KEN,2009,Gamma Cluster,40408887.0,97792492598.0,2420.073896071426,12.185,0.302,20.658,0.366,10.321,,1.497,39.141,15.052,12.184
Kenya,KEN,2010,Gamma Cluster,41598570.0,108082167772.0,2598.2183467364384,11.857,0.285,-2.692,0.627,9.688,,1.543,39.565,15.247,11.858
Kenya,KEN,2011,Gamma Cluster,42758467.0,117152107312.0,2739.8575190265824,12.218,0.286,3.043,0.894,10.201,,1.123,40.61,15.746,12.218
Kenya,KEN,2012,Gamma Cluster,43888306.0,122504792826.0,2791.2855152349694,11.246,0.256,-7.954,0.802,9.282,,1.162,40.598,15.835,11.245999999999999
Kenya,KEN,2013,Gamma Cluster,44986794.0,127157517259.0,2826.5521045798464,12.163,0.27,8.155,0.887,9.929,,1.347,40.338,15.698,12.163
Kenya,KEN,2014,Gamma Cluster,46051441.0,133540839466.0,2899.8189104657986,13.214,0.287,8.645,1.099,10.363,,1.753,41.061,15.888,13.215
Kenya,KEN,2015,Gamma Cluster,47088528.0,140175144054.0,2976.8427684551957,15.212,0.323,15.118,1.162,12.523,,1.528,41.821,15.845,15.213
Kenya,KEN,2016,Gamma Cluster,48139683.0,146082118752.0,3034.546753288758,16.289,0.338,7.076,1.147,13.483,,1.659,44.76,17.282,16.289
Kenya,KEN,2017,Gamma Cluster,49197757.0,151656608610.0,3082.5919281238776,16.181,0.329,-0.661,1.081,13.374,,1.727,42.684,16.328,16.182
Kenya,KEN,2018,Gamma Cluster,50207109.0,160257055688.0,3191.9196081973173,17.003,0.339,5.078,1.619,13.994,,1.39,44.186,16.822,17.003
Kenya,KEN,2019,Gamma Cluster,51202829.0,168452589868.0,3289.907865598598,18.159,0.355,6.799,1.429,15.195,,1.535,49.255,19.141,18.159
Kenya,KEN,2020,Gamma Cluster,52217327.0,168031463891.0,3217.925419487673,19.99,0.383,10.082,1.92,16.106,,1.963,54.435,21.975,19.989000000000004
Kenya,KEN,2021,Gamma Cluster,53219167.0,180662393951.0,3394.6866164026956,20.59,0.387,3.003,2.228,15.18,,3.182,50.344,19.743,20.59
Kenya,KEN,2022,Gamma Cluster,54252458.0,190362153076.0,3508.8207998981356,20.544,0.379,-0.221,2.729,14.211,,3.604,51.79,19.821,20.544
Kenya,KEN,2023,Gamma Cluster,55339007.0,,,21.186,0.383,3.122,3.156,14.49,,3.54,53.752,20.626,21.186
Kenya,KEN,2024,Gamma Cluster,56432946.0,,,21.225,0.376,0.187,3.222,14.745,,3.259,53.82,20.506,21.226
Kiribati,KIR,1990,Gamma Cluster,74872.0,,,0.022,0.294,0.0,,0.022,,0.0,0.016,0.003,0.022
Kiribati,KIR,1991,Gamma Cluster,76385.0,,,0.022,0.288,0.0,,0.022,,0.0,0.016,0.003,0.022
Kiribati,KIR,1992,Gamma Cluster,77655.0,,,0.026,0.33,16.667,,0.026,,0.0,0.016,0.003,0.026
Kiribati,KIR,1993,Gamma Cluster,78853.0,,,0.029,0.372,14.286,,0.029,,0.0,0.016,0.003,0.029
Kiribati,KIR,1994,Gamma Cluster,80033.0,,,0.029,0.366,0.0,,0.029,,0.0,0.016,0.003,0.029
Kiribati,KIR,1995,Gamma Cluster,81251.0,,,0.029,0.361,0.0,,0.029,,0.0,0.017,0.003,0.029
Kiribati,KIR,1996,Gamma Cluster,82637.0,,,0.033,0.399,12.5,,0.033,,0.0,0.017,0.004,0.033
Kiribati,KIR,1997,Gamma Cluster,84161.0,,,0.029,0.348,-11.111,,0.029,,0.0,0.017,0.004,0.029
Kiribati,KIR,1998,Gamma Cluster,85672.0,,,0.029,0.342,0.0,,0.029,,0.0,0.018,0.004,0.029
Kiribati,KIR,1999,Gamma Cluster,87139.0,,,0.029,0.336,0.0,,0.029,,0.0,0.018,0.004,0.029
Kiribati,KIR,2000,Gamma Cluster,88632.0,,,0.037,0.413,25.0,,0.037,,0.0,0.019,0.004,0.037
Kiribati,KIR,2001,Gamma Cluster,90350.0,,,0.033,0.365,-10.0,,0.033,,0.0,0.019,0.004,0.033
Kiribati,KIR,2002,Gamma Cluster,92281.0,,,0.04,0.437,22.222,,0.04,,0.0,0.02,0.005,0.04
Kiribati,KIR,2003,Gamma Cluster,94189.0,,,0.04,0.428,0.0,,0.04,,0.0,0.02,0.005,0.04
Kiribati,KIR,2004,Gamma Cluster,96096.0,,,0.044,0.458,9.091,,0.044,,0.0,0.021,0.005,0.044
Kiribati,KIR,2005,Gamma Cluster,98045.0,,,0.048,0.486,8.333,,0.048,,0.0,0.021,0.005,0.048
Kiribati,KIR,2006,Gamma Cluster,100028.0,,,0.051,0.513,7.692,,0.051,,0.0,0.022,0.006,0.051
Kiribati,KIR,2007,Gamma Cluster,102081.0,,,0.051,0.503,0.0,,0.051,,0.0,0.022,0.006,0.051
Kiribati,KIR,2008,Gamma Cluster,104235.0,,,0.048,0.457,-7.143,,0.048,,0.0,0.022,0.006,0.048
Kiribati,KIR,2009,Gamma Cluster,106479.0,,,0.048,0.447,0.0,,0.048,,0.0,0.023,0.006,0.048
Kiribati,KIR,2010,Gamma Cluster,108717.0,,,0.059,0.539,23.077,,0.059,,0.0,0.023,0.006,0.059
Kiribati,KIR,2011,Gamma Cluster,110660.0,,,0.055,0.497,-6.25,,0.055,,0.0,0.024,0.006,0.055
Kiribati,KIR,2012,Gamma Cluster,112293.0,,,0.055,0.489,0.0,,0.055,,0.0,0.024,0.006,0.055
Kiribati,KIR,2013,Gamma Cluster,113847.0,,,0.055,0.483,0.0,,0.055,,0.0,0.025,0.006,0.055
Kiribati,KIR,2014,Gamma Cluster,115339.0,,,0.055,0.477,0.0,,0.055,,0.0,0.025,0.006,0.055
Kiribati,KIR,2015,Gamma Cluster,116826.0,,,0.059,0.502,6.667,,0.059,,0.0,0.026,0.006,0.059
Kiribati,KIR,2016,Gamma Cluster,118488.0,,,0.055,0.464,-6.25,,0.055,,0.0,0.027,0.006,0.055
Kiribati,KIR,2017,Gamma Cluster,120288.0,,,0.07,0.579,26.667,,0.07,,0.0,0.027,0.007,0.07
Kiribati,KIR,2018,Gamma Cluster,122097.0,,,0.07,0.57,0.0,,0.07,,0.0,0.028,0.007,0.07
Kiribati,KIR,2019,Gamma Cluster,123928.0,,,0.07,0.562,0.0,,0.07,,0.0,0.029,0.007,0.07
Kiribati,KIR,2020,Gamma Cluster,126110.0,,,0.07,0.552,0.0,,0.07,,0.0,0.029,0.007,0.07
Kiribati,KIR,2021,Gamma Cluster,128387.0,,,0.07,0.542,0.0,,0.07,,0.0,0.029,0.007,0.07
Kiribati,KIR,2022,Gamma Cluster,130483.0,,,0.07,0.534,0.0,,0.07,,0.0,0.03,0.007,0.07
Kiribati,KIR,2023,Gamma Cluster,132540.0,,,0.069,0.523,-0.473,,0.069,,0.0,0.031,0.007,0.069
Kiribati,KIR,2024,Gamma Cluster,134521.0,,,0.072,0.539,4.574,,0.072,,0.0,0.031,0.007,0.072
Kuwait,KWT,1990,Gamma Cluster,1684833.0,20899601193.0,12404.553562875371,37.863,22.473,5.656,0.0,22.117,13.969,0.432,17.582,0.439,36.518
Kuwait,KWT,1991,Gamma Cluster,1351403.0,5968350535.0,4416.4106006868415,492.979,364.791,1201.995,,464.529,,0.047,6.308,0.323,464.576
Kuwait,KWT,1992,Gamma Cluster,1634968.0,18278670155.0,11179.83358389889,29.683,18.155,-93.979,0.0,21.02,7.449,0.254,18.277,0.382,28.723000000000003
Kuwait,KWT,1993,Gamma Cluster,1672158.0,29845167808.0,17848.294125315908,49.163,29.401,65.625,0.0,33.357,15.184,0.237,29.175,0.426,48.778
Kuwait,KWT,1994,Gamma Cluster,1664371.0,38842906079.0,23337.8892560613,57.265,34.406,16.48,0.0,39.278,14.583,0.473,31.19,0.49,54.333999999999996
Kuwait,KWT,1995,Gamma Cluster,1681518.0,46090594401.0,27410.110626826474,56.263,33.46,-1.749,0.0,35.035,17.811,0.919,29.348,0.52,53.76499999999999
Kuwait,KWT,1996,Gamma Cluster,1730255.0,51809716654.0,29943.399472332112,51.768,29.919,-7.989,0.0,30.301,17.855,0.939,30.349,0.57,49.095
Kuwait,KWT,1997,Gamma Cluster,1787692.0,57062986447.0,31919.920460012127,56.765,31.753,9.652,0.0,35.105,17.792,0.936,32.78,0.62,53.833
Kuwait,KWT,1998,Gamma Cluster,1844308.0,62305861237.0,33782.78532490235,52.91,28.688,-6.79,0.0,32.092,17.981,0.627,29.317,0.689,50.7
Kuwait,KWT,1999,Gamma Cluster,1900035.0,64236405197.0,33808.01153505067,55.085,28.992,4.11,0.0,35.928,16.456,0.666,27.597,0.754,53.05
Kuwait,KWT,2000,Gamma Cluster,1954713.0,71053965539.0,36350.075708812496,54.98,28.127,-0.191,0.0,31.277,20.686,0.549,31.048,0.688,52.512
Kuwait,KWT,2001,Gamma Cluster,2008127.0,75867443155.0,37780.20172777917,59.119,29.44,7.529,0.0,36.277,20.24,0.421,29.272,0.692,56.937999999999995
Kuwait,KWT,2002,Gamma Cluster,2059983.0,83636154969.0,40600.4102795994,60.114,29.182,1.682,0.0,38.798,18.151,0.716,29.296,0.747,57.665
Kuwait,KWT,2003,Gamma Cluster,2109886.0,104974065782.0,49753.43017679628,62.491,29.618,3.955,0.0,37.296,21.152,0.832,35.814,0.77,59.28
Kuwait,KWT,2004,Gamma Cluster,2157329.0,123477836787.0,57236.44227978208,65.855,30.526,5.384,0.0,38.925,22.766,1.162,35.942,0.773,62.852999999999994
Kuwait,KWT,2005,Gamma Cluster,2236797.0,142799938874.0,63841.26001331368,74.615,33.358,13.302,0.001,44.889,25.526,0.935,38.586,0.828,71.351
Kuwait,KWT,2006,Gamma Cluster,2364741.0,159619963672.0,67499.97723725346,76.222,32.233,2.153,0.002,45.881,26.234,0.949,39.089,0.876,73.066
Kuwait,KWT,2007,Gamma Cluster,2507890.0,174545824817.0,69598.67650375415,77.295,30.821,1.408,0.002,48.059,25.539,0.931,36.877,0.862,74.53099999999999
Kuwait,KWT,2008,Gamma Cluster,2651433.0,183755530386.0,69304.23298872722,84.442,31.848,9.247,0.001,54.363,26.619,1.091,35.918,0.945,82.074
Kuwait,KWT,2009,Gamma Cluster,2795489.0,175302339443.0,62709.00706209182,88.832,31.777,5.198,0.002,61.749,24.102,0.832,32.48,0.954,86.685
Kuwait,KWT,2010,Gamma Cluster,2943374.0,176036955078.0,59807.87867189151,89.721,30.482,1.001,0.003,58.741,28.132,0.829,32.75,0.95,87.705
Kuwait,KWT,2011,Gamma Cluster,3132815.0,201228682118.0,64232.54552790382,87.151,27.819,-2.865,0.051,51.241,32.859,0.929,36.43,0.972,85.08000000000001
Kuwait,KWT,2012,Gamma Cluster,3337025.0,214560063974.0,64296.810474599384,101.201,30.327,16.121,0.532,62.827,34.731,0.983,39.482,0.998,99.07300000000001
Kuwait,KWT,2013,Gamma Cluster,3507755.0,217029672079.0,61871.38841766315,83.047,23.675,-17.939,0.589,44.246,34.566,1.208,39.35,1.054,80.60900000000001
Kuwait,KWT,2014,Gamma Cluster,3665769.0,218112639263.0,59499.831894208284,74.994,20.458,-9.697,0.811,36.125,34.282,1.131,39.106,1.043,72.34899999999999
Kuwait,KWT,2015,Gamma Cluster,3834465.0,219406044434.0,57219.46723571607,93.317,24.337,24.434,0.847,50.477,39.067,1.252,39.552,1.075,91.64299999999999
Kuwait,KWT,2016,Gamma Cluster,4003976.0,225825859800.0,56400.402949468225,104.019,25.979,11.468,0.778,58.287,41.257,1.616,40.905,1.094,101.938
Kuwait,KWT,2017,Gamma Cluster,4154686.0,215180426540.0,51792.22365781674,100.01,24.072,-3.854,0.534,54.687,41.929,1.373,38.696,1.107,98.52300000000001
Kuwait,KWT,2018,Gamma Cluster,4323389.0,220424403170.0,50984.17079055343,102.453,23.697,2.442,0.746,55.927,42.77,1.373,39.203,1.123,100.81600000000002
Kuwait,KWT,2019,Gamma Cluster,4442201.0,219207651814.0,49346.63060361294,104.654,23.559,2.149,0.578,54.859,46.267,1.575,38.78,1.134,103.27900000000001
Kuwait,KWT,2020,Gamma Cluster,4400146.0,199796812404.0,45406.85977328934,90.103,20.477,-13.904,0.163,35.49,51.688,1.373,36.763,1.086,88.71400000000001
Kuwait,KWT,2021,Gamma Cluster,4360748.0,202410138854.0,46416.380596631585,87.869,20.15,-2.479,0.278,30.807,54.099,1.414,36.777,1.197,86.598
Kuwait,KWT,2022,Gamma Cluster,4589514.0,218961227193.0,47709.022609583495,115.849,25.242,31.843,0.337,65.639,47.313,1.466,40.002,1.185,114.755
Kuwait,KWT,2023,Gamma Cluster,4838781.0,,,123.169,25.454,6.318,0.621,68.085,51.759,1.466,39.198,1.195,121.93099999999998
Kuwait,KWT,2024,Gamma Cluster,4934508.0,,,129.519,26.248,5.155,0.623,72.458,53.833,1.466,39.526,1.225,128.38
Kyrgyzstan,KGZ,1990,Gamma Cluster,4459545.0,25164233692.0,5642.780528506832,19.204,4.306,-7.36,7.085,7.552,3.712,0.592,5.597,2.213,18.941
Kyrgyzstan,KGZ,1991,Gamma Cluster,4532124.0,22948278940.0,5063.471109793112,15.897,3.508,-17.218,6.164,5.85,3.075,0.563,5.461,2.06,15.652
Kyrgyzstan,KGZ,1992,Gamma Cluster,4600308.0,19580870436.0,4256.42596886991,11.042,2.4,-30.544,3.814,3.686,3.074,0.467,4.978,1.908,11.041
Kyrgyzstan,KGZ,1993,Gamma Cluster,4626809.0,16865848800.0,3645.244227717202,8.468,1.83,-23.307,3.437,2.429,2.316,0.286,4.625,1.723,8.467999999999998
Kyrgyzstan,KGZ,1994,Gamma Cluster,4649190.0,13389775327.0,2880.0232571695283,6.144,1.322,-27.44,3.424,0.825,1.716,0.18,4.117,1.495,6.145
Kyrgyzstan,KGZ,1995,Gamma Cluster,4713641.0,12537052888.0,2659.7385944326265,4.507,0.956,-26.65,1.246,1.396,1.729,0.136,3.497,1.222,4.507000000000001
Kyrgyzstan,KGZ,1996,Gamma Cluster,4782885.0,13289582934.0,2778.5704515161874,5.652,1.182,25.405,1.854,1.543,2.023,0.233,3.341,1.193,5.653
Kyrgyzstan,KGZ,1997,Gamma Cluster,4847998.0,14463585194.0,2983.414018322615,5.561,1.147,-1.614,1.942,1.674,1.663,0.281,3.965,1.164,5.56
Kyrgyzstan,KGZ,1998,Gamma Cluster,4907792.0,14624138023.0,2979.779506344197,5.901,1.202,6.12,1.938,1.707,1.953,0.302,3.985,1.213,5.8999999999999995
Kyrgyzstan,KGZ,1999,Gamma Cluster,4968593.0,15009644796.0,3020.904468528616,4.642,0.934,-21.328,1.916,1.411,1.15,0.165,4.065,1.223,4.642
Kyrgyzstan,KGZ,2000,Gamma Cluster,5025150.0,15667564559.0,3117.830225764405,4.575,0.91,-1.447,1.865,1.205,1.312,0.193,4.16,1.23,4.575
Kyrgyzstan,KGZ,2001,Gamma Cluster,5071960.0,16336535537.0,3220.951178045568,3.857,0.76,-15.704,1.229,1.086,1.342,0.2,4.2,1.247,3.8570000000000007
Kyrgyzstan,KGZ,2002,Gamma Cluster,5116252.0,16170495966.0,3160.6136613286444,4.917,0.961,27.497,1.986,1.004,1.7,0.227,4.282,1.155,4.917000000000001
Kyrgyzstan,KGZ,2003,Gamma Cluster,5159422.0,17135753196.0,3321.2544343145414,5.376,1.042,9.32,2.407,1.246,1.403,0.319,4.31,1.293,5.375
Kyrgyzstan,KGZ,2004,Gamma Cluster,5203048.0,18155686902.0,3489.4329058659464,5.808,1.116,8.048,2.363,1.543,1.532,0.371,4.319,1.281,5.808999999999999
Kyrgyzstan,KGZ,2005,Gamma Cluster,5246337.0,17942169018.0,3419.942145920096,5.519,1.052,-4.977,2.319,1.37,1.414,0.415,4.393,1.318,5.518
Kyrgyzstan,KGZ,2006,Gamma Cluster,5282451.0,18316466710.0,3467.418194697878,5.457,1.033,-1.12,2.224,1.271,1.477,0.485,4.206,1.326,5.457000000000001
Kyrgyzstan,KGZ,2007,Gamma Cluster,5313376.0,19684074796.0,3704.6267375017314,6.522,1.228,19.516,2.305,2.235,1.473,0.51,4.308,1.388,6.523
Kyrgyzstan,KGZ,2008,Gamma Cluster,5342530.0,20960394949.0,3923.308797330104,7.481,1.4,14.697,3.193,2.423,1.43,0.435,4.512,1.417,7.480999999999999
Kyrgyzstan,KGZ,2009,Gamma Cluster,5398013.0,21348199451.0,3954.8254980119536,6.709,1.243,-10.314,2.752,3.122,0.623,0.213,4.804,1.549,6.71
Kyrgyzstan,KGZ,2010,Gamma Cluster,5491763.0,21037148123.0,3830.6729775119575,6.356,1.157,-5.271,2.682,2.755,0.564,0.354,4.919,1.55,6.3549999999999995
Kyrgyzstan,KGZ,2011,Gamma Cluster,5594537.0,22069322288.0,3944.7987005895216,7.62,1.362,19.896,2.865,3.638,0.638,0.479,5.609,1.601,7.62
Kyrgyzstan,KGZ,2012,Gamma Cluster,5696521.0,22049906072.0,3870.767100130062,10.087,1.771,32.368,4.016,4.672,0.817,0.582,5.169,1.672,10.087
Kyrgyzstan,KGZ,2013,Gamma Cluster,5797294.0,24456653043.0,4218.632528038082,9.734,1.679,-3.498,3.576,4.796,0.627,0.735,5.711,1.745,9.734
Kyrgyzstan,KGZ,2014,Gamma Cluster,5898322.0,25440781974.0,4313.223654795381,10.236,1.735,5.163,4.503,4.4,0.517,0.816,6.354,1.787,10.236
Kyrgyzstan,KGZ,2015,Gamma Cluster,6001876.0,26426866370.0,4403.101025412721,10.265,1.71,0.277,4.338,4.719,0.524,0.683,6.461,1.698,10.264
Kyrgyzstan,KGZ,2016,Gamma Cluster,6108460.0,27572739134.0,4513.86096233748,9.622,1.575,-6.265,3.481,4.99,0.546,0.605,6.768,1.718,9.622
Kyrgyzstan,KGZ,2017,Gamma Cluster,6220148.0,28879683468.0,4642.925452577656,9.364,1.505,-2.677,3.391,4.71,0.579,0.684,6.951,1.684,9.363999999999999
Kyrgyzstan,KGZ,2018,Gamma Cluster,6341733.0,29878637891.0,4711.431069551493,11.175,1.762,19.338,4.043,5.575,0.641,0.916,7.215,1.811,11.175
Kyrgyzstan,KGZ,2019,Gamma Cluster,6494036.0,31253353975.0,4812.624071532711,9.047,1.393,-19.045,3.173,4.331,0.619,0.924,7.355,1.838,9.047
Kyrgyzstan,KGZ,2020,Gamma Cluster,6664143.0,28560253227.0,4285.660320764426,8.348,1.253,-7.717,3.174,3.636,0.649,0.889,7.461,1.871,8.348
Kyrgyzstan,KGZ,2021,Gamma Cluster,6820483.0,29628978769.0,4344.117384208714,10.338,1.516,23.834,4.157,4.234,0.765,1.182,7.588,1.845,10.338000000000001
Kyrgyzstan,KGZ,2022,Gamma Cluster,6955792.0,31703003147.0,4557.78481400824,11.513,1.655,11.362,5.429,3.968,0.85,1.265,7.737,1.884,11.512
Kyrgyzstan,KGZ,2023,Gamma Cluster,7073523.0,,,11.144,1.576,-3.2,4.999,4.077,0.803,1.265,7.837,1.901,11.144000000000002
Kyrgyzstan,KGZ,2024,Gamma Cluster,7186014.0,,,11.77,1.638,5.615,5.667,4.033,0.805,1.265,7.968,1.91,11.77
Laos,LAO,1990,Gamma Cluster,4311960.0,6235010000.0,1445.9804821937123,0.513,0.119,122.222,0.004,0.509,,,5.547,1.466,0.513
Laos,LAO,1991,Gamma Cluster,4435121.0,6550550266.0,1476.9721651337134,0.546,0.123,6.429,0.004,0.542,,,5.432,1.565,0.546
Laos,LAO,1992,Gamma Cluster,4559650.0,6965636262.0,1527.6690671433114,0.593,0.13,8.575,0.007,0.583,,0.003,5.656,1.635,0.593
Laos,LAO,1993,Gamma Cluster,4685064.0,7432922464.0,1586.5146055635525,0.607,0.13,2.476,0.015,0.59,,0.003,5.677,1.709,0.608
Laos,LAO,1994,Gamma Cluster,4809223.0,8095761860.0,1683.382504824584,0.631,0.131,3.815,0.018,0.608,,0.004,5.991,1.722,0.63
Laos,LAO,1995,Gamma Cluster,4929410.0,8730282550.0,1771.0603398784033,0.671,0.136,6.388,0.022,0.645,,0.004,6.058,1.775,0.671
Laos,LAO,1996,Gamma Cluster,5045686.0,9400684784.0,1863.113317792665,0.753,0.149,12.297,0.051,0.671,,0.032,6.066,1.774,0.7540000000000001
Laos,LAO,1997,Gamma Cluster,5152015.0,10121302787.0,1964.5328647140973,0.792,0.154,5.181,0.095,0.663,,0.034,6.281,1.716,0.792
Laos,LAO,1998,Gamma Cluster,5248273.0,10598967421.0,2019.515261687035,0.82,0.156,3.49,0.07,0.718,,0.032,5.945,1.645,0.8200000000000001
Laos,LAO,1999,Gamma Cluster,5340784.0,11458882653.0,2145.5431736239475,0.846,0.158,3.123,0.015,0.799,,0.032,5.907,1.543,0.8460000000000001
Laos,LAO,2000,Gamma Cluster,5431213.0,12209285510.0,2247.985028390527,0.96,0.177,13.565,0.04,0.883,,0.037,6.343,1.676,0.9600000000000001
Laos,LAO,2001,Gamma Cluster,5521481.0,13005702889.0,2355.473629086109,1.059,0.192,10.284,0.051,0.971,,0.037,6.561,1.725,1.059
Laos,LAO,2002,Gamma Cluster,5610888.0,13872426080.0,2472.4118677827823,1.166,0.208,10.064,0.084,0.986,,0.096,6.687,1.779,1.1660000000000001
Laos,LAO,2003,Gamma Cluster,5697944.0,14843718409.0,2605.100788810841,1.221,0.214,4.735,0.102,1.019,,0.099,6.854,1.836,1.22
Laos,LAO,2004,Gamma Cluster,5781627.0,16000772290.0,2767.5206805973476,1.282,0.222,5.039,0.125,1.059,,0.099,7.106,2.161,1.283
Laos,LAO,2005,Gamma Cluster,5869531.0,17208611490.0,2931.854604737585,1.337,0.228,4.252,0.136,1.103,,0.099,7.006,2.045,1.3379999999999999
Laos,LAO,2006,Gamma Cluster,5963199.0,17176979638.0,2880.497470904459,1.757,0.295,31.437,0.187,1.414,,0.156,7.085,1.948,1.757
Laos,LAO,2007,Gamma Cluster,6056237.0,20454811822.0,3377.4787581793776,1.836,0.303,4.461,0.213,1.469,,0.154,7.38,2.373,1.836
Laos,LAO,2008,Gamma Cluster,6148974.0,22210959976.0,3612.14081828936,2.131,0.347,16.104,0.297,1.682,,0.153,7.668,2.101,2.1319999999999997
Laos,LAO,2009,Gamma Cluster,6241649.0,24050843271.0,3853.283526677005,2.667,0.427,25.154,0.352,1.934,,0.382,8.006,2.24,2.668
Laos,LAO,2010,Gamma Cluster,6334198.0,26198017296.0,4135.9643787579735,3.001,0.474,12.499,0.638,1.905,,0.458,8.436,2.607,3.0010000000000003
Laos,LAO,2011,Gamma Cluster,6426592.0,28505277000.0,4435.51994587489,3.097,0.482,3.198,0.678,1.927,,0.492,8.228,2.269,3.097
Laos,LAO,2012,Gamma Cluster,6518981.0,30756620000.0,4718.01037616155,3.328,0.511,7.477,0.714,2.048,,0.566,8.834,2.605,3.328
Laos,LAO,2013,Gamma Cluster,6611385.0,33213895000.0,5023.742377731746,4.198,0.635,26.137,1.071,2.303,,0.824,8.834,2.665,4.1979999999999995
Laos,LAO,2014,Gamma Cluster,6703170.0,35727804000.0,5329.986260232099,4.383,0.654,4.4,1.125,2.418,,0.84,9.049,2.689,4.383
Laos,LAO,2015,Gamma Cluster,6801647.0,38423808000.0,5649.191732531841,9.185,1.35,109.554,5.108,2.895,,1.183,9.334,2.853,9.186
Laos,LAO,2016,Gamma Cluster,6908800.0,41128975200.0,5953.128647522001,16.407,2.375,78.627,11.966,3.141,,1.3,9.883,3.121,16.407
Laos,LAO,2017,Gamma Cluster,7018150.0,43958737408.0,6263.579063998347,19.625,2.796,19.617,14.916,3.206,,1.503,9.839,2.949,19.625
Laos,LAO,2018,Gamma Cluster,7128043.0,46694965948.0,6550.881630203409,20.481,2.873,4.365,15.338,3.312,,1.832,9.892,2.981,20.482
Laos,LAO,2019,Gamma Cluster,7237635.0,49243304815.0,6803.7839453081015,18.34,2.534,-10.456,13.663,2.689,,1.987,10.051,3.185,18.339
Laos,LAO,2020,Gamma Cluster,7346534.0,50856670244.0,6922.539287778427,18.294,2.49,-0.253,13.293,2.649,,2.351,10.547,3.447,18.293
Laos,LAO,2021,Gamma Cluster,7453192.0,52626361275.0,7060.915816337483,21.837,2.93,19.368,13.669,2.668,,5.5,10.481,3.192,21.837
Laos,LAO,2022,Gamma Cluster,7559008.0,54953902901.0,7269.988720874485,22.549,2.983,3.261,14.938,2.726,,4.885,10.955,3.249,22.549
Laos,LAO,2023,Gamma Cluster,7665001.0,,,24.157,3.152,7.132,16.559,2.713,,4.885,11.141,3.597,24.157000000000004
Laos,LAO,2024,Gamma Cluster,7769823.0,,,24.4,3.14,1.005,16.678,2.837,,4.885,11.411,3.522,24.4
Latvia,LVA,1990,Gamma Cluster,2660131.0,42100704929.0,15826.553252076683,19.662,7.391,9.578,2.812,10.462,5.493,0.346,4.25,2.517,19.113
Latvia,LVA,1991,Gamma Cluster,2648933.0,36517762608.0,13785.838527437274,17.92,6.765,-8.86,2.455,9.292,5.455,0.32,4.217,2.428,17.522
Latvia,LVA,1992,Gamma Cluster,2614833.0,24594371373.0,9405.71400659239,14.194,5.428,-20.793,2.163,7.795,3.976,0.142,4.815,2.556,14.076
Latvia,LVA,1993,Gamma Cluster,2563820.0,21610169740.0,8428.895062835925,11.922,4.65,-16.006,1.995,7.269,2.594,0.016,4.204,2.228,11.873999999999999
Latvia,LVA,1994,Gamma Cluster,2521238.0,21908377653.0,8689.531751068324,10.37,4.113,-13.014,1.521,6.866,1.874,0.077,3.022,1.889,10.338000000000001
Latvia,LVA,1995,Gamma Cluster,2485948.0,21602325855.0,8689.773822702648,9.134,3.674,-11.921,1.111,5.597,2.297,0.094,2.64,1.662,9.099
Latvia,LVA,1996,Gamma Cluster,2457907.0,21944517346.0,8928.131677073217,9.212,3.748,0.851,1.04,6.055,1.977,0.106,2.583,1.686,9.177999999999999
Latvia,LVA,1997,Gamma Cluster,2433229.0,23733281647.0,9753.821628379408,8.68,3.567,-5.773,0.941,5.181,2.417,0.108,2.457,1.691,8.647
Latvia,LVA,1998,Gamma Cluster,2410217.0,25089221158.0,10409.527921344841,8.306,3.446,-4.308,0.703,5.09,2.37,0.105,2.355,1.73,8.268
Latvia,LVA,1999,Gamma Cluster,2390822.0,25549229736.0,10686.378883915238,7.718,3.228,-7.081,0.539,4.738,2.264,0.139,2.209,1.718,7.680000000000001
Latvia,LVA,2000,Gamma Cluster,2368320.0,26727290777.0,11285.337613582624,7.082,2.99,-8.244,0.57,3.879,2.504,0.088,2.001,1.695,7.0409999999999995
Latvia,LVA,2001,Gamma Cluster,2338299.0,28242589693.0,12078.262742703137,7.497,3.206,5.858,0.526,3.917,2.906,0.11,2.026,1.726,7.4590000000000005
Latvia,LVA,2002,Gamma Cluster,2311358.0,30014856985.0,12985.810499714886,7.52,3.254,0.319,0.436,3.935,2.979,0.117,2.066,1.725,7.4670000000000005
Latvia,LVA,2003,Gamma Cluster,2288983.0,32298352002.0,14110.350318023331,7.726,3.375,2.734,0.388,4.058,3.092,0.129,2.123,1.798,7.667
Latvia,LVA,2004,Gamma Cluster,2264179.0,34720425840.0,15334.664723946296,7.731,3.415,0.067,0.322,4.162,3.072,0.137,2.177,1.794,7.693
Latvia,LVA,2005,Gamma Cluster,2239787.0,38143684659.0,17030.050026631998,7.811,3.487,1.029,0.362,4.13,3.152,0.134,2.285,1.844,7.7780000000000005
Latvia,LVA,2006,Gamma Cluster,2219039.0,42361248688.0,19089.907247236304,8.31,3.745,6.393,0.381,4.471,3.262,0.169,2.404,1.863,8.283000000000001
Latvia,LVA,2007,Gamma Cluster,2200774.0,46228816935.0,21005.708416675225,8.637,3.925,3.936,0.454,4.831,3.147,0.171,2.507,1.926,8.603
Latvia,LVA,2008,Gamma Cluster,2177710.0,44217430207.0,20304.553961271242,8.198,3.765,-5.085,0.44,4.471,3.085,0.168,2.305,1.958,8.164
Latvia,LVA,2009,Gamma Cluster,2142044.0,37590730012.0,17548.99993277449,7.456,3.481,-9.049,0.362,4.071,2.827,0.178,2.329,1.961,7.438
Latvia,LVA,2010,Gamma Cluster,2097834.0,35881177042.0,17103.916249808135,8.555,4.078,14.73,0.455,4.251,3.393,0.431,2.253,1.979,8.53
Latvia,LVA,2011,Gamma Cluster,2059940.0,37869724459.0,18383.89684117013,7.808,3.791,-8.722,0.442,3.813,2.975,0.557,2.351,2.003,7.787000000000001
Latvia,LVA,2012,Gamma Cluster,2034639.0,40536567235.0,19923.223350677934,7.52,3.696,-3.697,0.4,3.73,2.792,0.575,2.438,2.068,7.497
Latvia,LVA,2013,Gamma Cluster,2013004.0,41350512828.0,20541.694317547306,7.369,3.661,-2.008,0.301,3.771,2.729,0.54,2.44,2.086,7.341
Latvia,LVA,2014,Gamma Cluster,1994153.0,42137028688.0,21130.288743140572,7.172,3.597,-2.667,0.242,3.89,2.448,0.559,2.439,2.127,7.139
Latvia,LVA,2015,Gamma Cluster,1977874.0,43774190659.0,22131.940992702264,7.262,3.672,1.258,0.19,4.067,2.506,0.47,2.424,2.201,7.233
Latvia,LVA,2016,Gamma Cluster,1959863.0,44810998817.0,22864.35267005908,7.211,3.679,-0.712,0.166,4.059,2.607,0.346,2.433,2.185,7.178000000000001
Latvia,LVA,2017,Gamma Cluster,1942599.0,46295495418.0,23831.730284016412,7.215,3.714,0.064,0.167,4.277,2.299,0.437,2.436,2.183,7.180000000000001
Latvia,LVA,2018,Gamma Cluster,1927586.0,48143398790.0,24976.00563087717,7.843,4.069,8.702,0.197,4.346,2.704,0.551,2.374,2.118,7.798
Latvia,LVA,2019,Gamma Cluster,1914267.0,49380620266.0,25796.09859335192,7.633,3.988,-2.674,0.166,4.303,2.548,0.561,2.35,2.213,7.578
Latvia,LVA,2020,Gamma Cluster,1901119.0,48292861660.0,25402.334972192693,6.999,3.682,-8.308,0.1,4.174,2.103,0.551,2.311,2.247,6.928000000000001
Latvia,LVA,2021,Gamma Cluster,1885593.0,50255494980.0,26652.355508320194,7.218,3.828,3.13,0.078,4.287,2.232,0.539,2.33,2.226,7.136
Latvia,LVA,2022,Gamma Cluster,1881059.0,51248480035.0,27244.483046517944,6.608,3.513,-8.456,0.058,4.331,1.593,0.54,2.302,2.212,6.522
Latvia,LVA,2023,Gamma Cluster,1882399.0,,,6.59,3.501,-0.274,0.06,4.386,1.537,0.531,2.298,2.18,6.513999999999999
Latvia,LVA,2024,Gamma Cluster,1871874.0,,,6.462,3.452,-1.942,0.048,4.176,1.631,0.531,2.285,2.185,6.386
Lebanon,LBN,1990,Gamma Cluster,3595175.0,9719894187.0,2703.5941746924696,7.868,2.189,1.909,,7.76,,0.108,1.415,0.498,7.867999999999999
Lebanon,LBN,1991,Gamma Cluster,3668916.0,13892223462.0,3786.465392502854,8.115,2.212,3.139,,8.024,,0.091,1.56,0.529,8.114999999999998
Lebanon,LBN,1992,Gamma Cluster,3747375.0,15011934734.0,4005.986786483872,9.727,2.596,19.861,,9.603,,0.124,1.655,0.565,9.727
Lebanon,LBN,1993,Gamma Cluster,3820652.0,16606038805.0,4346.38873286549,10.355,2.71,6.456,0.278,9.885,,0.191,1.726,0.624,10.354000000000001
Lebanon,LBN,1994,Gamma Cluster,3889802.0,18542962086.0,4767.070942428432,11.111,2.856,7.3,0.282,10.674,,0.155,1.78,0.6,11.110999999999999
Lebanon,LBN,1995,Gamma Cluster,3960741.0,20427565185.0,5157.510977112616,12.255,3.094,10.296,0.476,11.303,,0.475,1.818,0.72,12.254
Lebanon,LBN,1996,Gamma Cluster,4034782.0,22204446458.0,5503.258034263065,12.753,3.161,4.064,0.564,11.406,,0.782,1.889,0.746,12.752
Lebanon,LBN,1997,Gamma Cluster,4108409.0,22434678686.0,5460.673142815139,15.099,3.675,18.395,0.575,13.678,,0.846,1.903,0.789,15.099
Lebanon,LBN,1998,Gamma Cluster,4181287.0,24027795385.0,5746.507088606929,16.286,3.895,7.867,0.502,14.451,,1.334,1.926,0.828,16.287000000000003
Lebanon,LBN,1999,Gamma Cluster,4255278.0,24731825289.0,5812.035145294855,16.43,3.861,0.879,0.506,14.59,,1.334,1.942,0.827,16.43
Lebanon,LBN,2000,Gamma Cluster,4329345.0,25915975238.0,5986.1192023273725,15.466,3.572,-5.864,0.502,13.333,,1.631,1.971,0.758,15.466000000000001
Lebanon,LBN,2001,Gamma Cluster,4401923.0,27854825604.0,6327.87661301663,16.407,3.727,6.08,0.502,14.216,,1.688,2.041,0.798,16.406
Lebanon,LBN,2002,Gamma Cluster,4463505.0,29771684188.0,6670.02371185873,16.244,3.639,-0.993,0.502,14.066,,1.676,2.129,0.76,16.244
Lebanon,LBN,2003,Gamma Cluster,4525513.0,31778515559.0,7022.080272225491,18.529,4.094,14.069,0.502,15.723,,2.305,2.222,0.801,18.53
Lebanon,LBN,2004,Gamma Cluster,4599285.0,35314011356.0,7678.152442390502,17.208,3.742,-7.127,0.502,14.092,,2.615,2.312,0.82,17.209000000000003
Lebanon,LBN,2005,Gamma Cluster,4671105.0,37512383718.0,8030.730141583202,16.65,3.565,-3.244,0.502,13.399,,2.749,2.389,0.757,16.65
Lebanon,LBN,2006,Gamma Cluster,4751146.0,39442140692.0,8301.605695131238,14.792,3.113,-11.158,0.502,12.279,,2.012,2.432,0.725,14.793000000000001
Lebanon,LBN,2007,Gamma Cluster,4844119.0,44589675655.0,9204.909221883277,13.746,2.838,-7.073,0.502,10.981,,2.263,2.469,0.736,13.746
Lebanon,LBN,2008,Gamma Cluster,4925359.0,50361558474.0,10224.9518205678,17.418,3.536,26.711,0.502,14.594,0.0,2.322,2.519,0.757,17.418
Lebanon,LBN,2009,Gamma Cluster,4992295.0,57304677732.0,11478.624106147574,20.958,4.198,20.323,0.502,17.818,0.095,2.542,2.593,0.8,20.957
Lebanon,LBN,2010,Gamma Cluster,5041290.0,64006241939.0,12696.401504178493,19.997,3.967,-4.585,0.564,16.378,0.484,2.571,2.669,0.814,19.997000000000003
Lebanon,LBN,2011,Gamma Cluster,5096018.0,66782067583.0,13104.755042662722,20.264,3.976,1.338,0.627,17.06,0.0,2.578,2.846,0.921,20.264999999999997
Lebanon,LBN,2012,Gamma Cluster,5235742.0,68494363923.0,13082.07393011344,22.332,4.265,10.205,0.627,19.317,0.0,2.389,3.015,1.034,22.333
Lebanon,LBN,2013,Gamma Cluster,5743441.0,71116324024.0,12382.180651633751,22.164,3.859,-0.754,0.502,19.123,0.0,2.539,3.183,1.01,22.164
Lebanon,LBN,2014,Gamma Cluster,6346993.0,72883563855.0,11483.164366968736,23.992,3.78,8.249,0.627,20.753,0.0,2.613,3.351,1.057,23.993
Lebanon,LBN,2015,Gamma Cluster,6472470.0,73219558993.0,11312.460157096131,25.731,3.975,7.249,0.626,22.71,0.0,2.395,3.457,1.099,25.731
Lebanon,LBN,2016,Gamma Cluster,6323061.0,74358860056.0,11759.946654950822,26.438,4.181,2.746,0.627,23.519,,2.292,3.543,1.14,26.437999999999995
Lebanon,LBN,2017,Gamma Cluster,6160129.0,75030320802.0,12179.991815431138,27.821,4.516,5.231,0.626,24.952,,2.242,3.598,1.189,27.820000000000004
Lebanon,LBN,2018,Gamma Cluster,5984120.0,73615988520.0,12301.890423320388,25.812,4.313,-7.22,0.264,23.501,,2.047,3.62,1.135,25.812
Lebanon,LBN,2019,Gamma Cluster,5794601.0,68525451094.0,11825.741081051137,25.141,4.339,-2.6,0.11,23.636,,1.395,3.691,1.151,25.141
Lebanon,LBN,2020,Gamma Cluster,5702400.0,50772560784.0,8903.71787037037,23.694,4.155,-5.756,0.044,22.797,,0.853,3.759,1.072,23.694000000000003
Lebanon,LBN,2021,Gamma Cluster,5718129.0,50772615264.0,8879.235719236134,19.474,3.406,-17.809,0.158,18.529,,0.788,3.811,0.984,19.475
Lebanon,LBN,2022,Gamma Cluster,5744492.0,48741710654.0,8484.94708566049,15.361,2.674,-21.124,0.051,14.385,,0.925,3.867,0.971,15.361
Lebanon,LBN,2023,Gamma Cluster,5773494.0,,,15.559,2.695,1.29,0.086,14.548,,0.925,3.924,0.968,15.559000000000001
Lebanon,LBN,2024,Gamma Cluster,5805962.0,,,15.65,2.696,0.586,0.102,14.623,,0.925,3.983,0.889,15.65
Lesotho,LSO,1990,Gamma Cluster,1809698.0,3205046000.0,1771.0391457580215,1.473,0.814,,1.142,0.331,,0.0,1.458,0.653,1.4729999999999999
Lesotho,LSO,1991,Gamma Cluster,1842383.0,3210336421.0,1742.4913392058004,1.528,0.829,3.731,1.194,0.333,,0.0,1.477,0.645,1.527
Lesotho,LSO,1992,Gamma Cluster,1873281.0,3373567099.0,1800.8868391875005,1.587,0.847,3.837,1.246,0.341,,0.0,1.585,0.693,1.587
Lesotho,LSO,1993,Gamma Cluster,1901799.0,3409484198.0,1792.7678992364597,1.63,0.857,2.771,1.286,0.344,,0.0,1.56,0.686,1.63
Lesotho,LSO,1994,Gamma Cluster,1927708.0,3499928085.0,1815.5903720895487,1.674,0.869,2.697,1.326,0.348,,0.0,1.527,0.679,1.674
Lesotho,LSO,1995,Gamma Cluster,1951441.0,3490315705.0,1788.5837721970586,1.707,0.875,1.969,1.352,0.355,,0.0,1.496,0.653,1.707
Lesotho,LSO,1996,Gamma Cluster,1972424.0,3610273972.0,1830.3741852664539,1.737,0.881,1.717,1.378,0.358,,0.0,1.477,0.662,1.7359999999999998
Lesotho,LSO,1997,Gamma Cluster,1988140.0,3655545070.0,1838.6758829861076,1.77,0.89,1.899,1.404,0.366,,0.0,1.533,0.684,1.77
Lesotho,LSO,1998,Gamma Cluster,1998048.0,3647322672.0,1825.442968337097,1.803,0.902,1.863,1.433,0.37,,0.0,1.398,0.615,1.803
Lesotho,LSO,1999,Gamma Cluster,2003238.0,3670807302.0,1832.4369356012617,1.825,0.911,1.22,1.451,0.374,,0.0,1.796,0.8,1.8250000000000002
Lesotho,LSO,2000,Gamma Cluster,2003919.0,3769602063.0,1881.1149866835935,1.85,0.923,1.406,1.472,0.378,,0.0,1.751,0.783,1.85
Lesotho,LSO,2001,Gamma Cluster,2000859.0,3838921434.0,1918.6366625534333,1.872,0.936,1.188,1.491,0.381,,0.0,1.716,0.781,1.872
Lesotho,LSO,2002,Gamma Cluster,1994686.0,3773087839.0,1891.5698205131034,1.905,0.955,1.761,1.516,0.389,,0.0,1.605,0.706,1.905
Lesotho,LSO,2003,Gamma Cluster,1985060.0,3857951274.0,1943.4935336967144,1.931,0.973,1.346,1.543,0.388,,0.0,1.651,0.725,1.931
Lesotho,LSO,2004,Gamma Cluster,1971130.0,3857815847.0,1957.159521188354,1.979,1.004,2.467,1.572,0.407,,0.0,1.613,0.694,1.979
Lesotho,LSO,2005,Gamma Cluster,1953080.0,3870538474.0,1981.7613584696992,2.012,1.03,1.667,1.598,0.414,,0.0,1.732,0.758,2.012
Lesotho,LSO,2006,Gamma Cluster,1945066.0,3946096482.0,2028.7725362532685,2.034,1.045,1.093,1.624,0.41,,0.0,1.681,0.746,2.0340000000000003
Lesotho,LSO,2007,Gamma Cluster,1953273.0,4038812448.0,2067.715290182171,2.074,1.062,1.982,1.652,0.421,,0.0,1.715,0.772,2.073
Lesotho,LSO,2008,Gamma Cluster,1966547.0,4170596962.0,2120.7715666088834,2.121,1.079,2.297,1.682,0.44,,0.0,1.685,0.718,2.122
Lesotho,LSO,2009,Gamma Cluster,1980884.0,4214040389.0,2127.353438666777,2.217,1.119,4.491,1.711,0.506,,0.0,1.711,0.73,2.217
Lesotho,LSO,2010,Gamma Cluster,1996256.0,4442653593.0,2225.492919244826,2.275,1.14,2.645,1.751,0.524,,0.0,1.693,0.718,2.275
Lesotho,LSO,2011,Gamma Cluster,2014015.0,4516050000.0,2242.3119986693246,2.759,1.37,21.256,2.21,0.549,,0.0,1.712,0.728,2.759
Lesotho,LSO,2012,Gamma Cluster,2034363.0,4740080000.0,2330.0069849874385,2.792,1.372,1.195,2.198,0.594,,0.0,1.714,0.718,2.792
Lesotho,LSO,2013,Gamma Cluster,2056509.0,4954224000.0,2409.0456205151545,2.125,1.033,-23.885,1.532,0.594,,0.0,1.633,0.672,2.126
Lesotho,LSO,2014,Gamma Cluster,2080091.0,5134648000.0,2468.4727735469264,2.242,1.078,5.517,1.671,0.572,,0.0,1.617,0.657,2.243
Lesotho,LSO,2015,Gamma Cluster,2104614.0,5279080000.0,2508.3364455429833,2.045,0.971,-8.824,1.433,0.612,,0.0,1.585,0.648,2.045
Lesotho,LSO,2016,Gamma Cluster,2130424.0,5418793037.0,2543.527972366064,2.026,0.951,-0.896,1.378,0.649,,0.0,1.564,0.633,2.027
Lesotho,LSO,2017,Gamma Cluster,2157117.0,5197453242.0,2409.4442916170055,2.286,1.06,12.839,1.634,0.652,,0.0,1.65,0.684,2.286
Lesotho,LSO,2018,Gamma Cluster,2183611.0,5068079163.0,2320.962462178474,2.165,0.992,-5.288,1.48,0.685,,0.0,1.536,0.631,2.165
Lesotho,LSO,2019,Gamma Cluster,2209414.0,4996214053.0,2261.3299512902518,2.187,0.99,1.015,1.47,0.717,,0.0,1.463,0.576,2.187
Lesotho,LSO,2020,Gamma Cluster,2235727.0,4623560803.0,2068.034604851129,1.986,0.888,-9.213,1.352,0.634,,0.0,1.281,0.468,1.9860000000000002
Lesotho,LSO,2021,Gamma Cluster,2261549.0,4709220668.0,2082.2987554105616,3.096,1.369,55.904,2.4,0.696,,0.0,1.341,0.519,3.096
Lesotho,LSO,2022,Gamma Cluster,2286112.0,4761723180.0,2082.8914681345445,2.551,1.116,-17.594,1.638,0.914,,0.0,1.386,0.53,2.552
Lesotho,LSO,2023,Gamma Cluster,2311476.0,,,2.494,1.079,-2.262,1.571,0.923,,0.0,1.333,0.5,2.4939999999999998
Lesotho,LSO,2024,Gamma Cluster,2337428.0,,,2.572,1.1,3.133,1.641,0.931,,0.0,1.315,0.492,2.572
Liberia,LBR,1990,Gamma Cluster,2223667.0,3680820000.0,1655.2928113786822,0.456,0.205,-30.847,,0.436,,0.02,1.144,0.292,0.456
Liberia,LBR,1991,Gamma Cluster,1956523.0,2990946994.0,1528.7052562121683,0.375,0.191,-17.886,,0.374,,0.001,1.098,0.266,0.375
Liberia,LBR,1992,Gamma Cluster,2072466.0,1838477296.0,887.0964811967965,0.392,0.189,4.568,,0.388,,0.003,1.024,0.245,0.391
Liberia,LBR,1993,Gamma Cluster,2155135.0,1167733988.0,541.8379767392762,0.417,0.194,6.547,,0.414,,0.003,0.938,0.23,0.417
Liberia,LBR,1994,Gamma Cluster,2149929.0,865093553.0,402.3823823949535,0.415,0.193,-0.49,,0.414,,0.001,0.891,0.243,0.415
Liberia,LBR,1995,Gamma Cluster,2169167.0,783478662.0,361.1887245195967,0.416,0.192,0.196,,0.414,,0.002,0.907,0.247,0.416
Liberia,LBR,1996,Gamma Cluster,2232286.0,833012981.0,373.1658851061199,0.427,0.191,2.738,,0.421,,0.006,0.953,0.242,0.427
Liberia,LBR,1997,Gamma Cluster,2412995.0,1626036772.0,673.8666147256832,0.446,0.185,4.381,,0.443,,0.003,1.063,0.242,0.446
Liberia,LBR,1998,Gamma Cluster,2670128.0,1996595953.0,747.7528991119527,0.473,0.177,6.02,,0.469,,0.004,1.179,0.275,0.473
Liberia,LBR,1999,Gamma Cluster,2821689.0,2325522351.0,824.1596969049389,0.376,0.133,-20.486,,0.37,,0.006,1.358,0.272,0.376
Liberia,LBR,2000,Gamma Cluster,2928117.0,2767093377.0,945.0077906722989,0.402,0.137,6.991,,0.374,,0.029,1.487,0.29,0.403
Liberia,LBR,2001,Gamma Cluster,3015343.0,3200677181.0,1061.463714409936,0.414,0.137,2.813,,0.388,,0.025,1.482,0.287,0.41300000000000003
Liberia,LBR,2002,Gamma Cluster,3094793.0,3998735673.0,1292.0850192565383,0.432,0.14,4.416,,0.41,,0.022,1.534,0.295,0.432
Liberia,LBR,2003,Gamma Cluster,3119534.0,2541250362.0,814.6249927072441,0.461,0.148,6.627,,0.451,,0.01,1.578,0.32,0.461
Liberia,LBR,2004,Gamma Cluster,3156893.0,2286431759.0,724.2664730797021,0.543,0.172,17.833,,0.495,,0.048,1.632,0.325,0.543
Liberia,LBR,2005,Gamma Cluster,3301016.0,2369891568.0,717.9279252205987,0.651,0.197,19.853,,0.594,,0.057,1.708,0.332,0.651
Liberia,LBR,2006,Gamma Cluster,3490792.0,2547129019.0,729.6708079427248,0.669,0.192,2.843,,0.608,,0.061,1.913,0.379,0.669
Liberia,LBR,2007,Gamma Cluster,3669050.0,2664910191.0,726.3215794279173,0.629,0.171,-6.021,,0.568,,0.061,1.856,0.379,0.629
Liberia,LBR,2008,Gamma Cluster,3821006.0,2922602346.0,764.8777170200727,0.531,0.139,-15.584,,0.495,,0.036,1.933,0.397,0.531
Liberia,LBR,2009,Gamma Cluster,3943035.0,3108980113.0,788.4738819209061,0.522,0.132,-1.66,,0.495,,0.027,2.155,0.575,0.522
Liberia,LBR,2010,Gamma Cluster,4058897.0,3260614939.0,803.3253711537889,0.709,0.175,35.88,,0.682,,0.028,2.101,0.451,0.7100000000000001
Liberia,LBR,2011,Gamma Cluster,4221177.0,3266880000.0,773.926324340344,0.822,0.195,15.951,,0.791,,0.031,2.141,0.463,0.8220000000000001
Liberia,LBR,2012,Gamma Cluster,4373046.0,3532273000.0,807.7374443351384,0.915,0.209,11.261,,0.868,,0.047,2.19,0.474,0.915
Liberia,LBR,2013,Gamma Cluster,4470246.0,3819600000.0,854.4496208933468,0.874,0.196,-4.453,,0.799,,0.076,2.212,0.468,0.875
Liberia,LBR,2014,Gamma Cluster,4564299.0,3843632000.0,842.107846133656,0.734,0.161,-16.098,,0.619,,0.114,2.289,0.528,0.733
Liberia,LBR,2015,Gamma Cluster,4659436.0,3857900000.0,827.9757464208114,0.699,0.15,-4.749,,0.583,,0.115,2.354,0.623,0.698
Liberia,LBR,2016,Gamma Cluster,4755607.0,3859976097.0,811.6684362269632,0.647,0.136,-7.448,,0.553,,0.093,2.316,0.499,0.646
Liberia,LBR,2017,Gamma Cluster,4848927.0,3977674130.0,820.3204812116165,0.667,0.138,3.203,,0.557,,0.11,2.311,0.494,0.667
Liberia,LBR,2018,Gamma Cluster,4944728.0,4051631897.0,819.3841798780438,0.609,0.123,-8.801,,0.48,,0.129,2.332,0.488,0.609
Liberia,LBR,2019,Gamma Cluster,5043719.0,3959325948.0,785.0012952743799,0.932,0.185,53.075,,0.799,,0.133,2.462,0.549,0.932
Liberia,LBR,2020,Gamma Cluster,5149470.0,3845664451.0,746.8078173093542,0.777,0.151,-16.628,,0.616,,0.161,2.485,0.513,0.777
Liberia,LBR,2021,Gamma Cluster,5259327.0,4037436536.0,767.6717070454072,0.783,0.149,0.748,,0.575,,0.207,2.471,0.508,0.7819999999999999
Liberia,LBR,2022,Gamma Cluster,5373297.0,4231561135.0,787.5167025012762,0.864,0.161,10.377,,0.68,,0.184,2.553,0.527,0.8640000000000001
Liberia,LBR,2023,Gamma Cluster,5493035.0,,,0.834,0.152,-3.446,,0.65,,0.184,2.561,0.532,0.8340000000000001
Liberia,LBR,2024,Gamma Cluster,5612813.0,,,0.859,0.153,3.042,,0.676,,0.184,2.586,0.52,0.8600000000000001
Libya,LBY,1990,Gamma Cluster,4445243.0,20372079786.0,4582.894520277069,36.514,8.214,-1.497,0.015,18.904,9.273,1.108,52.99,1.295,29.3
Libya,LBY,1991,Gamma Cluster,4544404.0,25389275568.0,5586.931876655332,42.62,9.379,16.723,0.015,25.283,9.273,0.971,50.456,1.287,35.541999999999994
Libya,LBY,1992,Gamma Cluster,4640360.0,26617785979.0,5736.146759949659,37.024,7.979,-13.129,0.015,22.929,9.215,0.941,43.851,1.219,33.1
Libya,LBY,1993,Gamma Cluster,4733053.0,27601955980.0,5831.744537827909,38.708,8.178,4.548,0.011,25.533,8.897,0.94,37.808,1.268,35.381
Libya,LBY,1994,Gamma Cluster,4822039.0,30319557468.0,6287.704738182333,51.36,10.651,32.684,0.015,29.605,9.178,1.551,47.813,1.273,40.349000000000004
Libya,LBY,1995,Gamma Cluster,4906851.0,31943529585.0,6509.985647617994,54.596,11.126,6.3,0.015,31.878,9.064,1.308,52.073,1.365,42.265
Libya,LBY,1996,Gamma Cluster,4987402.0,35211772243.0,7060.143185369858,53.952,10.818,-1.179,0.015,29.818,9.757,1.444,54.015,1.339,41.034000000000006
Libya,LBY,1997,Gamma Cluster,5064642.0,39983284709.0,7894.592492223537,51.779,10.224,-4.028,0.015,30.72,10.189,1.025,45.2,1.301,41.949
Libya,LBY,1998,Gamma Cluster,5140711.0,41617599793.0,8095.6894470434145,51.653,10.048,-0.244,0.0,31.739,10.189,1.217,41.587,1.381,43.144999999999996
Libya,LBY,1999,Gamma Cluster,5218039.0,45257158417.0,8673.211989599924,50.26,9.632,-2.696,0.0,33.35,7.925,1.215,38.325,1.475,42.49
Libya,LBY,2000,Gamma Cluster,5305020.0,49983450587.0,9421.915579394612,53.239,10.036,5.926,0.0,34.152,9.497,1.213,40.886,1.351,44.862
Libya,LBY,2001,Gamma Cluster,5403639.0,54225701449.0,10035.034066672477,53.114,9.829,-0.235,0.0,34.563,10.076,1.208,37.462,1.329,45.847
Libya,LBY,2002,Gamma Cluster,5508412.0,57785797189.0,10490.46389213443,52.525,9.535,-1.108,0.0,33.833,10.431,1.324,36.401,1.422,45.587999999999994
Libya,LBY,2003,Gamma Cluster,5619405.0,70475273789.0,12541.412087044802,55.481,9.873,5.627,0.0,34.939,10.564,1.398,42.037,1.451,46.901
Libya,LBY,2004,Gamma Cluster,5736696.0,79415538130.0,13843.428016753895,56.854,9.911,2.475,0.0,34.605,12.865,1.432,40.952,1.539,48.902
Libya,LBY,2005,Gamma Cluster,5858793.0,94523140632.0,16133.551847965955,55.986,9.556,-1.527,0.0,34.984,10.915,1.435,43.68,1.611,47.334
Libya,LBY,2006,Gamma Cluster,5980212.0,108872914713.0,18205.52761557617,51.45,8.603,-8.101,0.004,32.192,8.955,2.081,42.09,1.68,43.232
Libya,LBY,2007,Gamma Cluster,6104381.0,123716329182.0,20266.80988326253,44.392,7.272,-13.718,0.0,25.219,9.944,2.016,39.24,1.7,37.179
Libya,LBY,2008,Gamma Cluster,6235433.0,153726726038.0,24653.73712427028,49.699,7.97,11.956,0.0,29.81,10.281,2.119,40.058,1.726,42.21
Libya,LBY,2009,Gamma Cluster,6366689.0,165559661154.0,26004.04404141619,51.627,8.109,3.878,,31.34,11.235,2.503,36.484,1.823,45.078
Libya,LBY,2010,Gamma Cluster,6497837.0,187528533215.0,28860.14734056887,59.148,9.103,14.568,,36.117,13.197,2.699,38.801,1.936,52.01299999999999
Libya,LBY,2011,Gamma Cluster,6343210.0,79210078190.0,12487.380709451523,53.542,8.441,-9.477,,34.563,8.486,1.339,15.046,1.776,44.388000000000005
Libya,LBY,2012,Gamma Cluster,6179327.0,147985814988.0,23948.532742805164,61.606,9.97,15.062,,31.719,17.946,0.765,33.124,1.915,50.43000000000001
Libya,LBY,2013,Gamma Cluster,6304636.0,121351322417.0,19247.950621891574,51.344,8.144,-16.658,,21.669,21.105,0.778,24.399,1.962,43.552
Libya,LBY,2014,Gamma Cluster,6427260.0,93388346336.0,14530.040224916995,68.348,10.634,33.119,,41.339,18.843,2.712,14.898,1.9,62.894000000000005
Libya,LBY,2015,Gamma Cluster,6531825.0,92601079752.0,14176.907640973235,60.866,9.318,-10.947,,31.992,22.026,1.937,13.384,1.772,55.955
Libya,LBY,2016,Gamma Cluster,6632130.0,91220396354.0,13754.313675093823,57.379,8.652,-5.729,,25.514,25.895,1.589,12.939,1.814,52.998
Libya,LBY,2017,Gamma Cluster,6738771.0,120859728232.0,17934.980760141574,67.092,9.956,16.928,,26.173,31.827,1.744,22.065,1.891,59.744
Libya,LBY,2018,Gamma Cluster,6849058.0,130457185445.0,19047.463964387513,62.645,9.146,-6.629,,25.912,26.187,1.744,26.327,1.88,53.843
Libya,LBY,2019,Gamma Cluster,6951040.0,115851209708.0,16666.744790419853,73.778,10.614,17.773,,44.266,18.484,1.395,28.804,1.907,64.145
Libya,LBY,2020,Gamma Cluster,7045403.0,81726075633.0,11599.914956319744,36.111,5.125,-51.055,,21.958,8.339,1.162,13.217,1.786,31.458999999999996
Libya,LBY,2021,Gamma Cluster,7135179.0,104883157614.0,14699.443085310124,56.312,7.892,55.944,,30.624,13.249,1.162,28.265,1.821,45.035
Libya,LBY,2022,Gamma Cluster,7223804.0,91444480945.0,12658.771049851297,58.974,8.164,4.726,,32.555,15.066,1.162,25.77,1.876,48.783
Libya,LBY,2023,Gamma Cluster,7305659.0,,,64.219,8.79,8.894,,35.114,15.156,1.162,28.13,1.899,51.431999999999995
Libya,LBY,2024,Gamma Cluster,7381029.0,,,65.26,8.842,1.621,,36.869,15.432,1.162,28.198,1.88,53.463
Liechtenstein,LIE,1990,Gamma Cluster,28912.0,,,0.199,6.882,6.331,0.0,0.173,0.026,0.0,0.027,0.008,0.19899999999999998
Liechtenstein,LIE,1991,Gamma Cluster,29303.0,,,0.206,7.041,3.698,0.0,0.175,0.031,0.0,0.027,0.008,0.206
Liechtenstein,LIE,1992,Gamma Cluster,29750.0,,,0.207,6.956,0.301,0.0,0.172,0.035,0.0,0.026,0.008,0.207
Liechtenstein,LIE,1993,Gamma Cluster,30199.0,,,0.215,7.121,3.906,0.0,0.177,0.038,0.0,0.024,0.008,0.215
Liechtenstein,LIE,1994,Gamma Cluster,30623.0,,,0.201,6.567,-6.475,0.0,0.163,0.038,0.0,0.024,0.008,0.201
Liechtenstein,LIE,1995,Gamma Cluster,31055.0,,,0.204,6.575,1.537,0.0,0.162,0.042,0.0,0.024,0.008,0.20400000000000001
Liechtenstein,LIE,1996,Gamma Cluster,31497.0,,,0.206,6.539,0.861,0.0,0.158,0.048,0.0,0.024,0.008,0.20600000000000002
Liechtenstein,LIE,1997,Gamma Cluster,31925.0,,,0.218,6.84,6.027,0.0,0.172,0.046,0.0,0.023,0.008,0.21799999999999997
Liechtenstein,LIE,1998,Gamma Cluster,32341.0,,,0.229,7.088,4.974,0.0,0.178,0.051,0.0,0.023,0.008,0.22899999999999998
Liechtenstein,LIE,1999,Gamma Cluster,32751.0,,,0.227,6.918,-1.166,0.0,0.172,0.055,0.0,0.022,0.008,0.22699999999999998
Liechtenstein,LIE,2000,Gamma Cluster,33137.0,,,0.217,6.544,-4.284,0.0,0.163,0.054,0.0,0.021,0.008,0.217
Liechtenstein,LIE,2001,Gamma Cluster,33470.0,,,0.215,6.414,-1.009,0.0,0.155,0.06,0.0,0.021,0.007,0.215
Liechtenstein,LIE,2002,Gamma Cluster,33770.0,,,0.22,6.515,2.491,0.0,0.159,0.061,0.0,0.021,0.008,0.22
Liechtenstein,LIE,2003,Gamma Cluster,34089.0,,,0.229,6.728,4.242,0.0,0.164,0.065,0.0,0.022,0.007,0.229
Liechtenstein,LIE,2004,Gamma Cluster,34409.0,,,0.229,6.666,0.015,0.0,0.16,0.069,0.0,0.022,0.007,0.229
Liechtenstein,LIE,2005,Gamma Cluster,34713.0,,,0.229,6.596,-0.184,0.0,0.157,0.072,0.0,0.023,0.008,0.22899999999999998
Liechtenstein,LIE,2006,Gamma Cluster,35002.0,,,0.231,6.602,0.929,0.0,0.158,0.073,0.0,0.023,0.008,0.23099999999999998
Liechtenstein,LIE,2007,Gamma Cluster,35251.0,,,0.201,5.694,-13.136,0.0,0.13,0.071,0.0,0.024,0.008,0.201
Liechtenstein,LIE,2008,Gamma Cluster,35467.0,,,0.219,6.188,9.334,0.0,0.147,0.073,0.0,0.024,0.008,0.21999999999999997
Liechtenstein,LIE,2009,Gamma Cluster,35740.0,,,0.205,5.745,-6.439,0.0,0.148,0.058,0.0,0.023,0.008,0.206
Liechtenstein,LIE,2010,Gamma Cluster,36021.0,,,0.191,5.296,-7.088,0.0,0.13,0.061,0.0,0.022,0.007,0.191
Liechtenstein,LIE,2011,Gamma Cluster,36295.0,,,0.177,4.869,-7.368,0.0,0.123,0.054,0.0,0.022,0.007,0.177
Liechtenstein,LIE,2012,Gamma Cluster,36621.0,,,0.185,5.059,4.83,0.0,0.131,0.054,0.0,0.022,0.008,0.185
Liechtenstein,LIE,2013,Gamma Cluster,36930.0,,,0.192,5.212,3.903,0.0,0.135,0.058,0.0,0.022,0.007,0.193
Liechtenstein,LIE,2014,Gamma Cluster,37191.0,,,0.161,4.334,-16.264,0.0,0.113,0.048,0.0,0.022,0.007,0.161
Liechtenstein,LIE,2015,Gamma Cluster,37424.0,,,0.16,4.266,-0.942,0.0,0.108,0.051,0.0,0.022,0.007,0.159
Liechtenstein,LIE,2016,Gamma Cluster,37635.0,,,0.15,3.976,-6.272,0.0,0.099,0.051,0.0,0.023,0.007,0.15
Liechtenstein,LIE,2017,Gamma Cluster,37872.0,,,0.155,4.105,3.891,0.0,0.102,0.053,0.0,0.022,0.007,0.155
Liechtenstein,LIE,2018,Gamma Cluster,38157.0,,,0.143,3.736,-8.299,0.0,0.093,0.05,0.0,0.023,0.007,0.14300000000000002
Liechtenstein,LIE,2019,Gamma Cluster,38463.0,,,0.149,3.865,4.266,0.0,0.098,0.05,0.0,0.024,0.007,0.14800000000000002
Liechtenstein,LIE,2020,Gamma Cluster,38793.0,,,0.142,3.65,-4.743,0.0,0.093,0.048,0.0,0.024,0.007,0.14100000000000001
Liechtenstein,LIE,2021,Gamma Cluster,39062.0,,,0.146,3.727,2.818,0.0,0.092,0.054,0.0,0.024,0.007,0.146
Liechtenstein,LIE,2022,Gamma Cluster,39338.0,,,0.128,3.262,-11.854,0.0,0.083,0.045,0.0,0.024,0.007,0.128
Liechtenstein,LIE,2023,Gamma Cluster,39622.0,,,0.131,3.312,2.248,0.0,0.089,0.042,0.0,0.024,0.007,0.131
Liechtenstein,LIE,2024,Gamma Cluster,39895.0,,,0.132,3.299,0.307,0.0,0.091,0.041,0.0,0.025,0.007,0.132
Lithuania,LTU,1990,Gamma Cluster,3695016.0,51021989460.0,13808.327070843536,35.738,9.672,-2.931,3.187,19.787,10.587,1.668,7.323,5.505,35.229
Lithuania,LTU,1991,Gamma Cluster,3701408.0,47786759590.0,12910.42748867458,37.82,10.218,5.828,3.555,21.282,10.922,1.55,7.238,5.358,37.309
Lithuania,LTU,1992,Gamma Cluster,3697552.0,37159351315.0,10049.71703305322,21.168,5.725,-44.029,1.662,12.083,6.292,0.755,7.439,5.054,20.791999999999998
Lithuania,LTU,1993,Gamma Cluster,3680201.0,30736278642.0,8351.79345965071,16.32,4.434,-22.905,1.465,10.889,3.415,0.364,6.23,4.489,16.133
Lithuania,LTU,1994,Gamma Cluster,3654893.0,27661451474.0,7568.334141108919,15.767,4.314,-3.387,1.22,10.039,3.98,0.382,5.52,4.128,15.621
Lithuania,LTU,1995,Gamma Cluster,3627038.0,29216540607.0,8055.206647131902,15.057,4.151,-4.501,0.979,9.026,4.566,0.308,5.077,4.019,14.878999999999998
Lithuania,LTU,1996,Gamma Cluster,3599721.0,30721763295.0,8534.484560053404,15.74,4.373,4.533,0.895,9.413,4.928,0.318,4.914,4.42,15.554
Lithuania,LTU,1997,Gamma Cluster,3573418.0,33267370320.0,9309.677826663436,15.163,4.243,-3.667,0.738,9.313,4.549,0.366,4.887,4.496,14.966000000000001
Lithuania,LTU,1998,Gamma Cluster,3547768.0,35744382405.0,10075.174702799055,15.997,4.509,5.502,0.647,10.706,4.002,0.412,4.789,4.683,15.767000000000001
Lithuania,LTU,1999,Gamma Cluster,3522905.0,35335381903.0,10030.18301742454,13.45,3.818,-15.925,0.548,8.355,4.033,0.346,4.563,4.652,13.282
Lithuania,LTU,2000,Gamma Cluster,3500410.0,36684799266.0,10480.143544899027,11.843,3.383,-11.945,0.378,6.458,4.532,0.293,4.404,4.806,11.661
Lithuania,LTU,2001,Gamma Cluster,3473008.0,39077069410.0,11251.649696747027,12.594,3.626,6.339,0.342,7.119,4.644,0.283,4.214,4.839,12.388
Lithuania,LTU,2002,Gamma Cluster,3444051.0,41716677051.0,12112.676917676306,12.666,3.678,0.574,0.548,6.9,4.741,0.29,4.469,5.049,12.479
Lithuania,LTU,2003,Gamma Cluster,3415276.0,46106059871.0,13499.951357079193,12.659,3.707,-0.052,0.714,6.348,5.129,0.292,4.4,5.115,12.482999999999999
Lithuania,LTU,2004,Gamma Cluster,3376703.0,49123583277.0,14547.7950761438,13.254,3.925,4.698,0.688,6.834,5.18,0.351,4.436,5.283,13.052999999999997
Lithuania,LTU,2005,Gamma Cluster,3322264.0,52913078254.0,15926.813237599421,13.863,4.173,4.59,0.763,7.197,5.336,0.383,4.405,5.502,13.678999999999998
Lithuania,LTU,2006,Gamma Cluster,3269809.0,56827410871.0,17379.428239080633,14.195,4.341,2.4,1.03,7.134,5.318,0.515,4.408,5.469,13.997
Lithuania,LTU,2007,Gamma Cluster,3231378.0,63122228308.0,19534.151779209984,15.474,4.789,9.005,1.025,7.513,6.248,0.524,4.551,6.079,15.310000000000002
Lithuania,LTU,2008,Gamma Cluster,3198482.0,64776249050.0,20252.184958364625,14.919,4.664,-3.585,0.867,7.789,5.59,0.454,4.561,5.845,14.7
Lithuania,LTU,2009,Gamma Cluster,3163255.0,55174536683.0,17442.329715119395,12.829,4.056,-14.007,0.689,6.859,4.74,0.284,4.411,5.481,12.572000000000001
Lithuania,LTU,2010,Gamma Cluster,3097721.0,56073777524.0,18101.622942802143,13.802,4.455,7.582,0.843,6.813,5.553,0.289,4.404,5.529,13.498
Lithuania,LTU,2011,Gamma Cluster,3028642.0,59460372771.0,19632.68447409763,13.96,4.609,1.143,0.973,6.488,5.86,0.32,4.386,6.085,13.641000000000002
Lithuania,LTU,2012,Gamma Cluster,2988334.0,61745948022.0,20662.33159412569,14.054,4.703,0.677,0.95,6.727,5.673,0.395,4.35,6.213,13.745000000000001
Lithuania,LTU,2013,Gamma Cluster,2958359.0,63937849304.0,21612.606618736943,13.148,4.444,-6.446,1.092,6.518,4.74,0.461,4.211,5.88,12.811
Lithuania,LTU,2014,Gamma Cluster,2933171.0,66199372603.0,22569.216933823496,12.846,4.379,-2.3,0.923,6.767,4.414,0.401,4.124,6.119,12.504999999999999
Lithuania,LTU,2015,Gamma Cluster,2905771.0,67539660018.0,23243.283802474456,13.045,4.489,1.552,0.736,7.081,4.42,0.518,4.123,6.298,12.755
Lithuania,LTU,2016,Gamma Cluster,2869109.0,69240911932.0,24133.24552395883,13.102,4.566,0.432,0.749,7.621,3.955,0.452,3.672,6.1,12.777000000000001
Lithuania,LTU,2017,Gamma Cluster,2829317.0,72206131673.0,25520.693394554233,13.277,4.693,1.342,0.801,7.718,4.029,0.45,3.541,6.179,12.998
Lithuania,LTU,2018,Gamma Cluster,2802485.0,75089601435.0,26793.935180741377,13.414,4.787,1.032,0.859,8.02,3.73,0.511,3.418,6.057,13.12
Lithuania,LTU,2019,Gamma Cluster,2795057.0,78562641002.0,28107.70621207367,13.647,4.883,1.736,0.801,8.119,3.877,0.578,3.318,6.19,13.375
Lithuania,LTU,2020,Gamma Cluster,2795766.0,78545278418.0,28094.367846951427,13.5,4.829,-1.083,0.622,7.942,4.134,0.557,3.101,6.083,13.255
Lithuania,LTU,2021,Gamma Cluster,2794490.0,83242845981.0,29788.206785853592,13.778,4.93,2.063,0.739,8.145,3.961,0.633,2.997,6.038,13.478000000000002
Lithuania,LTU,2022,Gamma Cluster,2816923.0,84814257826.0,30108.83074404235,12.895,4.578,-6.409,0.734,8.375,2.794,0.682,2.85,5.295,12.585
Lithuania,LTU,2023,Gamma Cluster,2854104.0,,,12.507,4.382,-3.006,0.465,8.54,2.746,0.498,2.789,5.278,12.248999999999999
Lithuania,LTU,2024,Gamma Cluster,2859112.0,,,12.542,4.387,0.273,0.379,8.364,3.042,0.498,2.618,4.993,12.283
Luxembourg,LUX,1990,Gamma Cluster,381707.0,14057150121.0,36827.06924683068,11.809,30.938,19.891,6.302,3.872,1.036,0.539,0.687,0.323,11.748999999999999
Luxembourg,LUX,1991,Gamma Cluster,386819.0,15215996110.0,39336.21696452346,12.42,32.109,5.176,6.015,4.761,1.074,0.515,0.699,0.335,12.365
Luxembourg,LUX,1992,Gamma Cluster,391972.0,15437632140.0,39384.527823415956,12.189,31.098,-1.86,5.54,4.944,1.122,0.52,0.696,0.335,12.126
Luxembourg,LUX,1993,Gamma Cluster,397210.0,16036038097.0,40371.68776465849,12.338,31.062,1.221,5.736,4.945,1.161,0.432,0.731,0.334,12.274000000000001
Luxembourg,LUX,1994,Gamma Cluster,402597.0,16598368279.0,41228.246308343085,11.524,28.624,-6.6,4.844,4.952,1.174,0.487,0.718,0.333,11.456999999999999
Luxembourg,LUX,1995,Gamma Cluster,408237.0,16769949507.0,41078.95537886081,9.134,22.375,-20.735,2.705,4.586,1.343,0.434,0.711,0.325,9.068
Luxembourg,LUX,1996,Gamma Cluster,413779.0,16910298497.0,40867.947616964615,9.186,22.2,0.561,2.46,4.77,1.461,0.428,0.695,0.331,9.119
Luxembourg,LUX,1997,Gamma Cluster,418970.0,17813499245.0,42517.362209704756,8.548,20.402,-6.942,1.541,5.007,1.491,0.442,0.682,0.331,8.481
Luxembourg,LUX,1998,Gamma Cluster,424158.0,18821504348.0,44373.80492175086,7.657,18.052,-10.425,0.42,5.239,1.495,0.444,0.667,0.332,7.598
Luxembourg,LUX,1999,Gamma Cluster,429909.0,20355341580.0,47348.02383760284,8.119,18.886,6.04,0.444,5.597,1.546,0.465,0.684,0.344,8.052000000000001
Luxembourg,LUX,2000,Gamma Cluster,436142.0,21937467256.0,50298.91011642997,8.702,19.953,7.18,0.471,6.063,1.609,0.492,0.661,0.343,8.635000000000002
Luxembourg,LUX,2001,Gamma Cluster,441754.0,22387796714.0,50679.32993023266,9.205,20.838,5.781,0.471,6.458,1.781,0.429,0.647,0.342,9.139000000000001
Luxembourg,LUX,2002,Gamma Cluster,446392.0,23160273686.0,51883.263333572286,9.978,22.354,8.399,0.371,6.556,2.54,0.443,0.631,0.336,9.909999999999998
Luxembourg,LUX,2003,Gamma Cluster,451845.0,23454191347.0,51907.604038995676,10.451,23.129,4.735,0.346,7.073,2.576,0.389,0.612,0.339,10.384
Luxembourg,LUX,2004,Gamma Cluster,458305.0,24195538088.0,52793.52851921755,11.816,25.782,13.062,0.385,8.074,2.859,0.427,0.599,0.371,11.745
Luxembourg,LUX,2005,Gamma Cluster,465369.0,24872864640.0,53447.618212644156,12.076,25.949,2.2,0.377,8.381,2.829,0.42,0.592,0.36,12.007000000000001
Luxembourg,LUX,2006,Gamma Cluster,472869.0,26045643731.0,55080.04062647372,11.906,25.177,-1.41,0.47,7.995,2.958,0.415,0.592,0.351,11.838
Luxembourg,LUX,2007,Gamma Cluster,480277.0,28135947926.0,58582.75104991494,11.302,23.533,-5.068,0.408,7.684,2.731,0.41,0.606,0.345,11.233
Luxembourg,LUX,2008,Gamma Cluster,488995.0,27660465282.0,56565.947058763384,11.167,22.836,-1.198,0.356,7.766,2.594,0.382,0.605,0.35,11.097999999999999
Luxembourg,LUX,2009,Gamma Cluster,498196.0,26344603078.0,52879.997185846536,10.62,21.316,-4.898,0.339,7.197,2.659,0.358,0.606,0.339,10.553
Luxembourg,LUX,2010,Gamma Cluster,507418.0,27526699944.0,54248.56813120544,11.191,22.054,5.374,0.326,7.582,2.842,0.371,0.636,0.346,11.121
Luxembourg,LUX,2011,Gamma Cluster,518583.0,28143126706.0,54269.28130308938,11.09,21.384,-0.903,0.315,7.852,2.464,0.389,0.603,0.348,11.02
Luxembourg,LUX,2012,Gamma Cluster,530951.0,28607408843.0,53879.56486191758,10.858,20.45,-2.088,0.286,7.624,2.5,0.381,0.583,0.337,10.791
Luxembourg,LUX,2013,Gamma Cluster,543358.0,29514812514.0,54319.27479488661,10.323,18.999,-4.923,0.276,7.507,2.115,0.372,0.592,0.337,10.27
Luxembourg,LUX,2014,Gamma Cluster,556285.0,30289014849.0,54448.73553843803,9.807,17.629,-5.004,0.277,7.091,2.006,0.36,0.596,0.331,9.734
Luxembourg,LUX,2015,Gamma Cluster,569540.0,30976491415.0,54388.61434666573,9.334,16.389,-4.822,0.288,6.812,1.83,0.329,0.575,0.326,9.259
Luxembourg,LUX,2016,Gamma Cluster,583511.0,32518554202.0,55729.11942019945,9.077,15.556,-2.751,0.294,6.675,1.682,0.351,0.598,0.328,9.001999999999999
Luxembourg,LUX,2017,Gamma Cluster,596506.0,32946911821.0,55233.16080810587,9.251,15.509,1.915,0.283,6.866,1.657,0.371,0.603,0.328,9.177000000000001
Luxembourg,LUX,2018,Gamma Cluster,608109.0,33348602359.0,54839.84344747406,9.556,15.715,3.299,0.267,7.236,1.609,0.369,0.596,0.319,9.481
Luxembourg,LUX,2019,Gamma Cluster,620167.0,34122291521.0,55021.13385749322,9.75,15.722,2.028,0.274,7.397,1.608,0.395,0.596,0.324,9.674
Luxembourg,LUX,2020,Gamma Cluster,630597.0,33850190319.0,53679.59301899628,8.069,12.796,-17.24,0.236,5.902,1.469,0.399,0.566,0.301,8.006
Luxembourg,LUX,2021,Gamma Cluster,640276.0,35577396523.0,55565.7193507175,8.41,13.134,4.219,0.242,6.186,1.589,0.351,0.56,0.306,8.367999999999999
Luxembourg,LUX,2022,Gamma Cluster,653315.0,36128358732.0,55300.06005066469,7.274,11.135,-13.498,0.239,5.406,1.249,0.369,0.555,0.266,7.263
Luxembourg,LUX,2023,Gamma Cluster,665101.0,,,6.841,10.285,-5.961,0.175,5.244,1.169,0.241,0.551,0.262,6.828999999999999
Luxembourg,LUX,2024,Gamma Cluster,673042.0,,,7.04,10.46,2.91,0.151,5.406,1.229,0.241,0.535,0.244,7.026999999999999
Macao,MAC,1990,Gamma Cluster,351123.0,,,0.901,2.567,-12.456,,0.901,,0.0,0.035,0.024,0.901
Macao,MAC,1991,Gamma Cluster,362275.0,,,0.967,2.67,7.317,,0.967,,0.0,0.037,0.029,0.967
Macao,MAC,1992,Gamma Cluster,372256.0,,,0.978,2.628,1.136,,0.978,,0.0,0.038,0.033,0.978
Macao,MAC,1993,Gamma Cluster,381331.0,,,1.103,2.892,12.734,,1.103,,0.0,0.038,0.035,1.103
Macao,MAC,1994,Gamma Cluster,390126.0,,,1.18,3.024,6.977,,1.18,,0.0,0.039,0.038,1.18
Macao,MAC,1995,Gamma Cluster,398703.0,,,1.125,2.821,-4.658,,1.125,,0.0,0.038,0.032,1.125
Macao,MAC,1996,Gamma Cluster,407033.0,,,1.301,3.196,15.635,,1.301,,0.0,0.036,0.035,1.301
Macao,MAC,1997,Gamma Cluster,415074.0,,,1.367,3.293,5.07,,1.367,,0.0,0.037,0.038,1.367
Macao,MAC,1998,Gamma Cluster,422816.0,,,1.444,3.414,5.63,,1.444,,0.0,0.036,0.041,1.444
Macao,MAC,1999,Gamma Cluster,430253.0,,,1.425,3.313,-1.269,,1.425,,0.0,0.035,0.044,1.425
Macao,MAC,2000,Gamma Cluster,437316.0,,,1.528,3.494,7.198,,1.528,,0.0,0.033,0.031,1.528
Macao,MAC,2001,Gamma Cluster,445121.0,,,1.561,3.507,2.158,,1.561,,0.0,0.034,0.038,1.561
Macao,MAC,2002,Gamma Cluster,456026.0,,,1.389,3.045,-11.033,,1.389,,0.0,0.035,0.041,1.389
Macao,MAC,2003,Gamma Cluster,469062.0,,,1.422,3.031,2.375,,1.422,,0.0,0.037,0.042,1.422
Macao,MAC,2004,Gamma Cluster,482209.0,,,1.583,3.282,11.34,,1.583,,0.0,0.039,0.046,1.583
Macao,MAC,2005,Gamma Cluster,495416.0,,,1.682,3.395,6.25,,1.682,,0.0,0.039,0.046,1.682
Macao,MAC,2006,Gamma Cluster,508752.0,,,1.455,2.859,-13.508,,1.455,,0.0,0.039,0.048,1.455
Macao,MAC,2007,Gamma Cluster,522281.0,,,1.363,2.61,-6.297,,1.363,,0.0,0.04,0.049,1.363
Macao,MAC,2008,Gamma Cluster,535935.0,,,1.129,2.106,-17.204,,0.971,0.158,0.0,0.04,0.045,1.129
Macao,MAC,2009,Gamma Cluster,549492.0,,,1.894,3.447,67.857,0.007,1.707,0.18,0.0,0.041,0.047,1.894
Macao,MAC,2010,Gamma Cluster,562809.0,,,1.235,2.194,-34.816,0.004,0.934,0.297,0.0,0.042,0.042,1.235
Macao,MAC,2011,Gamma Cluster,575644.0,,,1.293,2.247,4.748,0.0,1.15,0.143,0.0,0.043,0.042,1.293
Macao,MAC,2012,Gamma Cluster,587450.0,,,1.132,1.927,-12.465,0.0,1.132,0.0,0.0,0.044,0.045,1.132
Macao,MAC,2013,Gamma Cluster,598752.0,,,0.989,1.652,-12.621,0.0,0.989,0.0,0.0,0.045,0.041,0.989
Macao,MAC,2014,Gamma Cluster,610308.0,,,1.293,2.119,30.741,0.0,1.18,0.114,0.0,0.046,0.043,1.294
Macao,MAC,2015,Gamma Cluster,622185.0,,,1.773,2.85,37.11,0.0,1.77,0.004,0.0,0.048,0.055,1.774
Macao,MAC,2016,Gamma Cluster,634317.0,,,1.781,2.807,0.413,0.0,1.762,0.018,0.0,0.047,0.057,1.78
Macao,MAC,2017,Gamma Cluster,646558.0,,,1.927,2.981,8.23,,1.59,0.337,0.0,0.049,0.057,1.927
Macao,MAC,2018,Gamma Cluster,658777.0,,,1.242,1.885,-35.551,,1.063,0.179,0.0,0.048,0.052,1.242
Macao,MAC,2019,Gamma Cluster,670982.0,,,1.213,1.807,-2.36,,0.956,0.256,0.0,0.049,0.054,1.212
Macao,MAC,2020,Gamma Cluster,683069.0,,,1.033,1.513,-14.804,,0.894,0.139,0.0,0.05,0.054,1.033
Macao,MAC,2021,Gamma Cluster,694404.0,,,1.03,1.483,-0.355,,0.865,0.165,0.0,0.05,0.056,1.03
Macao,MAC,2022,Gamma Cluster,704360.0,,,1.049,1.489,1.864,,0.824,0.225,0.0,0.051,0.058,1.049
Macao,MAC,2023,Gamma Cluster,713916.0,,,1.043,1.461,-0.564,,0.82,0.223,0.0,0.051,0.06,1.043
Macao,MAC,2024,Gamma Cluster,720270.0,,,1.056,1.467,1.291,,0.858,0.199,0.0,0.052,0.061,1.057
Madagascar,MDG,1990,Gamma Cluster,12055649.0,14680679623.0,1217.742787883091,0.944,0.078,1.998,0.033,0.887,,0.025,18.923,7.169,0.9450000000000001
Madagascar,MDG,1991,Gamma Cluster,12421413.0,13914919701.0,1120.236457881241,1.025,0.083,8.532,0.033,0.967,,0.025,18.894,7.229,1.025
Madagascar,MDG,1992,Gamma Cluster,12800870.0,14242717909.0,1112.6367121140986,1.003,0.078,-2.149,0.033,0.945,,0.025,19.187,7.296,1.003
Madagascar,MDG,1993,Gamma Cluster,13197353.0,14700034150.0,1113.862313904917,1.028,0.078,2.554,0.037,0.967,,0.025,19.579,7.459,1.029
Madagascar,MDG,1994,Gamma Cluster,13613859.0,14862800285.0,1091.7404304686863,1.152,0.085,12.034,0.033,1.103,,0.016,19.155,7.274,1.152
Madagascar,MDG,1995,Gamma Cluster,14051279.0,15288150117.0,1088.0255183175852,1.192,0.085,3.491,0.026,1.15,,0.016,19.484,7.362,1.192
Madagascar,MDG,1996,Gamma Cluster,14510712.0,15793796727.0,1088.4232784028793,1.249,0.086,4.743,0.026,1.205,,0.018,19.634,7.525,1.249
Madagascar,MDG,1997,Gamma Cluster,14990818.0,16561069372.0,1104.7475442634284,1.535,0.102,22.913,0.033,1.488,,0.015,19.715,7.136,1.5359999999999998
Madagascar,MDG,1998,Gamma Cluster,15489364.0,17393932608.0,1122.9597682642102,1.619,0.105,5.463,0.033,1.568,,0.018,20.304,7.539,1.619
Madagascar,MDG,1999,Gamma Cluster,16000506.0,18416245876.0,1150.9789675401516,1.766,0.11,9.098,0.022,1.726,,0.019,20.235,7.327,1.767
Madagascar,MDG,2000,Gamma Cluster,16516336.0,19457200304.0,1178.0579121180388,1.955,0.118,10.69,0.026,1.909,,0.021,20.103,7.169,1.956
Madagascar,MDG,2001,Gamma Cluster,17032933.0,20850416898.0,1224.1236960187655,1.747,0.103,-10.663,0.026,1.7,,0.021,19.283,6.767,1.7469999999999999
Madagascar,MDG,2002,Gamma Cluster,17549915.0,18473840634.0,1052.6455902492976,1.232,0.07,-29.458,0.026,1.194,,0.012,18.208,5.971,1.232
Madagascar,MDG,2003,Gamma Cluster,18071860.0,20509701124.0,1134.8970788839665,1.699,0.094,37.921,0.026,1.594,,0.08,19.52,7.034,1.7000000000000002
Madagascar,MDG,2004,Gamma Cluster,18606606.0,21834931987.0,1173.5042912716053,1.804,0.097,6.178,0.026,1.711,,0.068,19.041,6.252,1.8050000000000002
Madagascar,MDG,2005,Gamma Cluster,19159711.0,23129761607.0,1207.2082719306152,1.741,0.091,-3.5,0.044,1.638,,0.059,21.389,7.848,1.7409999999999999
Madagascar,MDG,2006,Gamma Cluster,19730916.0,24652234312.0,1249.4216848320675,1.675,0.085,-3.82,0.04,1.576,,0.059,21.008,7.174,1.675
Madagascar,MDG,2007,Gamma Cluster,20318590.0,26539188296.0,1306.1530497933175,1.728,0.085,3.164,0.026,1.598,,0.105,22.046,7.881,1.729
Madagascar,MDG,2008,Gamma Cluster,20923842.0,28762450059.0,1374.6256571331403,1.787,0.085,3.449,0.037,1.689,,0.062,21.705,7.216,1.788
Madagascar,MDG,2009,Gamma Cluster,21547277.0,27725052410.0,1286.7079404047204,1.699,0.079,-4.937,0.037,1.608,,0.054,22.28,7.601,1.699
Madagascar,MDG,2010,Gamma Cluster,22183343.0,28122419419.0,1267.7268443714727,1.872,0.084,10.162,0.106,1.704,,0.062,22.444,7.549,1.872
Madagascar,MDG,2011,Gamma Cluster,22822305.0,28843634595.0,1263.835295996614,2.33,0.102,24.477,0.355,1.898,,0.076,22.119,7.619,2.329
Madagascar,MDG,2012,Gamma Cluster,23462444.0,29712119552.0,1266.369332708903,2.66,0.113,14.179,0.615,1.958,,0.088,22.831,7.838,2.661
Madagascar,MDG,2013,Gamma Cluster,24109290.0,30395500923.0,1260.7381189159864,3.061,0.127,15.064,0.994,1.977,,0.09,21.828,7.67,3.061
Madagascar,MDG,2014,Gamma Cluster,24764356.0,31410405446.0,1268.3715839814288,2.971,0.12,-2.938,0.898,2.015,,0.058,23.032,7.644,2.971
Madagascar,MDG,2015,Gamma Cluster,25426703.0,32394175176.0,1274.0218492346412,3.121,0.123,5.056,0.923,2.14,,0.058,22.983,7.748,3.121
Madagascar,MDG,2016,Gamma Cluster,26099950.0,33687674194.0,1290.7179589999214,3.257,0.125,4.343,0.901,2.297,,0.058,23.645,8.278,3.2560000000000002
Madagascar,MDG,2017,Gamma Cluster,26788379.0,35012614968.0,1307.0076008705119,3.804,0.142,16.795,1.282,2.444,,0.077,23.236,7.847,3.803
Madagascar,MDG,2018,Gamma Cluster,27494930.0,36130917975.0,1314.0938338450035,3.604,0.131,-5.24,1.114,2.44,,0.05,22.868,7.115,3.604
Madagascar,MDG,2019,Gamma Cluster,28219559.0,37724649896.0,1336.826344309633,4.147,0.147,15.039,1.253,2.847,,0.046,24.212,7.283,4.146
Madagascar,MDG,2020,Gamma Cluster,28953560.0,35031864099.0,1209.9328752319232,3.788,0.131,-8.644,1.231,2.499,,0.058,24.693,7.239,3.7880000000000003
Madagascar,MDG,2021,Gamma Cluster,29691087.0,37042695870.0,1247.6032241594928,4.246,0.143,12.091,1.268,2.92,,0.058,24.545,7.143,4.2459999999999996
Madagascar,MDG,2022,Gamma Cluster,30437261.0,38602188321.0,1268.2543386870454,4.21,0.138,-0.858,1.138,3.013,,0.058,24.761,7.212,4.209
Madagascar,MDG,2023,Gamma Cluster,31195937.0,,,4.447,0.143,5.633,1.316,3.072,,0.058,24.572,7.044,4.446
Madagascar,MDG,2024,Gamma Cluster,31964960.0,,,4.528,0.142,1.835,1.344,3.126,,0.058,24.793,7.033,4.528
Malawi,MWI,1990,Gamma Cluster,9545860.0,8210711250.0,860.1332148177326,0.737,0.077,30.808,0.172,0.517,,0.048,3.289,1.374,0.7370000000000001
Malawi,MWI,1991,Gamma Cluster,9844228.0,8902464020.0,904.3333839890746,0.787,0.08,6.846,0.158,0.572,,0.058,3.32,1.473,0.788
Malawi,MWI,1992,Gamma Cluster,10135082.0,8227066430.0,811.7414767833156,0.787,0.078,-0.034,0.161,0.572,,0.054,3.338,1.486,0.787
Malawi,MWI,1993,Gamma Cluster,10284027.0,9004543312.0,875.5853433679239,0.879,0.085,11.623,0.169,0.649,,0.062,3.3,1.495,0.8800000000000001
Malawi,MWI,1994,Gamma Cluster,10164899.0,8059879526.0,792.9128981999722,0.902,0.089,2.638,0.172,0.671,,0.059,3.262,1.209,0.9019999999999999
Malawi,MWI,1995,Gamma Cluster,10150122.0,9155587639.0,902.0174968340282,0.903,0.089,0.149,0.169,0.674,,0.06,3.271,1.372,0.903
Malawi,MWI,1996,Gamma Cluster,10352227.0,10064712785.0,972.2268247209031,0.92,0.089,1.82,0.18,0.682,,0.058,3.337,1.473,0.9200000000000002
Malawi,MWI,1997,Gamma Cluster,10562035.0,10717042869.0,1014.6759472961413,0.918,0.087,-0.142,0.187,0.685,,0.046,3.328,1.461,0.9180000000000001
Malawi,MWI,1998,Gamma Cluster,10792877.0,10822285917.0,1002.7248450065724,0.902,0.084,-1.793,0.18,0.685,,0.037,3.505,1.553,0.902
Malawi,MWI,1999,Gamma Cluster,11047812.0,11194866591.0,1013.3107434304638,0.893,0.081,-0.941,0.147,0.7,,0.047,3.674,1.527,0.894
Malawi,MWI,2000,Gamma Cluster,11315947.0,11274206470.0,996.3113533493927,0.854,0.075,-4.398,0.165,0.634,,0.055,3.807,1.616,0.8540000000000001
Malawi,MWI,2001,Gamma Cluster,11593057.0,10808318915.0,932.3096500776284,0.777,0.067,-8.981,0.125,0.597,,0.055,3.674,1.481,0.777
Malawi,MWI,2002,Gamma Cluster,11880443.0,10984271331.0,924.5674871719851,0.856,0.072,10.157,0.18,0.623,,0.054,3.766,1.729,0.857
Malawi,MWI,2003,Gamma Cluster,12181575.0,11581699921.0,950.7555403139578,0.915,0.075,6.844,0.169,0.667,,0.079,3.91,1.84,0.915
Malawi,MWI,2004,Gamma Cluster,12500736.0,12176822884.0,974.0884763905101,0.902,0.072,-1.438,0.161,0.703,,0.037,3.908,1.861,0.901
Malawi,MWI,2005,Gamma Cluster,12840034.0,12535229211.0,976.2613721272078,0.845,0.066,-6.25,0.158,0.678,,0.01,4.05,1.909,0.8460000000000001
Malawi,MWI,2006,Gamma Cluster,13198699.0,13079496449.0,990.9686135732014,0.851,0.065,0.711,0.158,0.689,,0.005,4.143,2.08,0.852
Malawi,MWI,2007,Gamma Cluster,13576344.0,14282894527.0,1052.0427684360384,0.919,0.068,7.97,0.158,0.739,,0.022,4.302,2.275,0.919
Malawi,MWI,2008,Gamma Cluster,13976415.0,15293785292.0,1094.2566668204972,0.999,0.071,8.652,0.15,0.846,,0.002,4.544,2.495,0.998
Malawi,MWI,2009,Gamma Cluster,14395788.0,16486871191.0,1145.2565980410382,1.018,0.071,1.892,0.142,0.865,,0.01,4.702,2.452,1.017
Malawi,MWI,2010,Gamma Cluster,14826466.0,17495879385.0,1180.0438071351596,0.972,0.066,-4.466,0.169,0.788,,0.016,4.974,2.856,0.9730000000000001
Malawi,MWI,2011,Gamma Cluster,15265026.0,18220347468.0,1193.6008145678886,1.034,0.068,6.345,0.216,0.806,,0.012,5.13,2.912,1.034
Malawi,MWI,2012,Gamma Cluster,15709577.0,18563980884.0,1181.6983286055379,1.041,0.066,0.668,0.191,0.824,,0.026,5.343,2.949,1.041
Malawi,MWI,2013,Gamma Cluster,16161816.0,19529310978.0,1208.3611753778164,1.12,0.069,7.637,0.194,0.854,,0.072,5.505,3.038,1.12
Malawi,MWI,2014,Gamma Cluster,16621534.0,20642483934.0,1241.9120842877678,1.015,0.061,-9.384,0.176,0.714,,0.125,5.693,3.424,1.015
Malawi,MWI,2015,Gamma Cluster,17085587.0,21251437245.0,1243.822482950103,1.05,0.061,3.428,0.198,0.78,,0.072,5.889,3.53,1.05
Malawi,MWI,2016,Gamma Cluster,17557741.0,21733841491.0,1237.8495326363454,1.172,0.067,11.671,0.18,0.923,,0.07,6.108,3.425,1.173
Malawi,MWI,2017,Gamma Cluster,18039714.0,22603193649.0,1252.96851430128,1.193,0.066,1.756,0.172,0.923,,0.097,6.245,3.728,1.192
Malawi,MWI,2018,Gamma Cluster,18528086.0,23595927755.0,1273.5221411968835,1.69,0.091,41.66,0.205,1.378,,0.107,6.713,4.472,1.69
Malawi,MWI,2019,Gamma Cluster,19025748.0,24881432457.0,1307.776832584979,1.695,0.089,0.314,0.212,1.371,,0.112,7.364,5.026,1.695
Malawi,MWI,2020,Gamma Cluster,19533885.0,25108605204.0,1285.387172290612,1.868,0.096,10.186,0.194,1.429,,0.245,7.579,5.331,1.8679999999999999
Malawi,MWI,2021,Gamma Cluster,20047264.0,26255309111.0,1309.6704423606134,1.682,0.084,-9.933,0.132,1.315,,0.236,7.657,5.182,1.683
Malawi,MWI,2022,Gamma Cluster,20568731.0,26465351444.0,1286.6788643402454,1.801,0.088,7.066,0.15,1.411,,0.24,7.924,5.233,1.801
Malawi,MWI,2023,Gamma Cluster,21104480.0,,,1.853,0.088,2.841,0.173,1.439,,0.24,8.229,5.578,1.852
Malawi,MWI,2024,Gamma Cluster,21655288.0,,,1.881,0.087,1.561,0.177,1.464,,0.24,8.373,5.572,1.881
Malaysia,MYS,1990,Gamma Cluster,17833179.0,143192117242.0,8029.534007481224,54.269,3.043,8.357,5.412,35.713,6.837,3.244,18.628,4.441,51.206
Malaysia,MYS,1991,Gamma Cluster,18342474.0,157808067102.0,8603.423240616288,65.785,3.586,21.22,6.071,39.776,13.293,3.384,19.152,4.343,62.524
Malaysia,MYS,1992,Gamma Cluster,18834569.0,173041788524.0,9187.456772915803,72.961,3.874,10.908,6.324,44.181,16.004,3.275,19.558,4.645,69.784
Malaysia,MYS,1993,Gamma Cluster,19322667.0,191754981739.0,9923.836173288088,86.612,4.482,18.71,5.386,50.184,22.027,3.425,20.117,4.845,81.022
Malaysia,MYS,1994,Gamma Cluster,19820446.0,211154262265.0,10653.35574512299,87.497,4.415,1.022,6.232,52.249,22.391,4.007,20.921,4.81,84.879
Malaysia,MYS,1995,Gamma Cluster,20330602.0,233787220224.0,11499.276815511907,109.595,5.391,25.255,6.331,54.641,42.008,4.285,19.954,4.894,107.265
Malaysia,MYS,1996,Gamma Cluster,20850085.0,259190306939.0,12431.139102742267,110.108,5.281,0.468,7.738,58.518,36.252,4.789,22.24,4.859,107.29700000000001
Malaysia,MYS,1997,Gamma Cluster,21375225.0,280383835444.0,13117.234342281778,118.471,5.542,7.595,6.375,68.086,35.441,5.207,24.81,5.65,115.109
Malaysia,MYS,1998,Gamma Cluster,21906713.0,261784096585.0,11949.948702253962,109.782,5.011,-7.335,6.284,59.701,35.94,5.325,21.675,6.078,107.25
Malaysia,MYS,1999,Gamma Cluster,22435532.0,279671618438.0,12465.566603813986,103.987,4.635,-5.279,5.207,52.824,37.959,5.48,22.004,6.094,101.47000000000001
Malaysia,MYS,2000,Gamma Cluster,22967817.0,305803211129.0,13314.42213811613,122.881,5.35,18.17,7.874,56.154,49.673,6.588,22.9,6.125,120.289
Malaysia,MYS,2001,Gamma Cluster,23526535.0,309934494308.0,13173.826673073616,130.89,5.564,6.517,9.93,63.481,48.582,6.327,23.313,5.973,128.32
Malaysia,MYS,2002,Gamma Cluster,24102477.0,329700338274.0,13679.106021924634,132.035,5.478,0.875,12.546,60.705,49.024,7.146,23.933,6.684,129.421
Malaysia,MYS,2003,Gamma Cluster,24679604.0,350966698067.0,14220.92097049045,153.384,6.215,16.169,18.214,62.222,61.881,7.731,26.888,7.464,150.048
Malaysia,MYS,2004,Gamma Cluster,25256773.0,377079435469.0,14929.834285203418,169.674,6.718,10.62,31.72,67.61,59.219,7.775,27.452,8.182,166.324
Malaysia,MYS,2005,Gamma Cluster,25836075.0,399781035415.0,15473.752704890352,169.978,6.579,0.179,26.113,68.806,64.08,7.616,28.131,8.491,166.615
Malaysia,MYS,2006,Gamma Cluster,26417909.0,426608936099.0,16148.474737307937,170.166,6.441,0.111,26.626,62.325,69.546,8.136,29.032,8.42,166.633
Malaysia,MYS,2007,Gamma Cluster,26998383.0,458125848157.0,16968.64023882467,175.454,6.499,3.108,29.938,68.827,65.438,7.872,28.94,8.754,172.075
Malaysia,MYS,2008,Gamma Cluster,27570052.0,485245105845.0,17600.44216982253,192.847,6.995,9.913,38.037,70.211,72.633,8.416,29.708,9.359,189.29699999999997
Malaysia,MYS,2009,Gamma Cluster,28124779.0,483081319364.0,17176.35965651499,192.123,6.831,-0.376,46.595,68.612,65.443,7.93,30.141,8.197,188.57999999999998
Malaysia,MYS,2010,Gamma Cluster,28655772.0,525056610488.0,18322.89182395784,199.346,6.957,3.76,55.34,73.374,60.807,7.059,27.488,9.655,196.58
Malaysia,MYS,2011,Gamma Cluster,29162034.0,557469657636.0,19116.28172561626,203.453,6.977,2.06,55.546,71.752,64.783,7.766,26.751,9.817,199.847
Malaysia,MYS,2012,Gamma Cluster,29662835.0,587985572583.0,19822.298596307468,212.994,7.18,4.689,59.87,74.28,66.289,8.111,27.145,9.988,208.55
Malaysia,MYS,2013,Gamma Cluster,30174269.0,615585637854.0,20401.012460450987,241.671,8.009,13.464,57.989,87.213,82.274,8.793,26.951,9.317,236.269
Malaysia,MYS,2014,Gamma Cluster,30696133.0,652563833807.0,21258.828719793466,245.053,7.983,1.4,57.87,88.718,82.562,9.468,27.189,9.84,238.61799999999997
Malaysia,MYS,2015,Gamma Cluster,31232796.0,685237676618.0,21939.684062163375,235.942,7.554,-3.718,66.754,76.189,77.211,8.673,28.192,9.46,228.827
Malaysia,MYS,2016,Gamma Cluster,31789692.0,715730748101.0,22514.554343621825,237.294,7.464,0.573,71.524,77.291,73.524,9.126,29.069,9.325,231.465
Malaysia,MYS,2017,Gamma Cluster,32355642.0,757336192678.0,23406.61924365463,244.457,7.555,3.019,78.957,80.88,70.427,8.776,29.254,9.091,239.04000000000002
Malaysia,MYS,2018,Gamma Cluster,32910963.0,794013962862.0,24126.123652534872,262.647,7.981,7.441,84.59,80.676,84.26,9.064,29.358,8.52,258.59000000000003
Malaysia,MYS,2019,Gamma Cluster,33440590.0,829053844392.0,24791.842619762392,277.673,8.303,5.721,80.139,94.751,89.764,9.121,29.156,7.973,273.775
Malaysia,MYS,2020,Gamma Cluster,33889554.0,783174020832.0,23109.599519427138,262.159,7.736,-5.587,94.073,68.495,83.744,11.292,28.139,8.177,257.604
Malaysia,MYS,2021,Gamma Cluster,34282404.0,807389756202.0,23551.141751961153,273.332,7.973,4.262,87.493,73.027,97.598,11.308,27.914,8.858,269.426
Malaysia,MYS,2022,Gamma Cluster,34695494.0,877584198429.0,25293.89546749212,281.884,8.125,3.129,89.215,71.195,107.201,11.247,28.344,8.475,278.858
Malaysia,MYS,2023,Gamma Cluster,35126295.0,,,276.297,7.866,-1.982,92.571,77.318,90.465,13.136,28.793,8.58,273.49000000000007
Malaysia,MYS,2024,Gamma Cluster,35557670.0,,,290.224,8.162,5.041,97.57,79.098,95.277,15.4,28.313,8.866,287.34499999999997
Maldives,MDV,1990,Gamma Cluster,224772.0,,,0.169,0.75,35.294,,0.169,,0.0,0.036,0.006,0.169
Maldives,MDV,1991,Gamma Cluster,231810.0,,,0.154,0.664,-8.696,,0.154,,0.0,0.037,0.007,0.154
Maldives,MDV,1992,Gamma Cluster,238559.0,,,0.231,0.968,50.0,,0.231,,0.0,0.038,0.007,0.231
Maldives,MDV,1993,Gamma Cluster,244893.0,,,0.194,0.793,-15.873,,0.194,,0.0,0.039,0.008,0.194
Maldives,MDV,1994,Gamma Cluster,250831.0,,,0.198,0.789,1.887,,0.198,,0.0,0.041,0.012,0.198
Maldives,MDV,1995,Gamma Cluster,256660.0,,,0.249,0.971,25.926,,0.249,,0.0,0.042,0.013,0.249
Maldives,MDV,1996,Gamma Cluster,262354.0,,,0.289,1.103,16.176,,0.289,,0.0,0.044,0.013,0.289
Maldives,MDV,1997,Gamma Cluster,267711.0,,,0.33,1.232,13.924,,0.33,,0.0,0.045,0.012,0.33
Maldives,MDV,1998,Gamma Cluster,272734.0,,,0.3,1.102,-8.889,,0.3,,0.0,0.047,0.013,0.3
Maldives,MDV,1999,Gamma Cluster,277423.0,,,0.421,1.519,40.244,,0.421,,0.0,0.049,0.014,0.421
Maldives,MDV,2000,Gamma Cluster,282025.0,,,0.451,1.598,6.957,,0.451,,0.0,0.052,0.019,0.451
Maldives,MDV,2001,Gamma Cluster,286778.0,,,0.462,1.61,2.439,,0.462,,0.0,0.054,0.017,0.462
Maldives,MDV,2002,Gamma Cluster,291631.0,,,0.59,2.023,27.778,,0.59,,0.0,0.059,0.019,0.59
Maldives,MDV,2003,Gamma Cluster,296497.0,,,0.509,1.718,-13.665,,0.509,,0.0,0.063,0.017,0.509
Maldives,MDV,2004,Gamma Cluster,301416.0,,,0.663,2.2,30.216,,0.663,,0.0,0.068,0.02,0.663
Maldives,MDV,2005,Gamma Cluster,306429.0,,,0.601,1.961,-9.392,,0.601,,0.0,0.071,0.019,0.601
Maldives,MDV,2006,Gamma Cluster,313866.0,,,0.744,2.37,23.78,,0.744,,0.0,0.077,0.023,0.744
Maldives,MDV,2007,Gamma Cluster,324489.0,,,0.78,2.405,4.926,,0.78,,0.0,0.081,0.026,0.78
Maldives,MDV,2008,Gamma Cluster,336178.0,,,0.839,2.496,7.512,,0.839,,0.0,0.086,0.028,0.839
Maldives,MDV,2009,Gamma Cluster,348282.0,,,0.883,2.535,5.24,,0.883,,0.0,0.089,0.03,0.883
Maldives,MDV,2010,Gamma Cluster,360802.0,,,0.931,2.579,5.394,,0.931,,0.0,0.095,0.032,0.931
Maldives,MDV,2011,Gamma Cluster,373683.0,,,0.986,2.638,5.906,,0.986,,0.0,0.1,0.032,0.986
Maldives,MDV,2012,Gamma Cluster,386821.0,,,1.11,2.87,12.639,,1.11,,0.0,0.106,0.041,1.11
Maldives,MDV,2013,Gamma Cluster,400077.0,,,1.096,2.738,-1.32,,1.096,,0.0,0.112,0.041,1.096
Maldives,MDV,2014,Gamma Cluster,413623.0,,,1.319,3.189,20.401,,1.319,,0.0,0.119,0.052,1.319
Maldives,MDV,2015,Gamma Cluster,428165.0,,,1.282,2.995,-2.778,,1.282,,0.0,0.122,0.039,1.282
Maldives,MDV,2016,Gamma Cluster,443316.0,,,1.433,3.232,11.714,,1.433,,0.0,0.128,0.041,1.433
Maldives,MDV,2017,Gamma Cluster,458297.0,,,1.513,3.302,5.627,,1.513,,0.0,0.133,0.042,1.513
Maldives,MDV,2018,Gamma Cluster,473106.0,,,1.737,3.671,14.77,,1.737,,0.0,0.139,0.047,1.737
Maldives,MDV,2019,Gamma Cluster,487737.0,,,1.993,4.087,14.768,,1.993,,0.0,0.145,0.052,1.993
Maldives,MDV,2020,Gamma Cluster,502127.0,,,1.678,3.342,-15.809,,1.678,,0.0,0.15,0.052,1.678
Maldives,MDV,2021,Gamma Cluster,516163.0,,,1.997,3.869,18.996,,1.997,,0.0,0.155,0.055,1.997
Maldives,MDV,2022,Gamma Cluster,524116.0,,,2.216,4.228,10.963,,2.216,,0.0,0.16,0.057,2.216
Maldives,MDV,2023,Gamma Cluster,526009.0,,,2.205,4.193,-0.472,,2.205,,0.0,0.165,0.059,2.205
Maldives,MDV,2024,Gamma Cluster,527801.0,,,2.306,4.369,4.574,,2.306,,0.0,0.171,0.061,2.306
Mali,MLI,1990,Gamma Cluster,9178826.0,9628796516.0,1049.02266542584,0.422,0.046,1.53,,0.414,,0.008,10.54,5.994,0.422
Mali,MLI,1991,Gamma Cluster,9362885.0,10269524230.0,1096.8333190037044,0.426,0.045,0.865,,0.418,,0.008,10.535,5.949,0.426
Mali,MLI,1992,Gamma Cluster,9553540.0,9995131433.0,1046.2228067292333,0.463,0.048,8.6,,0.454,,0.008,10.545,5.919,0.462
Mali,MLI,1993,Gamma Cluster,9754786.0,10249532964.0,1050.7183821357023,0.503,0.052,8.711,,0.495,,0.008,10.693,5.958,0.503
Mali,MLI,1994,Gamma Cluster,9967035.0,10520791586.0,1055.5588082112683,0.548,0.055,9.065,,0.542,,0.006,10.899,6.131,0.548
Mali,MLI,1995,Gamma Cluster,10185368.0,10736646746.0,1054.1245781202997,0.595,0.058,8.535,,0.59,,0.005,11.193,6.224,0.595
Mali,MLI,1996,Gamma Cluster,10407274.0,11389964147.0,1094.4233953098574,0.646,0.062,8.549,,0.641,,0.005,11.794,6.615,0.646
Mali,MLI,1997,Gamma Cluster,10646499.0,11793168043.0,1107.7038604897252,0.723,0.068,11.906,,0.711,,0.012,11.932,6.553,0.723
Mali,MLI,1998,Gamma Cluster,10919577.0,12008585843.0,1099.7299476893656,0.931,0.085,28.721,,0.931,,0.0,12.545,7.132,0.931
Mali,MLI,1999,Gamma Cluster,11227420.0,12634193722.0,1125.2980401552627,0.971,0.086,4.331,,0.971,,0.0,13.378,7.719,0.971
Mali,MLI,2000,Gamma Cluster,11559291.0,12490372339.0,1080.5483086289635,1.066,0.092,9.811,,1.066,,0.0,13.798,7.747,1.066
Mali,MLI,2001,Gamma Cluster,11912162.0,14257391001.0,1196.8768558553854,1.161,0.098,8.935,,1.161,,0.0,13.68,7.383,1.161
Mali,MLI,2002,Gamma Cluster,12288051.0,14544531770.0,1183.63211301776,1.209,0.098,4.101,,1.209,,0.0,14.025,7.583,1.209
Mali,MLI,2003,Gamma Cluster,12684951.0,15730792757.0,1240.1145859373048,1.246,0.098,3.03,,1.246,,,14.565,7.702,1.246
Mali,MLI,2004,Gamma Cluster,13102415.0,15828925288.0,1208.0921943015849,1.414,0.108,13.529,,1.414,,,15.843,8.789,1.414
Mali,MLI,2005,Gamma Cluster,13538648.0,16700213321.0,1233.5214949823646,1.458,0.108,3.109,,1.458,,,16.451,8.927,1.458
Mali,MLI,2006,Gamma Cluster,13990143.0,17320423242.0,1238.0447606575572,1.535,0.11,5.276,,1.535,,,16.399,9.017,1.535
Mali,MLI,2007,Gamma Cluster,14457776.0,17779653731.0,1229.7640889580805,1.784,0.123,16.229,,1.784,,,17.123,9.144,1.784
Mali,MLI,2008,Gamma Cluster,14940786.0,18486110807.0,1237.2917199269168,1.957,0.131,9.651,,1.957,,,17.947,9.714,1.957
Mali,MLI,2009,Gamma Cluster,15435536.0,19186286887.0,1242.9945346245183,1.887,0.122,-3.558,,1.887,,,18.015,9.43,1.887
Mali,MLI,2010,Gamma Cluster,15945201.0,20054729287.0,1257.7282209863645,2.088,0.131,10.68,,2.088,,,19.019,9.962,2.088
Mali,MLI,2011,Gamma Cluster,16469054.0,20518694824.0,1245.8939550504845,2.279,0.138,9.123,,2.279,,0.0,19.41,10.118,2.279
Mali,MLI,2012,Gamma Cluster,16957039.0,20347159384.0,1199.9240777826838,2.437,0.144,6.913,,2.437,,0.0,19.999,10.307,2.437
Mali,MLI,2013,Gamma Cluster,17459619.0,20814126326.0,1192.12946891911,2.743,0.157,12.593,,2.572,,0.171,20.548,10.741,2.743
Mali,MLI,2014,Gamma Cluster,18020267.0,22288805151.0,1236.8743010855499,3.139,0.174,14.432,,2.884,,0.256,21.054,10.954,3.1399999999999997
Mali,MLI,2015,Gamma Cluster,18593022.0,23664472662.0,1272.7609670983018,3.399,0.183,8.275,,3.155,,0.244,22.001,11.361,3.399
Mali,MLI,2016,Gamma Cluster,19191298.0,25049317347.0,1305.2435195889304,4.286,0.223,26.097,,4.034,,0.252,23.951,12.776,4.286
Mali,MLI,2017,Gamma Cluster,19813016.0,26378184458.0,1331.3563395900958,4.767,0.241,11.208,,4.507,,0.26,24.615,12.672,4.7669999999999995
Mali,MLI,2018,Gamma Cluster,20442031.0,27630093375.0,1351.6315171912224,5.198,0.254,9.058,,4.811,,0.387,25.445,12.818,5.198
Mali,MLI,2019,Gamma Cluster,21068405.0,28946666484.0,1373.937252677647,5.594,0.266,7.612,,5.207,,0.387,25.656,13.652,5.593999999999999
Mali,MLI,2020,Gamma Cluster,21713837.0,28586570096.0,1316.5139858054567,6.33,0.292,13.157,,5.749,,0.581,26.822,14.122,6.33
Mali,MLI,2021,Gamma Cluster,22388637.0,29459890071.0,1315.8411595578596,7.393,0.33,16.795,,6.734,,0.659,28.355,14.11,7.393
Mali,MLI,2022,Gamma Cluster,23072641.0,30551085997.0,1324.1260936275132,7.02,0.304,-5.051,,6.322,,0.697,27.572,13.556,7.019
Mali,MLI,2023,Gamma Cluster,23769130.0,,,6.743,0.284,-3.942,,6.046,,0.697,28.171,13.807,6.743
Mali,MLI,2024,Gamma Cluster,24478597.0,,,6.979,0.285,3.497,,6.281,,0.697,29.049,13.773,6.978
Malta,MLT,1990,Gamma Cluster,367913.0,4761399641.0,12941.645554791487,2.427,6.598,11.909,0.71,1.716,0.0,0.0,0.147,0.061,2.426
Malta,MLT,1991,Gamma Cluster,371335.0,5017928103.0,13513.210720777734,2.272,6.118,-6.408,0.575,1.695,0.0,0.0,0.15,0.06,2.27
Malta,MLT,1992,Gamma Cluster,374805.0,5251067551.0,14010.132071343765,2.294,6.119,0.958,0.485,1.807,0.0,0.0,0.161,0.061,2.292
Malta,MLT,1993,Gamma Cluster,378222.0,5496706096.0,14533.015255590632,2.886,7.629,25.811,0.71,2.174,0.0,0.0,0.163,0.067,2.884
Malta,MLT,1994,Gamma Cluster,381467.0,5813472890.0,15239.779299388938,2.658,6.969,-7.875,0.483,2.174,0.0,0.0,0.163,0.065,2.657
Malta,MLT,1995,Gamma Cluster,384559.0,6198303778.0,16117.95271466797,2.452,6.377,-7.757,0.123,2.327,0.0,0.0,0.157,0.066,2.45
Malta,MLT,1996,Gamma Cluster,387627.0,6430283255.0,16588.842508390797,2.534,6.537,3.337,0.0,2.532,0.0,0.0,0.156,0.06,2.532
Malta,MLT,1997,Gamma Cluster,390687.0,6769141339.0,17326.251805153486,2.556,6.543,0.88,0.0,2.554,0.0,0.0,0.161,0.063,2.554
Malta,MLT,1998,Gamma Cluster,393782.0,7118691053.0,18077.746197134456,2.525,6.412,-1.225,0.0,2.524,0.0,0.0,0.156,0.064,2.524
Malta,MLT,1999,Gamma Cluster,396897.0,7456060205.0,18785.881992053353,2.573,6.482,1.898,0.0,2.572,0.0,0.0,0.165,0.061,2.572
Malta,MLT,2000,Gamma Cluster,399905.0,7963752394.0,19914.110586264236,2.468,6.172,-4.07,0.0,2.468,0.0,0.0,0.165,0.059,2.468
Malta,MLT,2001,Gamma Cluster,402788.0,8019470830.0,19909.90503689286,2.737,6.794,10.875,0.0,2.736,0.0,0.0,0.167,0.062,2.736
Malta,MLT,2002,Gamma Cluster,405571.0,8259626928.0,20365.4278239815,2.747,6.774,0.39,0.0,2.747,0.0,0.0,0.169,0.057,2.747
Malta,MLT,2003,Gamma Cluster,408236.0,8473515195.0,20756.413434875903,2.961,7.253,7.776,0.0,2.96,0.0,0.0,0.173,0.06,2.96
Malta,MLT,2004,Gamma Cluster,410800.0,8512522890.0,20721.818135345668,2.849,6.935,-3.775,0.0,2.849,0.0,0.0,0.17,0.058,2.849
Malta,MLT,2005,Gamma Cluster,413324.0,8839849182.0,21387.214829044526,2.65,6.411,-6.995,0.0,2.649,0.0,0.0,0.187,0.062,2.649
Malta,MLT,2006,Gamma Cluster,415463.0,9004655302.0,21673.783951880192,2.655,6.391,0.209,0.0,2.655,0.0,0.0,0.202,0.062,2.655
Malta,MLT,2007,Gamma Cluster,417201.0,9368888474.0,22456.53407829799,2.728,6.538,2.728,0.0,2.727,0.0,0.0,0.21,0.06,2.727
Malta,MLT,2008,Gamma Cluster,418969.0,9685986656.0,23118.623707243256,2.721,6.495,-0.239,0.0,2.721,0.0,0.0,0.22,0.06,2.721
Malta,MLT,2009,Gamma Cluster,420800.0,9450779381.0,22459.076475760456,2.561,6.086,-5.895,0.0,2.56,0.0,0.0,0.225,0.055,2.56
Malta,MLT,2010,Gamma Cluster,422654.0,9788869399.0,23160.479728099108,2.619,6.197,2.28,0.0,2.618,0.0,0.0,0.231,0.056,2.618
Malta,MLT,2011,Gamma Cluster,424635.0,9930574943.0,23386.14325950522,2.608,6.142,-0.422,0.0,2.607,0.0,0.0,0.246,0.052,2.607
Malta,MLT,2012,Gamma Cluster,426616.0,10339580228.0,24236.26921634444,2.749,6.444,5.401,0.0,2.748,0.0,0.0,0.157,0.052,2.748
Malta,MLT,2013,Gamma Cluster,428457.0,10905471410.0,25452.89587986659,2.43,5.671,-11.619,0.0,2.427,0.0,0.0,0.155,0.05,2.427
Malta,MLT,2014,Gamma Cluster,434494.0,11737898948.0,27015.100203915357,2.417,5.564,-0.507,0.0,2.414,0.0,0.0,0.155,0.051,2.414
Malta,MLT,2015,Gamma Cluster,444978.0,12865695938.0,28913.1056771346,1.697,3.815,-29.779,0.0,1.695,0.0,0.0,0.166,0.048,1.695
Malta,MLT,2016,Gamma Cluster,455276.0,13300698899.0,29214.583898558238,1.376,3.022,-18.945,0.0,1.374,0.0,0.0,0.173,0.045,1.374
Malta,MLT,2017,Gamma Cluster,467902.0,14746505042.0,31516.225709657152,1.537,3.285,11.725,0.0,0.984,0.552,0.0,0.175,0.044,1.536
Malta,MLT,2018,Gamma Cluster,484560.0,15659758064.0,32317.47990754499,1.548,3.194,0.683,0.0,0.866,0.681,0.0,0.168,0.043,1.5470000000000002
Malta,MLT,2019,Gamma Cluster,504017.0,16757308198.0,33247.50593333162,1.649,3.272,6.558,0.0,0.94,0.708,0.0,0.172,0.044,1.648
Malta,MLT,2020,Gamma Cluster,518212.0,15314071319.0,29551.74970668375,1.601,3.089,-2.929,0.0,0.864,0.736,0.0,0.17,0.043,1.6
Malta,MLT,2021,Gamma Cluster,524383.0,17122043843.0,32651.790471849774,1.611,3.073,0.657,0.0,0.872,0.739,0.0,0.17,0.044,1.611
Malta,MLT,2022,Gamma Cluster,528194.0,18295132993.0,34637.14656546648,1.774,3.359,10.105,0.0,1.026,0.747,0.0,0.167,0.044,1.7730000000000001
Malta,MLT,2023,Gamma Cluster,532964.0,,,1.768,3.317,-0.352,0.0,0.985,0.782,0.0,0.167,0.044,1.767
Malta,MLT,2024,Gamma Cluster,539612.0,,,1.729,3.204,-2.219,0.0,1.002,0.727,0.0,0.165,0.044,1.729
Marshall Islands,MHL,1992,Gamma Cluster,46406.0,,,0.077,1.658,,,0.077,,0.0,,0.0,0.077
Marshall Islands,MHL,1993,Gamma Cluster,47112.0,,,0.081,1.711,4.762,,0.081,,0.0,,0.0,0.081
Marshall Islands,MHL,1994,Gamma Cluster,47731.0,,,0.084,1.766,4.545,,0.084,,0.0,,0.0,0.084
Marshall Islands,MHL,1995,Gamma Cluster,48283.0,,,0.088,1.821,4.348,,0.088,,0.0,,0.0,0.088
Marshall Islands,MHL,1996,Gamma Cluster,48795.0,,,0.092,1.877,4.167,,0.092,,0.0,,0.0,0.092
Marshall Islands,MHL,1997,Gamma Cluster,49277.0,,,0.092,1.859,0.0,,0.092,,0.0,,0.0,0.092
Marshall Islands,MHL,1998,Gamma Cluster,49732.0,,,0.092,1.842,0.0,,0.092,,0.0,,0.0,0.092
Marshall Islands,MHL,1999,Gamma Cluster,50221.0,,,0.092,1.824,0.0,,0.092,,0.0,,0.0,0.092
Marshall Islands,MHL,2000,Gamma Cluster,50721.0,,,0.099,1.95,8.0,,0.099,,0.0,,0.0,0.099
Marshall Islands,MHL,2001,Gamma Cluster,51137.0,,,0.103,2.006,3.704,,0.103,,0.0,,0.0,0.103
Marshall Islands,MHL,2002,Gamma Cluster,51441.0,,,0.11,2.137,7.143,,0.11,,0.0,,0.0,0.11
Marshall Islands,MHL,2003,Gamma Cluster,51657.0,,,0.11,2.128,0.0,,0.11,,0.0,,0.0,0.11
Marshall Islands,MHL,2004,Gamma Cluster,51803.0,,,0.114,2.193,3.333,,0.114,,0.0,,0.0,0.114
Marshall Islands,MHL,2005,Gamma Cluster,51928.0,,,0.114,2.187,0.0,,0.114,,0.0,,0.0,0.114
Marshall Islands,MHL,2006,Gamma Cluster,52011.0,,,0.121,2.325,6.452,,0.121,,0.0,,0.0,0.121
Marshall Islands,MHL,2007,Gamma Cluster,52050.0,,,0.128,2.464,6.061,,0.128,,0.0,,0.0,0.128
Marshall Islands,MHL,2008,Gamma Cluster,52049.0,,,0.128,2.464,0.0,,0.128,,0.0,,0.0,0.128
Marshall Islands,MHL,2009,Gamma Cluster,52036.0,,,0.132,2.535,2.857,,0.132,,0.0,,0.0,0.132
Marshall Islands,MHL,2010,Gamma Cluster,52064.0,,,0.136,2.604,2.778,,0.136,,0.0,,0.0,0.136
Marshall Islands,MHL,2011,Gamma Cluster,51927.0,,,0.136,2.611,0.0,,0.136,,0.0,,0.0,0.136
Marshall Islands,MHL,2012,Gamma Cluster,51438.0,,,0.136,2.636,0.0,,0.136,,0.0,,0.0,0.136
Marshall Islands,MHL,2013,Gamma Cluster,50696.0,,,0.139,2.746,2.703,,0.139,,0.0,,0.0,0.139
Marshall Islands,MHL,2014,Gamma Cluster,49815.0,,,0.139,2.795,0.0,,0.139,,0.0,,0.0,0.139
Marshall Islands,MHL,2015,Gamma Cluster,48823.0,,,0.143,2.927,2.632,,0.143,,0.0,,0.0,0.143
Marshall Islands,MHL,2016,Gamma Cluster,47730.0,,,0.143,2.994,0.0,,0.143,,0.0,,0.0,0.143
Marshall Islands,MHL,2017,Gamma Cluster,46544.0,,,0.147,3.149,2.564,,0.147,,0.0,,0.0,0.147
Marshall Islands,MHL,2018,Gamma Cluster,45307.0,,,0.147,3.235,0.0,,0.147,,0.0,,0.0,0.147
Marshall Islands,MHL,2019,Gamma Cluster,44030.0,,,0.147,3.329,0.0,,0.147,,0.0,,0.0,0.147
Marshall Islands,MHL,2020,Gamma Cluster,42728.0,,,0.147,3.43,0.0,,0.147,,0.0,,0.0,0.147
Marshall Islands,MHL,2021,Gamma Cluster,41387.0,,,0.147,3.541,0.0,,0.147,,0.0,,0.0,0.147
Marshall Islands,MHL,2022,Gamma Cluster,40094.0,,,0.148,3.702,1.272,,0.148,,0.0,,0.0,0.148
Marshall Islands,MHL,2023,Gamma Cluster,38849.0,,,0.148,3.802,-0.473,,0.148,,0.0,,0.0,0.148
Marshall Islands,MHL,2024,Gamma Cluster,37572.0,,,0.154,4.112,4.575,,0.154,,0.0,,0.0,0.154
Mauritania,MRT,1990,Gamma Cluster,1951881.0,2908675000.0,1490.1907442103284,0.854,0.437,-69.549,0.015,0.839,,0.0,4.701,1.751,0.854
Mauritania,MRT,1991,Gamma Cluster,2009739.0,3053303240.0,1519.253614524075,0.868,0.432,1.74,0.015,0.854,,0.0,4.862,1.818,0.869
Mauritania,MRT,1992,Gamma Cluster,2088143.0,3186885725.0,1526.1817437790419,0.905,0.433,4.219,0.015,0.89,,0.0,4.768,1.77,0.905
Mauritania,MRT,1993,Gamma Cluster,2174333.0,3536022015.0,1626.255966772339,0.927,0.426,2.408,0.015,0.912,,0.0,4.919,1.801,0.927
Mauritania,MRT,1994,Gamma Cluster,2249462.0,3783132604.0,1681.7944041730868,0.959,0.427,3.519,0.015,0.945,,0.0,4.835,1.774,0.96
Mauritania,MRT,1995,Gamma Cluster,2312027.0,3768651979.0,1630.0207475950756,1.015,0.439,5.787,0.011,1.004,,0.0,4.871,1.789,1.015
Mauritania,MRT,1996,Gamma Cluster,2358193.0,4253698601.0,1803.795788130997,1.063,0.451,4.693,0.007,1.055,,0.0,5.232,1.987,1.0619999999999998
Mauritania,MRT,1997,Gamma Cluster,2411316.0,4166595327.0,1727.9341766072966,1.077,0.447,1.379,0.004,1.074,,0.0,5.534,2.038,1.078
Mauritania,MRT,1998,Gamma Cluster,2474650.0,4371026651.0,1766.3211569312832,1.074,0.434,-0.34,0.004,1.07,,0.0,5.833,2.18,1.074
Mauritania,MRT,1999,Gamma Cluster,2541700.0,4762456974.0,1873.728990046032,1.096,0.431,2.048,0.0,1.096,,0.0,6.291,2.366,1.096
Mauritania,MRT,2000,Gamma Cluster,2613450.0,4838789905.0,1851.495113738545,1.114,0.426,1.672,0.0,1.114,,0.0,6.62,2.489,1.114
Mauritania,MRT,2001,Gamma Cluster,2678766.0,5040767611.0,1881.749884461726,1.172,0.438,5.263,,1.172,,0.0,6.706,2.509,1.172
Mauritania,MRT,2002,Gamma Cluster,2738659.0,5178324094.0,1890.8247043534811,1.249,0.456,6.562,,1.249,,0.0,6.825,2.424,1.249
Mauritania,MRT,2003,Gamma Cluster,2802050.0,5603753283.0,1999.8762630930926,1.286,0.459,2.933,,1.286,,0.0,7.008,2.447,1.286
Mauritania,MRT,2004,Gamma Cluster,2868671.0,6050710140.0,2109.238089693799,1.385,0.483,7.692,,1.385,,0.0,6.993,2.445,1.385
Mauritania,MRT,2005,Gamma Cluster,2939060.0,6728916707.0,2289.4791896048396,1.434,0.488,3.515,,1.433,,0.0,7.139,2.476,1.433
Mauritania,MRT,2006,Gamma Cluster,3013659.0,8166141817.0,2709.7099628723754,1.55,0.514,8.119,,1.422,,0.0,7.343,2.614,1.422
Mauritania,MRT,2007,Gamma Cluster,3093065.0,8570478345.0,2770.8691362774466,1.758,0.568,13.388,,1.638,,0.0,7.161,2.651,1.638
Mauritania,MRT,2008,Gamma Cluster,3183276.0,8846256694.0,2778.978855116553,1.831,0.575,4.163,,1.77,,0.0,6.679,2.386,1.77
Mauritania,MRT,2009,Gamma Cluster,3284454.0,8935093258.0,2720.419667317612,2.012,0.613,9.915,,1.96,,0.0,7.059,2.567,1.96
Mauritania,MRT,2010,Gamma Cluster,3390968.0,9559709837.0,2819.168401766103,2.094,0.617,4.036,,2.045,,0.0,7.361,2.728,2.045
Mauritania,MRT,2011,Gamma Cluster,3502813.0,10187328000.0,2908.327678354511,2.227,0.636,6.356,,2.151,,0.0,7.454,2.675,2.151
Mauritania,MRT,2012,Gamma Cluster,3619035.0,10792467000.0,2982.1394377230395,2.448,0.676,9.925,,2.345,,0.0,7.668,2.772,2.345
Mauritania,MRT,2013,Gamma Cluster,3734324.0,11410722000.0,3055.6325589316834,2.169,0.581,-11.387,,2.063,,0.0,7.859,2.828,2.063
Mauritania,MRT,2014,Gamma Cluster,3848511.0,12165303000.0,3161.041504103795,2.563,0.666,18.161,,2.495,,0.0,8.126,2.802,2.495
Mauritania,MRT,2015,Gamma Cluster,3965959.0,12316128000.0,3105.460243033274,3.002,0.757,17.159,,2.924,,0.0,8.244,2.962,2.924
Mauritania,MRT,2016,Gamma Cluster,4086655.0,12416318727.0,3038.259585651346,2.624,0.642,-12.61,,2.532,,0.0,8.299,2.968,2.532
Mauritania,MRT,2017,Gamma Cluster,4210603.0,13137043588.0,3119.9910293133785,3.581,0.851,36.483,,3.506,,0.0,8.372,2.958,3.506
Mauritania,MRT,2018,Gamma Cluster,4337685.0,13699199188.0,3158.1821151143986,4.444,1.025,24.107,,4.444,,0.0,8.409,2.952,4.444
Mauritania,MRT,2019,Gamma Cluster,4467714.0,14424796068.0,3228.674903541274,4.613,1.033,3.799,,4.613,,0.0,8.79,3.109,4.613
Mauritania,MRT,2020,Gamma Cluster,4600136.0,14289417678.0,3106.3033088586944,4.782,1.039,3.647,,4.782,,0.0,8.831,3.144,4.782
Mauritania,MRT,2021,Gamma Cluster,4734874.0,14638845766.0,3091.7075651854725,4.5,0.95,-5.894,,4.5,,0.0,8.903,3.163,4.5
Mauritania,MRT,2022,Gamma Cluster,4875644.0,15674544913.0,3214.866572087708,5.267,1.08,17.062,,5.267,,0.0,8.89,3.152,5.267
Mauritania,MRT,2023,Gamma Cluster,5022442.0,,,5.037,1.003,-4.377,,5.037,,0.0,9.081,3.178,5.037
Mauritania,MRT,2024,Gamma Cluster,5169403.0,,,5.239,1.013,4.006,,5.233,,0.0,9.091,3.193,5.233
Mauritius,MUS,1990,Gamma Cluster,1089033.0,12196699680.0,11199.568497924305,1.462,1.342,39.024,0.198,1.264,,0.0,0.506,0.18,1.462
Mauritius,MUS,1991,Gamma Cluster,1103050.0,12478462632.0,11312.689934273152,1.521,1.379,4.01,0.175,1.345,,0.0,0.503,0.18,1.52
Mauritius,MUS,1992,Gamma Cluster,1117676.0,13020302423.0,11649.44261395968,1.707,1.528,12.289,0.191,1.517,,0.0,0.508,0.186,1.708
Mauritius,MUS,1993,Gamma Cluster,1132397.0,13435064889.0,11864.271001247796,1.773,1.566,3.863,0.168,1.605,,0.0,0.509,0.181,1.773
Mauritius,MUS,1994,Gamma Cluster,1146559.0,13759079701.0,12000.32418828861,1.623,1.416,-8.471,0.092,1.532,,0.0,0.509,0.191,1.624
Mauritius,MUS,1995,Gamma Cluster,1159824.0,14115290935.0,12170.200767530247,1.828,1.576,12.641,0.168,1.66,,0.0,0.517,0.201,1.8279999999999998
Mauritius,MUS,1996,Gamma Cluster,1172390.0,14579957121.0,12436.098159315587,1.949,1.663,6.613,0.11,1.839,,0.0,0.523,0.2,1.949
Mauritius,MUS,1997,Gamma Cluster,1184304.0,15156261651.0,12797.610791654846,1.997,1.686,2.444,0.121,1.876,,0.0,0.528,0.194,1.9969999999999999
Mauritius,MUS,1998,Gamma Cluster,1195111.0,15794127997.0,13215.615952827813,2.169,1.815,8.624,0.161,2.008,,0.0,0.535,0.195,2.169
Mauritius,MUS,1999,Gamma Cluster,1205903.0,15922518933.0,13203.814015720998,2.426,2.011,11.824,0.322,2.103,,0.0,0.524,0.202,2.4250000000000003
Mauritius,MUS,2000,Gamma Cluster,1216632.0,16933370565.0,13918.235394926322,2.689,2.211,10.876,0.594,2.096,,0.0,0.541,0.204,2.69
Mauritius,MUS,2001,Gamma Cluster,1225807.0,17203931989.0,14034.780343887742,2.862,2.334,6.403,0.689,2.173,,0.0,0.537,0.176,2.862
Mauritius,MUS,2002,Gamma Cluster,1234090.0,17186721600.0,13926.635496600735,2.884,2.337,0.768,0.736,2.147,,0.0,0.529,0.19,2.883
Mauritius,MUS,2003,Gamma Cluster,1242094.0,17869390349.0,14386.504039951888,3.059,2.463,6.099,0.751,2.308,,0.0,0.535,0.192,3.0589999999999997
Mauritius,MUS,2004,Gamma Cluster,1249799.0,18313509621.0,14653.163925559229,3.089,2.471,0.958,0.667,2.422,,0.0,0.539,0.192,3.0890000000000004
Mauritius,MUS,2005,Gamma Cluster,1257215.0,18306765429.0,14561.364149330067,3.294,2.62,6.643,0.851,2.443,,0.0,0.535,0.189,3.294
Mauritius,MUS,2006,Gamma Cluster,1263785.0,18846649433.0,14912.860520579054,3.627,2.87,10.122,1.136,2.492,,0.0,0.538,0.187,3.628
Mauritius,MUS,2007,Gamma Cluster,1269522.0,19573401107.0,15417.929824768693,3.686,2.903,1.616,1.323,2.363,,0.0,0.54,0.192,3.686
Mauritius,MUS,2008,Gamma Cluster,1274635.0,20249055784.0,15886.160182326705,3.767,2.955,2.187,1.543,2.224,,0.0,0.546,0.185,3.7670000000000003
Mauritius,MUS,2009,Gamma Cluster,1278976.0,20448211941.0,15987.95594366118,3.708,2.899,-1.556,1.411,2.297,,0.0,0.549,0.184,3.708
Mauritius,MUS,2010,Gamma Cluster,1282710.0,20850923367.0,16255.368218069556,3.913,3.051,5.534,1.572,2.341,,0.0,0.554,0.181,3.9130000000000003
Mauritius,MUS,2011,Gamma Cluster,1286270.0,21190874379.0,16474.67046498791,3.917,3.045,0.094,1.506,2.411,,0.0,0.556,0.197,3.917
Mauritius,MUS,2012,Gamma Cluster,1289174.0,21931705213.0,17012.214963224513,3.964,3.075,1.216,1.587,2.378,,0.0,0.558,0.213,3.965
Mauritius,MUS,2013,Gamma Cluster,1290988.0,22668609990.0,17559.11750535249,4.067,3.15,2.588,1.671,2.396,,0.0,0.557,0.194,4.067
Mauritius,MUS,2014,Gamma Cluster,1292006.0,23536142578.0,18216.744022860574,4.206,3.256,3.423,1.735,2.471,,0.0,0.562,0.214,4.206
Mauritius,MUS,2015,Gamma Cluster,1292283.0,24404852680.0,18885.068270649695,4.21,3.258,0.087,1.685,2.524,,0.0,0.563,0.195,4.209
Mauritius,MUS,2016,Gamma Cluster,1291807.0,25347373765.0,19621.641441020216,4.342,3.361,3.133,1.715,2.627,,0.0,0.566,0.212,4.342
Mauritius,MUS,2017,Gamma Cluster,1290654.0,26345551590.0,20412.559516338228,4.54,3.517,4.557,1.788,2.752,,0.0,0.562,0.207,4.54
Mauritius,MUS,2018,Gamma Cluster,1288836.0,27401224769.0,21260.44335276172,4.455,3.457,-1.856,1.696,2.759,,0.0,0.565,0.202,4.455
Mauritius,MUS,2019,Gamma Cluster,1286269.0,28193387492.0,21918.733555733677,4.525,3.518,1.562,1.561,2.964,,0.0,0.567,0.207,4.525
Mauritius,MUS,2020,Gamma Cluster,1283231.0,24077716198.0,18763.352972301946,3.8,2.961,-16.032,1.552,2.248,,0.0,0.566,0.185,3.8000000000000003
Mauritius,MUS,2021,Gamma Cluster,1279628.0,24920195118.0,19474.562230585765,3.968,3.101,4.436,1.731,2.237,,0.0,0.566,0.191,3.968
Mauritius,MUS,2022,Gamma Cluster,1276134.0,26988574640.0,21148.699619318973,4.317,3.383,8.786,1.362,2.955,,0.0,0.568,0.192,4.317
Mauritius,MUS,2023,Gamma Cluster,1273591.0,,,4.588,3.602,6.275,1.575,3.013,,0.0,0.57,0.192,4.588
Mauritius,MUS,2024,Gamma Cluster,1271171.0,,,4.674,3.677,1.875,1.608,3.066,,0.0,0.57,0.186,4.6739999999999995
Mexico,MEX,1990,Gamma Cluster,82820170.0,823577476195.0,9944.165487646307,316.746,3.825,-2.002,15.895,235.642,52.923,10.439,112.01,37.114,314.89900000000006
Mexico,MEX,1991,Gamma Cluster,84430565.0,865148747123.0,10246.866725610565,329.831,3.907,4.131,15.51,246.535,55.268,10.649,112.828,36.392,327.962
Mexico,MEX,1992,Gamma Cluster,86044806.0,902108311201.0,10484.169273401581,332.453,3.864,0.795,14.81,248.717,55.612,11.425,112.49,36.296,330.564
Mexico,MEX,1993,Gamma Cluster,87653817.0,925343285645.0,10556.793957358412,337.722,3.853,1.585,18.203,249.797,55.066,12.044,115.812,36.85,335.11
Mexico,MEX,1994,Gamma Cluster,89259202.0,972991932169.0,10900.746481791311,351.534,3.938,4.09,20.247,258.052,56.902,13.526,116.01,37.602,348.72700000000003
Mexico,MEX,1995,Gamma Cluster,90862449.0,916478942218.0,10086.443325096818,330.905,3.642,-5.868,22.266,237.244,56.92,10.796,117.579,37.004,327.226
Mexico,MEX,1996,Gamma Cluster,92452700.0,971219776949.0,10505.045033287292,341.544,3.694,3.215,25.194,236.845,62.746,12.052,119.531,37.92,336.837
Mexico,MEX,1997,Gamma Cluster,94021204.0,1045710706219.0,11122.073125323943,362.466,3.855,6.126,25.575,252.204,65.772,12.689,125.217,38.292,356.24
Mexico,MEX,1998,Gamma Cluster,95575242.0,1105636637948.0,11568.232680467605,381.102,3.987,5.141,26.267,264.274,71.088,13.206,127.374,40.266,374.83500000000004
Mexico,MEX,1999,Gamma Cluster,97115710.0,1156619631372.0,11909.70679586238,386.036,3.975,1.295,26.0,271.403,69.803,13.671,124.061,39.984,380.877
Mexico,MEX,2000,Gamma Cluster,98625553.0,1241194674661.0,12584.919799243104,391.435,3.969,1.399,26.696,263.874,81.202,14.281,126.288,38.352,386.05300000000005
Mexico,MEX,2001,Gamma Cluster,100099101.0,1251502726420.0,12502.637025880982,407.485,4.071,4.1,30.638,275.577,82.887,13.813,124.883,38.406,402.91499999999996
Mexico,MEX,2002,Gamma Cluster,101548627.0,1275458026881.0,12560.071608658973,410.301,4.04,0.691,34.701,265.359,92.171,14.343,125.145,36.844,406.574
Mexico,MEX,2003,Gamma Cluster,102978517.0,1306677417369.0,12688.835064200817,435.969,4.234,6.256,42.458,273.195,101.903,14.439,128.239,38.012,431.99500000000006
Mexico,MEX,2004,Gamma Cluster,104394131.0,1373060298988.0,13152.657968751137,438.588,4.201,0.601,37.882,276.736,105.647,15.135,127.414,36.96,435.4
Mexico,MEX,2005,Gamma Cluster,105811504.0,1427140428046.0,13487.573412112166,463.436,4.38,5.665,46.811,291.123,105.516,16.462,129.146,39.098,459.912
Mexico,MEX,2006,Gamma Cluster,107253666.0,1510732401129.0,14085.601522739558,474.523,4.424,2.392,50.289,284.691,117.938,17.593,132.226,38.161,470.51099999999997
Mexico,MEX,2007,Gamma Cluster,108774356.0,1572479287017.0,14456.341961859098,473.595,4.354,-0.195,45.84,286.649,117.274,18.82,134.533,39.154,468.583
Mexico,MEX,2008,Gamma Cluster,110374286.0,1607479004533.0,14563.890402271776,472.981,4.285,-0.13,40.784,288.397,118.567,18.512,138.096,38.463,466.26
Mexico,MEX,2009,Gamma Cluster,111999720.0,1543820957956.0,13784.150156411106,460.29,4.11,-2.683,40.813,272.739,123.432,17.739,136.687,38.499,454.72299999999996
Mexico,MEX,2010,Gamma Cluster,113623898.0,1638271507559.0,14418.370927205824,456.409,4.017,-0.843,51.054,259.679,124.122,16.857,136.679,38.654,451.712
Mexico,MEX,2011,Gamma Cluster,115243503.0,1716088331953.0,14890.97682107945,483.302,4.194,5.892,56.041,272.512,130.707,17.668,139.773,41.0,476.928
Mexico,MEX,2012,Gamma Cluster,116818208.0,1774999946047.0,15194.548661857576,501.492,4.293,3.764,49.226,290.158,135.727,18.331,137.234,40.136,493.442
Mexico,MEX,2013,Gamma Cluster,118343572.0,1803059285337.0,15235.802459444101,495.412,4.186,-1.213,49.977,277.692,142.276,17.367,138.822,41.301,487.312
Mexico,MEX,2014,Gamma Cluster,119784265.0,1854551091374.0,15482.42660564808,484.045,4.041,-2.294,48.944,269.275,138.503,18.19,139.134,40.862,474.912
Mexico,MEX,2015,Gamma Cluster,121072310.0,1916008739051.0,15825.325700409945,479.434,3.96,-0.953,44.114,258.874,147.977,19.074,140.263,39.588,470.03900000000004
Mexico,MEX,2016,Gamma Cluster,122251344.0,1961906742138.0,16048.140478013886,478.828,3.917,-0.126,47.621,251.592,151.455,19.637,141.776,42.311,470.305
Mexico,MEX,2017,Gamma Cluster,123400052.0,2007719438156.0,16270.004798344817,464.407,3.763,-3.012,48.533,245.838,143.25,19.662,142.684,42.663,457.28299999999996
Mexico,MEX,2018,Gamma Cluster,124573713.0,2051539127317.0,16468.475394299276,468.421,3.76,0.864,47.317,228.846,165.521,19.376,143.368,41.873,461.05999999999995
Mexico,MEX,2019,Gamma Cluster,125762978.0,2047701179708.0,16282.225598283781,468.236,3.723,-0.039,45.272,238.024,157.099,19.411,144.505,42.112,459.806
Mexico,MEX,2020,Gamma Cluster,126799053.0,1880176557054.0,14828.001570753057,428.937,3.383,-8.393,33.705,204.103,160.949,19.338,146.363,41.729,418.095
Mexico,MEX,2021,Gamma Cluster,127648151.0,1973141022977.0,15457.654556837255,446.838,3.501,4.173,29.22,219.979,165.84,19.561,146.594,41.221,434.59999999999997
Mexico,MEX,2022,Gamma Cluster,128613116.0,2033437602787.0,15810.499473374084,453.799,3.528,1.558,34.75,229.839,159.765,18.79,148.504,40.045,443.144
Mexico,MEX,2023,Gamma Cluster,129739761.0,,,458.254,3.532,0.982,39.6,217.452,172.077,18.802,150.455,40.373,447.93100000000004
Mexico,MEX,2024,Gamma Cluster,130861001.0,,,460.988,3.523,0.597,40.178,219.371,171.627,19.048,151.802,39.548,450.224
Micronesia (country),FSM,1992,Gamma Cluster,104823.0,,,0.136,1.293,,,0.136,,0.0,0.046,0.012,0.136
Micronesia (country),FSM,1993,Gamma Cluster,107082.0,,,0.143,1.334,5.405,,0.143,,0.0,0.046,0.012,0.143
Micronesia (country),FSM,1994,Gamma Cluster,109090.0,,,0.154,1.411,7.692,,0.154,,0.0,0.046,0.012,0.154
Micronesia (country),FSM,1995,Gamma Cluster,110244.0,,,0.176,1.595,14.286,,0.176,,0.0,0.047,0.013,0.176
Micronesia (country),FSM,1996,Gamma Cluster,110723.0,,,0.183,1.655,4.167,,0.183,,0.0,0.047,0.013,0.183
Micronesia (country),FSM,1997,Gamma Cluster,111088.0,,,0.194,1.748,6.0,,0.194,,0.0,0.047,0.013,0.194
Micronesia (country),FSM,1998,Gamma Cluster,111394.0,,,0.205,1.842,5.66,,0.205,,0.0,0.047,0.013,0.205
Micronesia (country),FSM,1999,Gamma Cluster,111693.0,,,0.191,1.706,-7.143,,0.191,,0.0,0.047,0.013,0.191
Micronesia (country),FSM,2000,Gamma Cluster,112067.0,,,0.18,1.602,-5.769,,0.18,,0.0,0.047,0.013,0.18
Micronesia (country),FSM,2001,Gamma Cluster,112378.0,,,0.165,1.467,-8.163,,0.165,,0.0,0.047,0.013,0.165
Micronesia (country),FSM,2002,Gamma Cluster,112464.0,,,0.15,1.336,-8.889,,0.15,,0.0,0.047,0.013,0.15
Micronesia (country),FSM,2003,Gamma Cluster,112298.0,,,0.161,1.436,7.317,,0.161,,0.0,0.047,0.013,0.161
Micronesia (country),FSM,2004,Gamma Cluster,111939.0,,,0.143,1.277,-11.364,,0.143,,0.0,0.047,0.013,0.143
Micronesia (country),FSM,2005,Gamma Cluster,111420.0,,,0.114,1.019,-20.513,,0.114,,0.0,0.047,0.013,0.114
Micronesia (country),FSM,2006,Gamma Cluster,110739.0,,,0.114,1.026,0.0,,0.114,,0.0,0.047,0.013,0.114
Micronesia (country),FSM,2007,Gamma Cluster,109896.0,,,0.128,1.167,12.903,,0.128,,0.0,0.047,0.013,0.128
Micronesia (country),FSM,2008,Gamma Cluster,108947.0,,,0.114,1.043,-11.429,,0.114,,0.0,0.047,0.013,0.114
Micronesia (country),FSM,2009,Gamma Cluster,107968.0,,,0.147,1.357,29.032,,0.147,,0.0,0.049,0.014,0.147
Micronesia (country),FSM,2010,Gamma Cluster,107559.0,,,0.103,0.954,-30.0,,0.103,,0.0,0.049,0.014,0.103
Micronesia (country),FSM,2011,Gamma Cluster,107712.0,,,0.117,1.089,14.286,,0.117,,0.0,0.052,0.015,0.117
Micronesia (country),FSM,2012,Gamma Cluster,107908.0,,,0.128,1.188,9.375,,0.128,,0.0,0.052,0.015,0.128
Micronesia (country),FSM,2013,Gamma Cluster,108133.0,,,0.136,1.254,5.714,,0.136,,0.0,0.054,0.015,0.136
Micronesia (country),FSM,2014,Gamma Cluster,108407.0,,,0.139,1.284,2.703,,0.139,,0.0,0.055,0.015,0.139
Micronesia (country),FSM,2015,Gamma Cluster,108727.0,,,0.143,1.314,2.632,,0.143,,0.0,0.055,0.015,0.143
Micronesia (country),FSM,2016,Gamma Cluster,109088.0,,,0.143,1.31,0.0,,0.143,,0.0,0.056,0.016,0.143
Micronesia (country),FSM,2017,Gamma Cluster,109495.0,,,0.143,1.305,0.0,,0.143,,0.0,0.056,0.015,0.143
Micronesia (country),FSM,2018,Gamma Cluster,109925.0,,,0.143,1.3,0.0,,0.143,,0.0,0.056,0.015,0.143
Micronesia (country),FSM,2019,Gamma Cluster,110293.0,,,0.143,1.296,0.0,,0.143,,0.0,0.058,0.016,0.143
Micronesia (country),FSM,2020,Gamma Cluster,110930.0,,,0.143,1.288,0.0,,0.143,,0.0,0.057,0.016,0.143
Micronesia (country),FSM,2021,Gamma Cluster,111635.0,,,0.143,1.28,0.0,,0.143,,0.0,0.058,0.016,0.143
Micronesia (country),FSM,2022,Gamma Cluster,112122.0,,,0.145,1.291,1.277,,0.145,,0.0,0.059,0.016,0.145
Micronesia (country),FSM,2023,Gamma Cluster,112646.0,,,0.144,1.279,-0.473,,0.144,,0.0,0.059,0.016,0.144
Micronesia (country),FSM,2024,Gamma Cluster,113171.0,,,0.151,1.331,4.575,,0.151,,0.0,0.059,0.016,0.151
Moldova,MDA,1990,Gamma Cluster,4451150.0,43214990000.0,9708.724711591387,36.505,8.201,-4.289,7.453,19.467,8.446,0.972,4.374,2.124,36.338
Moldova,MDA,1991,Gamma Cluster,4456609.0,35018363780.0,7857.625333521518,29.618,6.646,-18.867,6.484,15.079,6.997,0.901,4.219,1.95,29.461000000000002
Moldova,MDA,1992,Gamma Cluster,4455714.0,24417045830.0,5479.940101631299,20.978,4.708,-29.171,4.011,9.499,6.993,0.474,3.609,1.534,20.977
Moldova,MDA,1993,Gamma Cluster,4448241.0,23693282988.0,5326.438695205588,15.846,3.562,-24.465,3.836,6.386,5.218,0.406,3.214,1.497,15.846
Moldova,MDA,1994,Gamma Cluster,4434457.0,16084200840.0,3627.0959082476165,12.427,2.802,-21.576,3.697,3.378,5.023,0.328,3.535,1.424,12.425999999999998
Moldova,MDA,1995,Gamma Cluster,4414216.0,15569831884.0,3527.202086168869,11.405,2.584,-8.22,2.246,3.052,5.859,0.249,3.405,1.435,11.406
Moldova,MDA,1996,Gamma Cluster,4387653.0,14391438093.0,3279.9854712758734,11.687,2.664,2.47,1.982,2.81,6.701,0.193,3.298,1.355,11.685999999999998
Moldova,MDA,1997,Gamma Cluster,4355537.0,14366532241.0,3298.4525768005187,7.301,1.676,-37.526,0.997,2.568,3.466,0.27,2.945,1.039,7.301
Moldova,MDA,1998,Gamma Cluster,4318713.0,13191426007.0,3054.4808156967133,6.444,1.492,-11.744,0.983,2.126,3.12,0.215,2.631,0.874,6.444
Moldova,MDA,1999,Gamma Cluster,4278220.0,12519934662.0,2926.435447919929,4.685,1.095,-27.302,0.447,1.419,2.607,0.211,2.524,0.796,4.684000000000001
Moldova,MDA,2000,Gamma Cluster,4234969.0,12554043876.0,2964.3768055917294,3.573,0.844,-23.729,0.366,1.282,1.751,0.173,2.399,0.755,3.572
Moldova,MDA,2001,Gamma Cluster,4189769.0,13087722618.0,3123.7336993996564,3.787,0.904,5.979,0.26,1.433,1.92,0.174,2.269,0.903,3.787
Moldova,MDA,2002,Gamma Cluster,4142937.0,13857813762.0,3344.925052444679,4.052,0.978,7.002,0.278,1.63,1.924,0.219,2.378,0.837,4.051
Moldova,MDA,2003,Gamma Cluster,4095418.0,14513550202.0,3543.8507624862714,4.404,1.075,8.701,0.337,1.766,2.056,0.246,2.435,0.804,4.405000000000001
Moldova,MDA,2004,Gamma Cluster,4046672.0,15302841155.0,3781.58673472918,4.613,1.14,4.749,0.319,1.909,2.103,0.283,2.345,0.838,4.614000000000001
Moldova,MDA,2005,Gamma Cluster,3988668.0,16157452511.0,4050.8391550763313,4.938,1.238,7.026,0.286,1.921,2.365,0.365,2.237,0.819,4.937
Moldova,MDA,2006,Gamma Cluster,3921320.0,16628252777.0,4240.473304142482,5.03,1.283,1.867,0.344,1.869,2.36,0.457,2.2,0.788,5.03
Moldova,MDA,2007,Gamma Cluster,3851397.0,16819758019.0,4367.183652840775,4.979,1.293,-1.018,0.169,1.931,2.176,0.703,2.166,0.785,4.979
Moldova,MDA,2008,Gamma Cluster,3779503.0,17815141666.0,4713.620194507055,5.19,1.373,4.255,0.326,2.034,2.041,0.79,1.948,0.808,5.191
Moldova,MDA,2009,Gamma Cluster,3706212.0,16449234621.0,4438.287561801645,4.54,1.225,-12.54,0.348,1.975,1.876,0.341,1.917,0.706,4.54
Moldova,MDA,2010,Gamma Cluster,3631990.0,17299250407.0,4763.022587341926,4.831,1.33,6.419,0.326,2.173,1.982,0.35,2.122,0.793,4.8309999999999995
Moldova,MDA,2011,Gamma Cluster,3557278.0,18145357193.0,5100.910638133989,4.945,1.39,2.361,0.333,2.268,1.916,0.427,2.145,0.855,4.943999999999999
Moldova,MDA,2012,Gamma Cluster,3482629.0,18038303680.0,5179.507688013854,4.766,1.368,-3.626,0.414,2.085,1.825,0.442,2.099,0.789,4.766
Moldova,MDA,2013,Gamma Cluster,3408741.0,19669685322.0,5770.366631551063,4.899,1.437,2.805,0.553,2.147,1.722,0.477,2.076,0.91,4.899
Moldova,MDA,2014,Gamma Cluster,3342715.0,20653170404.0,6178.561559690252,4.755,1.423,-2.943,0.363,2.176,1.751,0.465,2.095,0.963,4.755
Moldova,MDA,2015,Gamma Cluster,3287168.0,20583362405.0,6261.731193842237,4.785,1.456,0.629,0.37,2.29,1.682,0.443,2.069,0.898,4.785
Moldova,MDA,2016,Gamma Cluster,3237798.0,21490882450.0,6637.499451787912,4.907,1.516,2.555,0.282,2.464,1.727,0.434,2.073,1.009,4.907
Moldova,MDA,2017,Gamma Cluster,3193500.0,22393497127.0,7012.211406607171,5.09,1.594,3.731,0.403,2.554,1.726,0.408,2.126,1.052,5.091
Moldova,MDA,2018,Gamma Cluster,3153779.0,23311634910.0,7391.651383942883,5.351,1.697,5.124,0.293,2.667,1.876,0.515,2.085,1.148,5.351
Moldova,MDA,2019,Gamma Cluster,3112561.0,24150849841.0,7759.157118848434,5.378,1.728,0.507,0.367,2.75,1.734,0.528,1.985,1.056,5.379
Moldova,MDA,2020,Gamma Cluster,3069135.0,22146328756.0,7215.820990604845,5.113,1.666,-4.931,0.286,2.59,1.766,0.471,1.983,0.972,5.1129999999999995
Moldova,MDA,2021,Gamma Cluster,3023780.0,25234640526.0,8345.395672304203,5.76,1.905,12.652,0.337,2.891,2.019,0.513,1.998,1.129,5.76
Moldova,MDA,2022,Gamma Cluster,3039986.0,23827554273.0,7838.047370283942,5.173,1.702,-10.183,0.236,3.089,1.44,0.409,2.02,0.961,5.174
Moldova,MDA,2023,Gamma Cluster,3067072.0,,,5.329,1.738,3.012,0.217,3.174,1.36,0.578,2.069,1.035,5.329000000000001
Moldova,MDA,2024,Gamma Cluster,3034967.0,,,5.327,1.755,-0.046,0.246,3.139,1.363,0.578,2.072,1.015,5.326
Mongolia,MNG,1990,Gamma Cluster,2164578.0,4502883000.0,2080.259062043502,9.791,4.523,-6.386,7.306,2.356,,0.129,10.029,8.378,9.790999999999999
Mongolia,MNG,1991,Gamma Cluster,2202772.0,4287970064.0,1946.6245548790341,11.96,5.429,22.15,10.171,1.704,,0.085,11.134,8.536,11.96
Mongolia,MNG,1992,Gamma Cluster,2239130.0,4068637517.0,1817.0617681867511,10.943,4.887,-8.505,9.194,1.7,,0.05,10.763,8.45,10.944
Mongolia,MNG,1993,Gamma Cluster,2273515.0,4139237763.0,1820.633584119744,9.193,4.044,-15.989,7.592,1.575,,0.026,10.404,8.409,9.193
Mongolia,MNG,1994,Gamma Cluster,2305743.0,4442844414.0,1926.8601982094276,7.865,3.411,-14.448,6.8,1.033,,0.031,10.131,8.296,7.864
Mongolia,MNG,1995,Gamma Cluster,2335717.0,4952892782.0,2120.5020907926773,7.837,3.355,-0.352,6.841,0.956,,0.04,10.832,8.587,7.837000000000001
Mongolia,MNG,1996,Gamma Cluster,2363469.0,5318281056.0,2250.201316793239,7.935,3.358,1.255,6.83,1.066,,0.039,10.842,8.832,7.935
Mongolia,MNG,1997,Gamma Cluster,2389133.0,5799570113.0,2427.4789695676213,7.615,3.187,-4.036,6.525,1.048,,0.042,11.398,9.235,7.615
Mongolia,MNG,1998,Gamma Cluster,2412793.0,6297035099.0,2609.8530205450697,7.622,3.159,0.084,6.434,1.147,,0.041,11.717,9.28,7.622000000000001
Mongolia,MNG,1999,Gamma Cluster,2434041.0,6816929799.0,2800.6635052573065,7.488,3.076,-1.757,6.298,1.15,,0.039,12.205,9.433,7.487
Mongolia,MNG,2000,Gamma Cluster,2455182.0,7225650413.0,2943.0202783337445,7.432,3.027,-0.744,6.137,1.261,,0.034,12.403,9.636,7.4319999999999995
Mongolia,MNG,2001,Gamma Cluster,2477704.0,7799420655.0,3147.841975877667,7.804,3.15,5.007,6.356,1.422,,0.025,10.663,8.798,7.803
Mongolia,MNG,2002,Gamma Cluster,2500074.0,8569503317.0,3427.69986688394,8.197,3.279,5.031,6.775,1.367,,0.055,8.713,8.188,8.197
Mongolia,MNG,2003,Gamma Cluster,2521809.0,9616040556.0,3813.1518112592985,7.935,3.146,-3.196,6.383,1.491,,0.061,8.756,8.251,7.9350000000000005
Mongolia,MNG,2004,Gamma Cluster,2542801.0,11156311740.0,4387.4104737256275,8.501,3.343,7.14,6.793,1.652,,0.056,8.387,8.136,8.501
Mongolia,MNG,2005,Gamma Cluster,2563466.0,12547451302.0,4894.7211712579765,8.515,3.322,0.165,6.811,1.63,,0.073,10.891,8.525,8.514
Mongolia,MNG,2006,Gamma Cluster,2584761.0,14288905306.0,5528.1340541736745,9.281,3.591,8.997,7.372,1.821,,0.088,12.282,9.098,9.280999999999999
Mongolia,MNG,2007,Gamma Cluster,2607976.0,16520107221.0,6334.455233100304,11.958,4.585,28.84,9.57,2.275,,0.112,14.136,9.845,11.957
Mongolia,MNG,2008,Gamma Cluster,2634431.0,18865759800.0,7161.227528828806,11.918,4.524,-0.335,9.337,2.458,,0.123,14.555,9.904,11.918
Mongolia,MNG,2009,Gamma Cluster,2665333.0,19534582355.0,7329.133866199833,13.03,4.889,9.333,10.648,2.283,,0.1,17.042,9.913,13.030999999999999
Mongolia,MNG,2010,Gamma Cluster,2701739.0,21791068014.0,8065.5711058692195,13.772,5.098,5.697,11.18,2.421,,0.172,19.991,8.728,13.773
Mongolia,MNG,2011,Gamma Cluster,2745183.0,26811268000.0,9766.659636169974,21.368,7.784,55.15,18.206,3.005,,0.157,23.952,9.921,21.368
Mongolia,MNG,2012,Gamma Cluster,2795463.0,30114910000.0,10772.780752240327,34.996,12.519,63.78,31.394,3.433,,0.157,23.389,10.634,34.983999999999995
Mongolia,MNG,2013,Gamma Cluster,2851887.0,33619040000.0,11788.349257877328,43.478,15.245,24.236,39.791,3.576,,0.096,23.56,10.941,43.462999999999994
Mongolia,MNG,2014,Gamma Cluster,2913041.0,36271699000.0,12451.489354252137,29.63,10.171,-31.851,26.014,3.408,,0.182,25.793,11.858,29.604
Mongolia,MNG,2015,Gamma Cluster,2976528.0,37107214000.0,12466.610090682836,23.279,7.821,-21.435,19.694,3.367,,0.182,25.045,12.541,23.243
Mongolia,MNG,2016,Gamma Cluster,3040815.0,37322351698.0,12273.798865764606,25.629,8.428,10.097,22.533,2.888,,0.192,31.074,12.97,25.613
Mongolia,MNG,2017,Gamma Cluster,3104371.0,39053686549.0,12580.225285251021,34.139,10.997,33.204,30.074,3.759,,0.3,35.462,13.495,34.132999999999996
Mongolia,MNG,2018,Gamma Cluster,3167714.0,41646694213.0,13147.239369778963,45.319,14.307,32.749,40.945,3.957,,0.414,36.596,13.478,45.316
Mongolia,MNG,2019,Gamma Cluster,3232118.0,43979841080.0,13607.12730166411,47.119,14.578,3.971,41.638,4.994,,0.487,38.861,13.929,47.119
Mongolia,MNG,2020,Gamma Cluster,3290786.0,41975349786.0,12755.417637609982,42.478,12.908,-9.851,36.992,4.961,,0.525,35.705,13.429,42.477999999999994
Mongolia,MNG,2021,Gamma Cluster,3339676.0,42662390805.0,12774.410093973187,35.972,10.771,-15.316,30.594,4.804,,0.574,34.901,13.679,35.972
Mongolia,MNG,2022,Gamma Cluster,3386015.0,44809463232.0,13233.687160866091,40.443,11.944,12.431,34.691,5.15,,0.603,33.188,14.354,40.444
Mongolia,MNG,2023,Gamma Cluster,3431938.0,,,44.184,12.874,9.249,38.456,5.125,,0.603,47.455,14.76,44.184000000000005
Mongolia,MNG,2024,Gamma Cluster,3475541.0,,,44.694,12.86,1.155,38.731,5.36,,0.603,42.423,14.806,44.694
Montenegro,MNE,1990,Gamma Cluster,620507.0,3852049384.0,6207.906412014691,2.209,3.56,-1.076,1.618,0.587,,,1.118,0.262,2.205
Montenegro,MNE,1991,Gamma Cluster,623564.0,3585538585.0,5750.073103963667,1.563,2.506,-29.25,1.031,0.529,,,1.058,0.251,1.56
Montenegro,MNE,1992,Gamma Cluster,626030.0,2862750332.0,4572.864450585435,1.671,2.67,6.931,1.345,0.326,,,0.944,0.209,1.671
Montenegro,MNE,1993,Gamma Cluster,628107.0,1856250947.0,2955.310077741531,1.458,2.321,-12.786,1.219,0.238,,,0.897,0.197,1.457
Montenegro,MNE,1994,Gamma Cluster,629890.0,1915098721.0,3040.370097953611,1.416,2.248,-2.848,1.199,0.217,,,0.86,0.199,1.4160000000000001
Montenegro,MNE,1995,Gamma Cluster,631386.0,2226638536.0,3526.5883880858937,1.496,2.369,5.624,1.265,0.231,,,0.926,0.218,1.496
Montenegro,MNE,1996,Gamma Cluster,632625.0,2909671906.0,4599.3628231574785,1.75,2.766,16.972,1.278,0.471,,,0.968,0.244,1.749
Montenegro,MNE,1997,Gamma Cluster,633539.0,3194862294.0,5042.8818020674335,1.881,2.969,7.522,1.252,0.629,,,0.961,0.254,1.881
Montenegro,MNE,1998,Gamma Cluster,634099.0,3442987998.0,5429.7325780359215,1.98,3.123,5.258,1.424,0.557,,,0.961,0.237,1.9809999999999999
Montenegro,MNE,1999,Gamma Cluster,634280.0,3205303470.0,5053.4518982152995,1.365,2.153,-31.04,1.092,0.274,,,0.865,0.217,1.366
Montenegro,MNE,2000,Gamma Cluster,634198.0,3766655741.0,5939.2425409730085,1.516,2.39,10.99,1.256,0.26,,,0.834,0.201,1.516
Montenegro,MNE,2001,Gamma Cluster,634001.0,4003584918.0,6314.79274953825,1.627,2.566,7.359,1.167,0.46,,,0.847,0.218,1.627
Montenegro,MNE,2002,Gamma Cluster,633767.0,4290323123.0,6769.55903825854,1.74,2.746,6.971,1.213,0.528,,,0.802,0.207,1.741
Montenegro,MNE,2003,Gamma Cluster,633563.0,4622735968.0,7296.4108825799485,1.863,2.941,7.055,1.278,0.586,,,0.77,0.197,1.8639999999999999
Montenegro,MNE,2004,Gamma Cluster,633756.0,5084311894.0,8022.506917488749,2.034,3.21,9.168,1.344,0.69,,,0.752,0.216,2.034
Montenegro,MNE,2005,Gamma Cluster,634059.0,5587145362.0,8811.712099347222,1.934,3.05,-4.911,1.134,0.801,,,0.686,0.203,1.935
Montenegro,MNE,2006,Gamma Cluster,633876.0,6395709656.0,10089.843527756217,2.063,3.254,6.652,1.257,0.806,,,0.708,0.2,2.0629999999999997
Montenegro,MNE,2007,Gamma Cluster,633388.0,7462959925.0,11782.603909452026,2.056,3.245,-0.355,1.024,1.031,,,0.737,0.212,2.0549999999999997
Montenegro,MNE,2008,Gamma Cluster,632855.0,8414771352.0,13296.523456399966,2.605,4.116,26.738,1.512,1.093,,,0.716,0.189,2.605
Montenegro,MNE,2009,Gamma Cluster,632445.0,8371377925.0,13236.531121283273,1.682,2.659,-35.443,0.817,0.865,,,0.689,0.181,1.682
Montenegro,MNE,2010,Gamma Cluster,632088.0,9033097807.0,14290.886406639582,2.422,3.832,44.009,1.623,0.799,,,0.695,0.18,2.422
Montenegro,MNE,2011,Gamma Cluster,632689.0,9801452189.0,15491.73794549929,2.407,3.805,-0.605,1.677,0.73,,,0.665,0.174,2.407
Montenegro,MNE,2012,Gamma Cluster,633546.0,9593079942.0,15141.883844267031,2.213,3.493,-8.067,1.506,0.707,,,0.66,0.18,2.213
Montenegro,MNE,2013,Gamma Cluster,633199.0,9985414363.0,15769.788586210654,2.151,3.397,-2.815,1.451,0.7,,,0.658,0.176,2.151
Montenegro,MNE,2014,Gamma Cluster,631377.0,10205667487.0,16164.142005489588,2.107,3.337,-2.044,1.418,0.689,,,0.656,0.174,2.1069999999999998
Montenegro,MNE,2015,Gamma Cluster,628145.0,10689584516.0,17017.702148389304,2.239,3.564,6.261,1.495,0.744,,,0.695,0.185,2.239
Montenegro,MNE,2016,Gamma Cluster,624246.0,10988665274.0,17603.100819228315,2.015,3.228,-9.984,1.183,0.832,,,0.701,0.186,2.015
Montenegro,MNE,2017,Gamma Cluster,620112.0,11487747356.0,18525.278265861652,2.103,3.392,4.364,1.202,0.901,,,0.71,0.191,2.1029999999999998
Montenegro,MNE,2018,Gamma Cluster,615798.0,12049855060.0,19567.869755991414,2.404,3.903,14.286,1.425,0.978,,,0.696,0.184,2.403
Montenegro,MNE,2019,Gamma Cluster,611671.0,12539436047.0,20500.29517011596,2.477,4.049,3.049,1.455,1.022,,,0.697,0.182,2.4770000000000003
Montenegro,MNE,2020,Gamma Cluster,607934.0,10620037519.0,17469.06328483026,2.404,3.954,-2.959,1.513,0.89,,,0.668,0.173,2.403
Montenegro,MNE,2021,Gamma Cluster,603854.0,12005261164.0,19881.06589341132,2.411,3.993,0.305,1.326,1.085,,,0.635,0.171,2.411
Montenegro,MNE,2022,Gamma Cluster,614649.0,12774399882.0,20783.243578042104,2.495,4.06,3.495,1.409,1.087,,,0.63,0.166,2.496
Montenegro,MNE,2023,Gamma Cluster,633553.0,,,2.407,3.799,-3.54,1.334,1.073,,,0.616,0.165,2.407
Montenegro,MNE,2024,Gamma Cluster,638481.0,,,2.376,3.722,-1.271,1.286,1.09,,,0.589,0.159,2.3760000000000003
Montserrat,MSR,1990,Gamma Cluster,10700.0,,,0.029,2.739,0.0,,0.029,,0.0,,,0.029
Montserrat,MSR,1991,Gamma Cluster,10464.0,,,0.029,2.801,0.0,,0.029,,0.0,,,0.029
Montserrat,MSR,1992,Gamma Cluster,10013.0,,,0.029,2.927,0.0,,0.029,,0.0,,,0.029
Montserrat,MSR,1993,Gamma Cluster,9454.0,,,0.029,3.1,0.0,,0.029,,0.0,,,0.029
Montserrat,MSR,1994,Gamma Cluster,8867.0,,,0.033,3.719,12.5,,0.033,,0.0,,,0.033
Montserrat,MSR,1995,Gamma Cluster,8257.0,,,0.033,3.994,0.0,,0.033,,0.0,,,0.033
Montserrat,MSR,1996,Gamma Cluster,7626.0,,,0.037,4.805,11.111,,0.037,,0.0,,,0.037
Montserrat,MSR,1997,Gamma Cluster,6979.0,,,0.033,4.725,-10.0,,0.033,,0.0,,,0.033
Montserrat,MSR,1998,Gamma Cluster,6321.0,,,0.029,4.637,-11.111,,0.029,,0.0,,,0.029
Montserrat,MSR,1999,Gamma Cluster,5685.0,,,0.037,6.445,25.0,,0.037,,0.0,,,0.037
Montserrat,MSR,2000,Gamma Cluster,5053.0,,,0.026,5.076,-30.0,,0.026,,0.0,,,0.026
Montserrat,MSR,2001,Gamma Cluster,4616.0,,,0.026,5.556,0.0,,0.026,,0.0,,,0.026
Montserrat,MSR,2002,Gamma Cluster,4500.0,,,0.044,9.771,71.429,,0.044,,0.0,,,0.044
Montserrat,MSR,2003,Gamma Cluster,4515.0,,,0.037,8.115,-16.667,,0.037,,0.0,,,0.037
Montserrat,MSR,2004,Gamma Cluster,4541.0,,,0.048,10.489,30.0,,0.048,,0.0,,,0.048
Montserrat,MSR,2005,Gamma Cluster,4574.0,,,0.04,8.812,-15.385,,0.04,,0.0,,,0.04
Montserrat,MSR,2006,Gamma Cluster,4606.0,,,0.04,8.75,0.0,,0.04,,0.0,,,0.04
Montserrat,MSR,2007,Gamma Cluster,4649.0,,,0.04,8.669,0.0,,0.04,,0.0,,,0.04
Montserrat,MSR,2008,Gamma Cluster,4700.0,,,0.044,9.355,9.091,,0.044,,0.0,,,0.044
Montserrat,MSR,2009,Gamma Cluster,4759.0,,,0.044,9.239,0.0,,0.044,,0.0,,,0.044
Montserrat,MSR,2010,Gamma Cluster,4819.0,,,0.059,12.165,33.333,,0.059,,0.0,,,0.059
Montserrat,MSR,2011,Gamma Cluster,4846.0,,,0.037,7.561,-37.5,,0.037,,0.0,,,0.037
Montserrat,MSR,2012,Gamma Cluster,4822.0,,,0.04,8.358,10.0,,0.04,,0.0,,,0.04
Montserrat,MSR,2013,Gamma Cluster,4774.0,,,0.051,10.745,27.273,,0.051,,0.0,,,0.051
Montserrat,MSR,2014,Gamma Cluster,4738.0,,,0.044,9.28,-14.286,,0.044,,0.0,,,0.044
Montserrat,MSR,2015,Gamma Cluster,4693.0,,,0.051,10.93,16.667,,0.051,,0.0,,,0.051
Montserrat,MSR,2016,Gamma Cluster,4665.0,,,0.029,6.283,-42.857,,0.029,,0.0,,,0.029
Montserrat,MSR,2017,Gamma Cluster,4624.0,,,0.026,5.547,-12.5,,0.026,,0.0,,,0.026
Montserrat,MSR,2018,Gamma Cluster,4595.0,,,0.029,6.379,14.286,,0.029,,0.0,,,0.029
Montserrat,MSR,2019,Gamma Cluster,4564.0,,,0.026,5.62,-12.5,,0.026,,0.0,,,0.026
Montserrat,MSR,2020,Gamma Cluster,4532.0,,,0.022,4.851,-14.286,,0.022,,0.0,,,0.022
Montserrat,MSR,2021,Gamma Cluster,4505.0,,,0.022,4.88,0.0,,0.022,,0.0,,,0.022
Montserrat,MSR,2022,Gamma Cluster,4476.0,,,0.026,5.73,16.667,,0.026,,0.0,,,0.026
Montserrat,MSR,2023,Gamma Cluster,4440.0,,,0.026,5.765,-0.203,,0.026,,0.0,,,0.026
Montserrat,MSR,2024,Gamma Cluster,4414.0,,,0.027,6.022,3.84,,0.027,,0.0,,,0.027
Morocco,MAR,1990,Gamma Cluster,24375558.0,102154759492.0,4190.868553327066,22.298,0.915,-1.6,4.221,16.125,0.11,1.842,16.084,6.007,22.298
Morocco,MAR,1991,Gamma Cluster,24799016.0,109740063063.0,4425.17812251099,23.688,0.955,6.234,4.874,16.227,0.073,2.514,16.396,5.86,23.688
Morocco,MAR,1992,Gamma Cluster,25212469.0,107664067531.0,4270.270695464216,24.737,0.981,4.427,4.184,17.76,0.048,2.745,16.436,5.398,24.737000000000002
Morocco,MAR,1993,Gamma Cluster,25614586.0,107072637645.0,4180.143206101398,26.782,1.046,8.269,4.763,19.24,0.048,2.732,15.768,5.192,26.782999999999998
Morocco,MAR,1994,Gamma Cluster,26000824.0,118651280111.0,4563.3661498958645,28.124,1.082,5.009,5.309,20.057,0.044,2.714,16.512,5.591,28.124
Morocco,MAR,1995,Gamma Cluster,26399431.0,112285412713.0,4253.327002123644,28.75,1.089,2.228,6.314,19.693,0.026,2.718,16.605,5.222,28.751
Morocco,MAR,1996,Gamma Cluster,26808109.0,126007526018.0,4700.351151884678,29.525,1.101,2.693,8.051,18.663,0.033,2.778,17.231,5.801,29.525
Morocco,MAR,1997,Gamma Cluster,27213340.0,123891488018.0,4552.601335154009,29.978,1.102,1.535,7.682,19.197,0.066,3.032,17.682,5.882,29.976999999999997
Morocco,MAR,1998,Gamma Cluster,27621638.0,132709015459.0,4804.530978901396,30.881,1.118,3.014,8.57,19.159,0.066,3.086,17.85,6.069,30.880999999999997
Morocco,MAR,1999,Gamma Cluster,28027188.0,134068868267.0,4783.529059961349,31.989,1.141,3.589,8.299,20.5,0.077,3.113,18.249,6.335,31.989
Morocco,MAR,2000,Gamma Cluster,28423439.0,136639290851.0,4807.275110200423,33.199,1.168,3.782,10.028,19.756,0.088,3.326,18.688,6.46,33.198
Morocco,MAR,2001,Gamma Cluster,28814646.0,146692867628.0,5090.913406605793,36.809,1.277,10.873,12.774,19.872,0.084,4.079,19.077,6.628,36.809000000000005
Morocco,MAR,2002,Gamma Cluster,29198146.0,151385794465.0,5184.774213575068,37.31,1.278,1.36,13.106,19.987,0.084,4.132,19.197,6.876,37.309
Morocco,MAR,2003,Gamma Cluster,29571415.0,160559931983.0,5429.565409129053,36.57,1.237,-1.982,12.234,20.071,0.081,4.184,19.674,6.895,36.57
Morocco,MAR,2004,Gamma Cluster,29953021.0,168466885680.0,5624.370432618466,42.226,1.41,15.465,13.689,24.043,0.099,4.395,20.592,7.245,42.226
Morocco,MAR,2005,Gamma Cluster,30358145.0,174390745088.0,5744.446674459194,44.661,1.471,5.767,14.084,25.344,0.868,4.364,20.884,7.593,44.66
Morocco,MAR,2006,Gamma Cluster,30771179.0,188101125607.0,6112.89952871159,46.249,1.503,3.557,14.699,25.983,1.095,4.472,21.437,7.958,46.249
Morocco,MAR,2007,Gamma Cluster,31186468.0,195286744421.0,6261.906427524912,48.913,1.568,5.759,15.078,27.588,1.242,5.004,21.792,7.452,48.91199999999999
Morocco,MAR,2008,Gamma Cluster,31606769.0,207385199268.0,6561.417247931922,51.372,1.625,5.029,14.122,30.681,1.114,5.455,22.089,7.54,51.37199999999999
Morocco,MAR,2009,Gamma Cluster,32030779.0,216763299753.0,6767.343989760599,50.86,1.588,-0.998,13.168,30.884,1.209,5.598,22.461,7.457,50.859
Morocco,MAR,2010,Gamma Cluster,32467009.0,225643836837.0,6949.942227108139,54.365,1.674,6.892,13.223,34.478,1.304,5.359,23.14,7.641,54.364000000000004
Morocco,MAR,2011,Gamma Cluster,32912585.0,238103276789.0,7234.414336917018,54.868,1.667,0.924,11.465,36.574,1.638,5.191,24.026,8.018,54.868
Morocco,MAR,2012,Gamma Cluster,33355246.0,245270189355.0,7353.271786842765,56.954,1.707,3.802,11.462,37.258,2.396,5.838,24.495,7.635,56.954
Morocco,MAR,2013,Gamma Cluster,33787573.0,256393198875.0,7588.387567079766,56.606,1.675,-0.609,11.212,36.973,2.349,6.073,25.18,8.352,56.607000000000006
Morocco,MAR,2014,Gamma Cluster,34204784.0,263251716082.0,7696.342011164286,57.175,1.672,1.004,15.3,34.458,2.246,5.171,25.586,8.286,57.175
Morocco,MAR,2015,Gamma Cluster,34607590.0,274689990243.0,7937.275905169935,58.499,1.69,2.316,16.847,34.079,2.323,5.25,26.133,8.689,58.499
Morocco,MAR,2016,Gamma Cluster,35023459.0,276121131010.0,7883.890937499919,58.457,1.669,-0.071,16.235,34.654,2.363,5.205,26.573,7.563,58.457
Morocco,MAR,2017,Gamma Cluster,35446395.0,290087315215.0,8183.831253220532,61.104,1.724,4.527,16.875,36.828,2.345,5.055,27.116,8.887,61.103
Morocco,MAR,2018,Gamma Cluster,35839760.0,298981397583.0,8342.17075066909,62.315,1.739,1.982,19.519,35.792,2.114,4.889,27.724,8.824,62.314
Morocco,MAR,2019,Gamma Cluster,36210907.0,307624970074.0,8495.367709900223,68.743,1.898,10.316,25.263,36.479,2.004,4.997,28.321,8.562,68.743
Morocco,MAR,2020,Gamma Cluster,36584208.0,285515953096.0,7804.349710016956,64.542,1.764,-6.112,25.355,33.152,1.557,4.478,28.679,8.5,64.542
Morocco,MAR,2021,Gamma Cluster,36954443.0,308157391278.0,8338.845515219915,70.275,1.902,8.883,26.592,36.986,1.557,5.14,29.259,9.119,70.27499999999999
Morocco,MAR,2022,Gamma Cluster,37329068.0,311654947615.0,8348.854239141465,69.779,1.869,-0.706,26.936,37.812,0.438,4.593,29.439,8.533,69.779
Morocco,MAR,2023,Gamma Cluster,37712516.0,,,68.961,1.829,-1.173,25.266,37.534,1.781,4.38,29.95,8.565,68.961
Morocco,MAR,2024,Gamma Cluster,38081176.0,,,69.062,1.814,0.147,22.983,39.902,1.798,4.38,30.335,8.667,69.063
Mozambique,MOZ,1990,Gamma Cluster,13094535.0,22495834078.0,1717.9559318448498,1.025,0.078,-0.885,0.154,0.839,,0.032,10.967,9.422,1.025
Mozambique,MOZ,1991,Gamma Cluster,13352091.0,22102096456.0,1655.3284767157443,0.941,0.071,-8.184,0.165,0.744,,0.033,10.879,9.237,0.9420000000000001
Mozambique,MOZ,1992,Gamma Cluster,13613314.0,19279761969.0,1416.2430962071396,1.027,0.075,9.107,0.158,0.857,0.0,0.012,10.991,9.248,1.027
Mozambique,MOZ,1993,Gamma Cluster,14051203.0,19284149798.0,1372.419841774402,1.14,0.081,11.012,0.158,0.974,0.0,0.008,11.119,9.115,1.14
Mozambique,MOZ,1994,Gamma Cluster,15033852.0,18783666165.0,1249.4247093160157,1.098,0.073,-3.709,0.158,0.916,0.0,0.024,11.175,9.645,1.098
Mozambique,MOZ,1995,Gamma Cluster,15960530.0,17625138412.0,1104.295309240984,1.131,0.071,3.0,0.15,0.956,0.0,0.024,11.271,9.724,1.13
Mozambique,MOZ,1996,Gamma Cluster,16492484.0,20572895284.0,1247.4103527400723,1.092,0.066,-3.462,0.066,0.953,0.0,0.073,11.276,9.636,1.0919999999999999
Mozambique,MOZ,1997,Gamma Cluster,16949988.0,20995038319.0,1238.64620547224,1.17,0.069,7.183,0.066,1.015,0.0,0.089,10.569,7.344,1.17
Mozambique,MOZ,1998,Gamma Cluster,17340463.0,21637918333.0,1247.8281769639023,1.112,0.064,-4.985,0.0,1.026,0.0,0.086,12.036,9.837,1.112
Mozambique,MOZ,1999,Gamma Cluster,17734499.0,21504902826.0,1212.6027820690058,1.168,0.066,5.077,0.0,1.081,0.0,0.087,11.62,8.9,1.168
Mozambique,MOZ,2000,Gamma Cluster,18129652.0,20141918616.0,1110.9931186765195,1.322,0.073,13.147,0.0,1.213,0.0,0.109,11.188,8.302,1.322
Mozambique,MOZ,2001,Gamma Cluster,18537735.0,20943673338.0,1129.7859926253127,1.554,0.084,17.554,0.0,1.444,0.004,0.107,11.826,9.748,1.555
Mozambique,MOZ,2002,Gamma Cluster,18958338.0,21025370393.0,1109.0302532321134,1.537,0.081,-1.09,0.0,1.337,0.004,0.197,13.272,10.158,1.538
Mozambique,MOZ,2003,Gamma Cluster,19392477.0,20673806269.0,1066.0735226861427,1.856,0.096,20.719,0.0,1.612,0.004,0.24,13.431,10.55,1.856
Mozambique,MOZ,2004,Gamma Cluster,19840312.0,20561725686.0,1036.361005109194,1.864,0.094,0.456,0.0,1.638,0.007,0.219,13.141,10.069,1.8639999999999999
Mozambique,MOZ,2005,Gamma Cluster,20304577.0,20658231192.0,1017.4174616885641,1.77,0.087,-5.058,0.0,1.436,0.139,0.194,14.407,10.975,1.769
Mozambique,MOZ,2006,Gamma Cluster,20787088.0,20951970966.0,1007.9319896081645,1.916,0.092,8.246,0.0,1.517,0.161,0.238,13.684,10.337,1.916
Mozambique,MOZ,2007,Gamma Cluster,21287638.0,20803537606.0,977.2590836991873,2.189,0.103,14.268,0.026,1.836,0.07,0.257,14.004,10.764,2.189
Mozambique,MOZ,2008,Gamma Cluster,21819037.0,20553356220.0,941.9919045923062,2.18,0.1,-0.415,0.026,1.751,0.117,0.286,14.142,11.735,2.1799999999999997
Mozambique,MOZ,2009,Gamma Cluster,22391751.0,20249940482.0,904.3482344011418,2.439,0.109,11.889,0.026,1.964,0.15,0.299,12.771,10.372,2.439
Mozambique,MOZ,2010,Gamma Cluster,22999234.0,20039610112.0,871.3164147988581,2.638,0.115,8.144,0.026,2.117,0.154,0.341,13.634,11.791,2.638
Mozambique,MOZ,2011,Gamma Cluster,23649045.0,19919625683.0,842.3014833368536,3.107,0.131,17.781,0.125,2.426,0.183,0.373,17.046,10.687,3.107
Mozambique,MOZ,2012,Gamma Cluster,24337849.0,21365393250.0,877.866949129317,3.052,0.125,-1.767,0.04,2.313,0.172,0.453,19.265,11.097,2.978
Mozambique,MOZ,2013,Gamma Cluster,25051613.0,22853277292.0,912.2477379799856,3.579,0.143,17.266,0.037,2.675,0.355,0.506,20.526,11.425,3.5729999999999995
Mozambique,MOZ,2014,Gamma Cluster,25788473.0,24544192952.0,951.7505341242966,8.118,0.315,126.856,0.821,5.364,1.326,0.586,21.027,11.334,8.097
Mozambique,MOZ,2015,Gamma Cluster,26547576.0,26194296097.0,986.6925740037433,6.731,0.254,-17.095,0.433,3.934,1.741,0.614,20.459,10.813,6.722
Mozambique,MOZ,2016,Gamma Cluster,27337107.0,27195969056.0,994.8371294738686,8.548,0.313,26.999,0.051,6.009,1.535,0.948,19.762,10.322,8.543000000000001
Mozambique,MOZ,2017,Gamma Cluster,28166397.0,28213368238.0,1001.6676338830274,6.905,0.245,-19.214,0.026,4.335,1.612,0.911,22.329,9.885,6.884
Mozambique,MOZ,2018,Gamma Cluster,29018647.0,29185036688.0,1005.7338885579331,7.01,0.242,1.517,0.062,4.388,1.617,0.93,25.877,11.199,6.997
Mozambique,MOZ,2019,Gamma Cluster,29884378.0,29860675429.0,999.2068574758357,7.097,0.237,1.246,0.044,4.276,1.729,1.046,22.871,10.82,7.095
Mozambique,MOZ,2020,Gamma Cluster,30783685.0,29502646219.0,958.3857884135704,6.34,0.206,-10.667,0.077,3.556,1.661,1.046,21.214,10.561,6.340000000000001
Mozambique,MOZ,2021,Gamma Cluster,31707798.0,30189464161.0,952.1148129239375,7.722,0.244,21.792,0.026,4.847,1.803,1.046,23.234,10.766,7.722
Mozambique,MOZ,2022,Gamma Cluster,32656242.0,31441725629.0,962.809058954181,9.296,0.285,20.379,0.033,5.206,2.145,1.085,25.724,12.429,8.469000000000001
Mozambique,MOZ,2023,Gamma Cluster,33635163.0,,,9.093,0.27,-2.176,0.038,5.308,2.21,1.085,26.055,12.163,8.641
Mozambique,MOZ,2024,Gamma Cluster,34631767.0,,,8.613,0.249,-5.288,0.039,5.402,1.941,1.085,27.083,12.715,8.466999999999999
Myanmar,MMR,1990,Gamma Cluster,39817253.0,49171474105.0,1234.9288411483333,4.236,0.106,-4.284,0.275,2.045,1.74,0.169,44.581,9.458,4.228999999999999
Myanmar,MMR,1991,Gamma Cluster,40394159.0,48063924892.0,1189.8731421045304,4.137,0.102,-2.321,0.289,2.019,1.641,0.18,43.807,9.566,4.1290000000000004
Myanmar,MMR,1992,Gamma Cluster,40950342.0,51891171124.0,1267.1730830477557,4.842,0.118,17.028,0.121,2.906,1.616,0.189,46.479,9.855,4.832000000000001
Myanmar,MMR,1993,Gamma Cluster,41502423.0,54198379043.0,1305.9087909879381,5.303,0.128,9.523,0.051,3.081,1.993,0.162,47.82,10.089,5.287
Myanmar,MMR,1994,Gamma Cluster,42055150.0,57338246186.0,1363.4060557624928,6.174,0.147,16.423,0.04,3.451,2.492,0.191,48.952,10.661,6.174
Myanmar,MMR,1995,Gamma Cluster,42605343.0,60452844316.0,1418.9028900905691,6.893,0.162,11.64,0.066,3.829,2.788,0.209,50.764,10.912,6.8919999999999995
Myanmar,MMR,1996,Gamma Cluster,43154858.0,63378625652.0,1468.632468956334,7.188,0.167,4.285,0.048,3.909,3.026,0.204,50.126,11.096,7.186999999999999
Myanmar,MMR,1997,Gamma Cluster,43708802.0,65935166316.0,1508.5100322813698,7.42,0.17,3.223,0.051,3.889,3.27,0.209,48.912,11.081,7.419
Myanmar,MMR,1998,Gamma Cluster,44257793.0,68698886620.0,1552.2438414405347,8.046,0.182,8.444,0.055,4.673,3.15,0.147,49.705,11.325,8.025
Myanmar,MMR,1999,Gamma Cluster,44787727.0,75075477916.0,1676.2511282610972,8.934,0.199,11.029,0.366,5.423,2.979,0.136,53.308,11.675,8.904
Myanmar,MMR,2000,Gamma Cluster,45290850.0,84093543935.0,1856.7446611180847,10.219,0.226,14.392,1.359,5.91,2.741,0.158,54.401,12.026,10.168
Myanmar,MMR,2001,Gamma Cluster,45771140.0,92175090616.0,2013.825537576735,8.856,0.193,-13.344,1.565,4.869,2.224,0.152,55.609,11.689,8.809999999999999
Myanmar,MMR,2002,Gamma Cluster,46232656.0,101591501239.0,2197.3970355283072,9.328,0.202,5.334,1.235,5.544,2.301,0.188,56.235,11.514,9.268
Myanmar,MMR,2003,Gamma Cluster,46667191.0,113781428684.0,2438.1460774872867,9.997,0.214,7.172,0.601,6.051,3.057,0.227,58.03,12.606,9.936
Myanmar,MMR,2004,Gamma Cluster,47068779.0,127115611447.0,2700.635413699599,12.565,0.267,25.691,0.729,6.41,5.157,0.206,59.752,13.749,12.501999999999999
Myanmar,MMR,2005,Gamma Cluster,47438362.0,142039114248.0,2994.182519371137,11.548,0.243,-8.099,0.586,5.247,5.456,0.214,62.453,13.296,11.503000000000002
Myanmar,MMR,2006,Gamma Cluster,47785141.0,158028614076.0,3307.0659784387785,12.817,0.268,10.992,0.952,5.458,6.135,0.223,66.098,13.75,12.768
Myanmar,MMR,2007,Gamma Cluster,48125047.0,174123352808.0,3618.144057251518,12.845,0.267,0.215,0.821,5.566,6.167,0.234,67.683,14.84,12.787999999999998
Myanmar,MMR,2008,Gamma Cluster,48390790.0,177512910900.0,3668.3201679493145,9.772,0.202,-23.922,0.649,5.163,3.649,0.258,68.598,14.339,9.719000000000001
Myanmar,MMR,2009,Gamma Cluster,48660458.0,183291522878.0,3766.7447124727023,10.211,0.21,4.49,0.608,3.867,5.425,0.256,69.534,15.278,10.155999999999999
Myanmar,MMR,2010,Gamma Cluster,49024376.0,189724140707.0,3869.9960343605394,13.125,0.268,28.541,1.231,7.495,4.141,0.204,70.542,15.784,13.071000000000002
Myanmar,MMR,2011,Gamma Cluster,49419825.0,197359087812.0,3993.520572199517,15.122,0.306,15.214,1.663,7.667,5.495,0.203,68.952,15.739,15.027999999999999
Myanmar,MMR,2012,Gamma Cluster,49837451.0,210159799971.0,4216.905073475768,11.826,0.237,-21.798,1.704,6.062,3.577,0.348,68.663,16.514,11.691
Myanmar,MMR,2013,Gamma Cluster,50262658.0,226760324221.0,4511.506817267801,12.715,0.253,7.519,1.143,6.782,4.203,0.429,69.486,17.119,12.557
Myanmar,MMR,2014,Gamma Cluster,50681635.0,245354667120.0,4841.096131172564,15.849,0.313,24.653,1.158,9.226,4.829,0.503,70.67,18.272,15.716000000000001
Myanmar,MMR,2015,Gamma Cluster,51089060.0,263690038660.0,5161.37972904571,21.88,0.428,38.049,0.923,9.622,10.849,0.377,72.279,18.322,21.770999999999997
Myanmar,MMR,2016,Gamma Cluster,51495701.0,280587266112.0,5448.751267838844,21.144,0.411,-3.363,1.125,10.897,8.079,0.962,73.467,18.67,21.063
Myanmar,MMR,2017,Gamma Cluster,51894939.0,296721043920.0,5717.726037215305,23.633,0.455,11.773,1.55,11.459,8.465,2.091,76.12,20.67,23.565
Myanmar,MMR,2018,Gamma Cluster,52272250.0,315726037240.0,6040.031512705116,34.017,0.651,43.935,3.25,20.888,8.116,1.717,58.391,13.814,33.971000000000004
Myanmar,MMR,2019,Gamma Cluster,52640718.0,337037542855.0,6402.601553706011,33.617,0.639,-1.176,3.931,19.716,7.98,1.946,58.05,14.541,33.573
Myanmar,MMR,2020,Gamma Cluster,53016525.0,347785669977.0,6559.948430739284,34.588,0.652,2.888,4.327,19.225,8.698,2.29,58.284,15.727,34.54
Myanmar,MMR,2021,Gamma Cluster,53387103.0,285399881185.0,5345.858178238291,29.285,0.549,-15.332,2.88,14.762,9.046,2.557,59.538,14.883,29.244999999999997
Myanmar,MMR,2022,Gamma Cluster,53756791.0,291025085135.0,5413.736194465179,31.639,0.589,8.038,2.924,16.577,9.023,3.091,58.693,13.107,31.615000000000002
Myanmar,MMR,2023,Gamma Cluster,54133800.0,,,31.793,0.587,0.488,3.241,16.498,8.942,3.091,55.395,12.378,31.772000000000002
Myanmar,MMR,2024,Gamma Cluster,54500086.0,,,31.603,0.58,-0.596,3.264,17.253,7.976,3.091,56.521,12.043,31.584
Namibia,NAM,1991,Gamma Cluster,1415689.0,7919428821.0,5594.045599704455,1.044,0.738,,0.04,1.004,,0.0,4.986,3.208,1.044
Namibia,NAM,1992,Gamma Cluster,1461324.0,8581727967.0,5872.570331425474,1.14,0.78,9.123,0.033,1.107,,0.0,4.893,3.148,1.14
Namibia,NAM,1993,Gamma Cluster,1508698.0,8429492929.0,5587.263275353981,1.374,0.911,20.579,0.238,1.136,,0.0,4.739,3.077,1.3739999999999999
Namibia,NAM,1994,Gamma Cluster,1556315.0,9059011736.0,5820.808599801454,1.557,1.001,13.332,0.264,1.293,,0.0,4.724,3.065,1.557
Namibia,NAM,1995,Gamma Cluster,1602181.0,9444539646.0,5894.801926873431,1.619,1.011,4.001,0.044,1.576,,0.0,4.702,3.047,1.62
Namibia,NAM,1996,Gamma Cluster,1646107.0,9761025681.0,5929.763788745203,1.718,1.044,6.109,0.037,1.682,,0.0,4.572,2.997,1.7189999999999999
Namibia,NAM,1997,Gamma Cluster,1689274.0,10187928589.0,6030.950922704073,1.814,1.074,5.546,0.029,1.784,,0.0,4.482,2.865,1.813
Namibia,NAM,1998,Gamma Cluster,1732747.0,10539117428.0,6082.317515482641,1.865,1.076,2.826,0.029,1.836,,0.0,4.824,3.133,1.865
Namibia,NAM,1999,Gamma Cluster,1776371.0,10909782994.0,6141.612869158526,1.74,0.98,-6.68,0.015,1.726,,0.0,4.874,3.121,1.7409999999999999
Namibia,NAM,2000,Gamma Cluster,1818650.0,11306497296.0,6216.972642344596,1.718,0.945,-1.263,0.037,1.682,,0.0,5.435,3.471,1.7189999999999999
Namibia,NAM,2001,Gamma Cluster,1857059.0,11455708939.0,6168.7372016721065,2.231,1.202,29.851,0.103,2.129,,0.0,5.084,3.175,2.232
Namibia,NAM,2002,Gamma Cluster,1889976.0,12021866961.0,6360.856942627843,1.971,1.043,-11.658,0.077,1.894,,0.0,4.61,2.791,1.9709999999999999
Namibia,NAM,2003,Gamma Cluster,1917469.0,12213390181.0,6369.537229024302,2.092,1.091,6.134,0.103,1.99,,0.0,4.874,2.999,2.093
Namibia,NAM,2004,Gamma Cluster,1942087.0,13656396271.0,7031.814883164348,2.239,1.153,7.005,0.117,2.121,,0.0,5.148,3.216,2.238
Namibia,NAM,2005,Gamma Cluster,1966581.0,14023333339.0,7130.819091102782,2.532,1.287,13.093,0.092,2.44,,0.0,5.672,3.351,2.532
Namibia,NAM,2006,Gamma Cluster,1991890.0,15035738461.0,7548.478310047241,2.524,1.267,-0.289,0.216,2.308,,0.0,6.22,4.155,2.524
Namibia,NAM,2007,Gamma Cluster,2018607.0,15866803390.0,7860.273639197724,2.327,1.153,-7.837,0.095,2.231,,0.0,5.824,3.771,2.326
Namibia,NAM,2008,Gamma Cluster,2047059.0,16311345821.0,7968.1854900127455,2.858,1.396,22.835,0.275,2.583,,0.0,4.967,2.842,2.858
Namibia,NAM,2009,Gamma Cluster,2077400.0,16383138236.0,7886.366725714835,2.66,1.28,-6.923,0.187,2.473,,0.0,6.507,4.279,2.6599999999999997
Namibia,NAM,2010,Gamma Cluster,2109815.0,17398594185.0,8246.5022691563,2.788,1.322,4.821,0.191,2.598,,0.0,6.077,3.928,2.7889999999999997
Namibia,NAM,2011,Gamma Cluster,2146331.0,18309342330.0,8530.53062645044,2.786,1.298,-0.099,0.132,2.506,,0.148,8.671,6.352,2.786
Namibia,NAM,2012,Gamma Cluster,2194656.0,19236166518.0,8765.003042845894,3.194,1.455,14.666,0.158,2.814,,0.223,9.501,6.927,3.195
Namibia,NAM,2013,Gamma Cluster,2252505.0,20316276333.0,9019.414533153089,3.004,1.334,-5.959,0.132,2.601,,0.27,5.484,3.393,3.003
Namibia,NAM,2014,Gamma Cluster,2312143.0,21554146363.0,9322.151079323381,3.099,1.34,3.176,0.062,2.734,,0.303,5.085,2.88,3.0989999999999998
Namibia,NAM,2015,Gamma Cluster,2374305.0,22473214767.0,9465.176027090032,3.394,1.429,9.503,0.084,2.979,,0.33,5.028,2.865,3.3930000000000002
Namibia,NAM,2016,Gamma Cluster,2439219.0,22480856444.0,9216.415764226173,3.582,1.469,5.556,0.132,3.188,,0.263,5.376,3.077,3.583
Namibia,NAM,2017,Gamma Cluster,2506854.0,22249978012.0,8875.65770164517,3.59,1.432,0.207,0.154,3.03,,0.406,5.375,3.141,3.59
Namibia,NAM,2018,Gamma Cluster,2577327.0,22485828408.0,8724.476330710073,3.635,1.41,1.266,0.099,3.053,,0.484,4.872,2.763,3.636
Namibia,NAM,2019,Gamma Cluster,2650499.0,22297166631.0,8412.441065248468,3.73,1.407,2.615,0.132,3.078,,0.52,4.45,2.193,3.73
Namibia,NAM,2020,Gamma Cluster,2728760.0,20505368156.0,7514.537062988317,3.44,1.261,-7.765,0.146,2.826,,0.469,6.026,3.609,3.441
Namibia,NAM,2021,Gamma Cluster,2810552.0,21049990407.0,7489.628516746888,3.608,1.284,4.865,0.125,2.979,,0.504,6.601,3.938,3.608
Namibia,NAM,2022,Gamma Cluster,2889668.0,21858730428.0,7564.443537458283,3.414,1.181,-5.376,0.029,2.917,,0.468,5.606,2.924,3.4139999999999997
Namibia,NAM,2023,Gamma Cluster,2963102.0,,,3.443,1.162,0.844,0.028,2.947,,0.468,5.533,2.916,3.443
Namibia,NAM,2024,Gamma Cluster,3030127.0,,,3.469,1.145,0.768,0.029,2.972,,0.468,6.167,3.344,3.469
Nauru,NRU,1990,Gamma Cluster,9645.0,,,0.125,12.916,-20.93,,0.125,,0.0,0.002,0.0,0.125
Nauru,NRU,1991,Gamma Cluster,9873.0,,,0.125,12.618,0.0,,0.125,,0.0,0.002,0.0,0.125
Nauru,NRU,1992,Gamma Cluster,10042.0,,,0.121,12.041,-2.941,,0.121,,0.0,0.002,0.0,0.121
Nauru,NRU,1993,Gamma Cluster,10123.0,,,0.114,11.22,-6.061,,0.114,,0.0,0.002,0.0,0.114
Nauru,NRU,1994,Gamma Cluster,10163.0,,,0.11,10.816,-3.226,,0.11,,0.0,0.002,0.0,0.11
Nauru,NRU,1995,Gamma Cluster,10187.0,,,0.106,10.431,-3.333,,0.106,,0.0,0.002,0.0,0.106
Nauru,NRU,1996,Gamma Cluster,10206.0,,,0.103,10.052,-3.448,,0.103,,0.0,0.002,0.0,0.103
Nauru,NRU,1997,Gamma Cluster,10218.0,,,0.103,10.04,0.0,,0.103,,0.0,0.002,0.0,0.103
Nauru,NRU,1998,Gamma Cluster,10220.0,,,0.099,9.68,-3.571,,0.099,,0.0,0.002,0.0,0.099
Nauru,NRU,1999,Gamma Cluster,10207.0,,,0.092,8.974,-7.407,,0.092,,0.0,0.002,0.0,0.092
Nauru,NRU,2000,Gamma Cluster,10187.0,,,0.088,8.632,-4.0,,0.088,,0.0,0.002,0.0,0.088
Nauru,NRU,2001,Gamma Cluster,10147.0,,,0.081,7.944,-8.333,,0.081,,0.0,0.002,0.0,0.081
Nauru,NRU,2002,Gamma Cluster,10105.0,,,0.077,7.614,-4.545,,0.077,,0.0,0.002,0.0,0.077
Nauru,NRU,2003,Gamma Cluster,10086.0,,,0.066,6.539,-14.286,,0.066,,0.0,0.002,0.0,0.066
Nauru,NRU,2004,Gamma Cluster,10084.0,,,0.062,6.177,-5.556,,0.062,,0.0,0.002,0.0,0.062
Nauru,NRU,2005,Gamma Cluster,10071.0,,,0.062,6.185,0.0,,0.062,,0.0,0.002,0.0,0.062
Nauru,NRU,2006,Gamma Cluster,10061.0,,,0.044,4.37,-29.412,,0.044,,0.0,0.002,0.0,0.044
Nauru,NRU,2007,Gamma Cluster,10042.0,,,0.04,4.014,-8.333,,0.04,,0.0,0.002,0.0,0.04
Nauru,NRU,2008,Gamma Cluster,10032.0,,,0.04,4.018,0.0,,0.04,,0.0,0.002,0.0,0.04
Nauru,NRU,2009,Gamma Cluster,10041.0,,,0.04,4.014,0.0,,0.04,,0.0,0.002,0.0,0.04
Nauru,NRU,2010,Gamma Cluster,10067.0,,,0.044,4.368,9.091,,0.044,,0.0,0.002,0.0,0.044
Nauru,NRU,2011,Gamma Cluster,10116.0,,,0.04,3.984,-8.333,,0.04,,0.0,0.002,0.0,0.04
Nauru,NRU,2012,Gamma Cluster,10289.0,,,0.04,3.917,0.0,,0.04,,0.0,0.002,0.0,0.04
Nauru,NRU,2013,Gamma Cluster,10539.0,,,0.048,4.52,18.182,,0.048,,0.0,0.002,0.0,0.048
Nauru,NRU,2014,Gamma Cluster,10766.0,,,0.051,4.765,7.692,,0.051,,0.0,0.002,0.0,0.051
Nauru,NRU,2015,Gamma Cluster,10975.0,,,0.055,5.008,7.143,,0.055,,0.0,0.002,0.0,0.055
Nauru,NRU,2016,Gamma Cluster,11173.0,,,0.051,4.591,-6.667,,0.051,,0.0,0.002,0.001,0.051
Nauru,NRU,2017,Gamma Cluster,11351.0,,,0.055,4.842,7.143,,0.055,,0.0,0.002,0.001,0.055
Nauru,NRU,2018,Gamma Cluster,11499.0,,,0.055,4.78,0.0,,0.055,,0.0,0.002,0.001,0.055
Nauru,NRU,2019,Gamma Cluster,11609.0,,,0.051,4.419,-6.667,,0.051,,0.0,0.002,0.001,0.051
Nauru,NRU,2020,Gamma Cluster,11665.0,,,0.055,4.712,7.143,,0.055,,0.0,0.002,0.001,0.055
Nauru,NRU,2021,Gamma Cluster,11727.0,,,0.055,4.687,0.0,,0.055,,0.0,0.002,0.001,0.055
Nauru,NRU,2022,Gamma Cluster,11822.0,,,0.059,4.989,7.322,,0.059,,0.0,0.002,0.001,0.059
Nauru,NRU,2023,Gamma Cluster,11900.0,,,0.059,4.933,-0.473,,0.059,,0.0,0.002,0.001,0.059
Nauru,NRU,2024,Gamma Cluster,11968.0,,,0.061,5.13,4.574,,0.061,,0.0,0.002,0.001,0.061
Nepal,NPL,1990,Gamma Cluster,19524579.0,24523435000.0,1256.0288751936725,0.721,0.037,-19.263,0.18,0.498,,0.044,19.21,3.848,0.722
Nepal,NPL,1991,Gamma Cluster,20036507.0,26059005352.0,1300.5762607224901,1.026,0.051,42.259,0.3,0.671,,0.055,18.767,3.871,1.026
Nepal,NPL,1992,Gamma Cluster,20609708.0,27087697622.0,1314.3173897466183,1.233,0.06,20.132,0.281,0.855,,0.097,19.424,3.931,1.233
Nepal,NPL,1993,Gamma Cluster,21180158.0,28089918800.0,1326.2374529972817,1.397,0.066,13.334,0.311,0.975,,0.111,19.296,3.923,1.397
Nepal,NPL,1994,Gamma Cluster,21717483.0,30349286375.0,1397.4587375065516,1.619,0.075,15.894,0.341,1.15,,0.128,20.21,4.197,1.6189999999999998
Nepal,NPL,1995,Gamma Cluster,22245443.0,31356698922.0,1409.57853354505,2.309,0.104,42.576,0.744,1.433,,0.132,20.783,4.333,2.309
Nepal,NPL,1996,Gamma Cluster,22741867.0,32961840342.0,1449.390251996461,2.353,0.103,1.9,0.744,1.484,,0.125,21.045,4.371,2.3529999999999998
Nepal,NPL,1997,Gamma Cluster,23219458.0,34660347793.0,1492.728546592259,2.641,0.114,12.255,0.81,1.74,,0.091,21.317,4.433,2.641
Nepal,NPL,1998,Gamma Cluster,23680358.0,35610081787.0,1503.781394985667,2.223,0.094,-15.818,0.305,1.806,,0.113,21.651,4.556,2.224
Nepal,NPL,1999,Gamma Cluster,24125201.0,37151145536.0,1539.9310263155942,3.191,0.132,43.527,1.11,1.964,,0.117,21.861,4.51,3.191
Nepal,NPL,2000,Gamma Cluster,24546509.0,39381724035.0,1604.371686214117,3.037,0.124,-4.815,0.978,1.938,,0.121,22.005,4.515,3.037
Nepal,NPL,2001,Gamma Cluster,24946755.0,41523111510.0,1664.4694474291346,3.236,0.13,6.54,1.118,2.004,,0.114,22.361,4.561,3.2359999999999998
Nepal,NPL,2002,Gamma Cluster,25328989.0,41501458057.0,1638.4964301970363,2.596,0.103,-19.768,0.52,1.96,,0.116,22.612,4.418,2.596
Nepal,NPL,2003,Gamma Cluster,25688762.0,43073954586.0,1676.7625697960843,2.81,0.109,8.242,0.663,2.03,,0.117,23.057,4.479,2.8099999999999996
Nepal,NPL,2004,Gamma Cluster,26016652.0,45033771388.0,1730.95951731222,2.582,0.099,-8.112,0.586,1.883,,0.113,23.268,4.561,2.582
Nepal,NPL,2005,Gamma Cluster,26309462.0,46375899545.0,1762.708015276025,2.987,0.114,15.658,0.939,1.933,,0.114,23.649,4.614,2.9859999999999998
Nepal,NPL,2006,Gamma Cluster,26565430.0,48016624917.0,1807.4853264938681,2.456,0.092,-17.755,0.59,1.751,,0.115,23.639,4.659,2.456
Nepal,NPL,2007,Gamma Cluster,26788498.0,49595508764.0,1851.3732559399186,2.57,0.096,4.636,0.747,1.707,,0.115,24.402,4.766,2.5690000000000004
Nepal,NPL,2008,Gamma Cluster,26990036.0,52545963062.0,1946.8652454557675,3.355,0.124,30.54,0.747,2.495,,0.113,24.807,4.919,3.355
Nepal,NPL,2009,Gamma Cluster,27173035.0,54837737569.0,2018.093951190951,4.126,0.152,22.973,0.703,2.965,,0.458,25.088,5.171,4.1259999999999994
Nepal,NPL,2010,Gamma Cluster,27341955.0,57388251486.0,2098.908124382474,4.828,0.177,17.01,1.103,3.206,,0.519,25.525,5.411,4.828
Nepal,NPL,2011,Gamma Cluster,27464499.0,59280309000.0,2158.4340205878143,5.217,0.19,8.053,1.114,3.309,,0.794,26.075,5.642,5.2170000000000005
Nepal,NPL,2012,Gamma Cluster,27534916.0,62106290000.0,2255.5467392745995,5.47,0.199,4.859,0.832,3.613,,1.026,25.601,5.605,5.471
Nepal,NPL,2013,Gamma Cluster,27589997.0,64655772000.0,2343.4497655074047,6.218,0.225,13.666,1.041,4.034,,1.143,26.43,5.981,6.217999999999999
Nepal,NPL,2014,Gamma Cluster,27672373.0,68540931000.0,2476.872185843982,7.588,0.274,22.031,1.836,4.569,,1.183,26.236,6.13,7.588
Nepal,NPL,2015,Gamma Cluster,27823631.0,70404490000.0,2530.384693500284,6.905,0.248,-9.002,2.201,3.212,,1.492,26.095,6.094,6.905
Nepal,NPL,2016,Gamma Cluster,27955471.0,70942615519.0,2537.7005996071393,10.088,0.361,46.105,2.616,5.24,,2.232,26.927,6.555,10.088000000000001
Nepal,NPL,2017,Gamma Cluster,28011258.0,77349484140.0,2761.371307921979,12.422,0.443,23.132,2.987,6.363,,3.072,26.807,6.398,12.422
Nepal,NPL,2018,Gamma Cluster,28079688.0,83234791901.0,2964.2349267199834,14.039,0.5,13.021,3.692,6.912,,3.435,27.216,6.759,14.039
Nepal,NPL,2019,Gamma Cluster,28414066.0,88775779267.0,3124.3602822278235,12.75,0.449,-9.178,3.909,5.078,,3.763,27.351,6.839,12.75
Nepal,NPL,2020,Gamma Cluster,28966580.0,86672124340.0,2992.142128618567,15.631,0.54,22.59,5.292,7.19,,3.148,27.653,7.02,15.629999999999999
Nepal,NPL,2021,Gamma Cluster,29475016.0,90865461899.0,3082.796016090373,15.486,0.525,-0.925,4.524,7.528,,3.435,27.789,7.126,15.487
Nepal,NPL,2022,Gamma Cluster,29715435.0,95965910597.0,3229.4970811297226,17.609,0.593,13.707,7.163,8.156,,2.29,27.656,6.814,17.609
Nepal,NPL,2023,Gamma Cluster,29694614.0,,,18.348,0.618,4.196,7.94,8.118,,2.29,27.782,6.979,18.348
Nepal,NPL,2024,Gamma Cluster,29651054.0,,,18.776,0.633,2.334,7.997,8.489,,2.29,27.906,6.978,18.776
Netherlands,NLD,1990,Gamma Cluster,15030886.0,411390791201.0,27369.696716547514,163.033,10.847,0.847,36.094,49.437,75.023,0.416,38.652,14.35,160.97
Netherlands,NLD,1991,Gamma Cluster,15155093.0,423942311236.0,27973.586914709136,171.469,11.314,5.175,34.259,50.816,83.913,0.498,38.913,14.463,169.486
Netherlands,NLD,1992,Gamma Cluster,15276787.0,433663917114.0,28387.115504981513,171.277,11.212,-0.112,34.467,51.931,82.528,0.449,38.354,14.621,169.375
Netherlands,NLD,1993,Gamma Cluster,15389718.0,441708287208.0,28701.519235635118,171.185,11.123,-0.054,33.314,51.942,83.614,0.458,37.627,14.86,169.328
Netherlands,NLD,1994,Gamma Cluster,15485453.0,457377474101.0,29535.944095468178,171.952,11.104,0.448,36.511,52.455,80.557,0.463,36.793,14.786,169.98600000000002
Netherlands,NLD,1995,Gamma Cluster,15565034.0,474451023067.0,30481.84944967033,173.482,11.146,0.89,35.865,53.171,82.168,0.428,35.946,14.576,171.632
Netherlands,NLD,1996,Gamma Cluster,15640032.0,494206817608.0,31598.836729234314,182.543,11.671,5.223,34.642,54.527,91.306,0.316,35.176,14.609,180.79100000000003
Netherlands,NLD,1997,Gamma Cluster,15723621.0,518458402185.0,32973.21922125953,175.466,11.159,-3.877,33.759,54.24,85.289,0.376,33.294,14.431,173.66400000000002
Netherlands,NLD,1998,Gamma Cluster,15827109.0,545041076356.0,34437.18472880928,176.396,11.145,0.53,34.435,55.605,84.315,0.432,32.233,14.197,174.78699999999998
Netherlands,NLD,1999,Gamma Cluster,15940183.0,575899135456.0,36128.7656142969,171.053,10.731,-3.029,30.481,56.175,82.463,0.517,30.831,14.149,169.636
Netherlands,NLD,2000,Gamma Cluster,16058757.0,603803040978.0,37599.61253402116,172.154,10.72,0.644,31.789,56.084,82.368,0.469,29.512,13.803,170.70999999999998
Netherlands,NLD,2001,Gamma Cluster,16182705.0,620170874924.0,38323.0661946813,177.464,10.966,3.085,34.235,56.735,84.587,0.478,28.794,13.34,176.03500000000003
Netherlands,NLD,2002,Gamma Cluster,16288060.0,624424625610.0,38336.34119778537,176.738,10.851,-0.409,34.726,55.279,83.939,0.489,27.431,13.086,174.433
Netherlands,NLD,2003,Gamma Cluster,16366914.0,629811489833.0,38480.77223556011,180.169,11.008,1.941,36.055,56.653,84.789,0.434,26.406,14.309,177.931
Netherlands,NLD,2004,Gamma Cluster,16425562.0,646331449347.0,39349.122382966256,182.09,11.086,1.067,35.516,56.829,87.1,0.446,26.109,14.578,179.891
Netherlands,NLD,2005,Gamma Cluster,16465707.0,664118269501.0,40333.41960360402,178.13,10.818,-2.175,34.157,56.811,84.417,0.421,24.293,14.681,175.80599999999998
Netherlands,NLD,2006,Gamma Cluster,16493851.0,691453801614.0,41921.91390682504,173.279,10.506,-2.723,32.946,55.41,82.233,0.4,23.782,16.744,170.989
Netherlands,NLD,2007,Gamma Cluster,16531360.0,721200009128.0,43626.17528914742,173.028,10.467,-0.145,35.541,54.747,79.979,0.403,23.518,15.652,170.67
Netherlands,NLD,2008,Gamma Cluster,16597259.0,737705013303.0,44447.40021849391,175.904,10.598,1.662,34.516,55.119,83.699,0.399,23.729,9.823,173.733
Netherlands,NLD,2009,Gamma Cluster,16684148.0,713986817901.0,42794.3229645889,170.433,10.215,-3.11,31.75,52.015,84.076,0.416,23.264,9.745,168.257
Netherlands,NLD,2010,Gamma Cluster,16771232.0,728193221597.0,43419.18480389514,182.479,10.88,7.067,33.055,52.661,94.173,0.348,23.254,9.698,180.23700000000002
Netherlands,NLD,2011,Gamma Cluster,16851061.0,744614396708.0,44187.98298267391,169.346,10.05,-7.197,32.093,52.533,82.199,0.351,22.593,9.644,167.176
Netherlands,NLD,2012,Gamma Cluster,16915191.0,736942199791.0,43566.886107936945,165.752,9.799,-2.122,34.336,50.443,78.574,0.308,22.313,9.689,163.661
Netherlands,NLD,2013,Gamma Cluster,16967066.0,735982982299.0,43377.15090511229,164.925,9.72,-0.499,34.682,48.444,79.184,0.274,22.363,9.565,162.584
Netherlands,NLD,2014,Gamma Cluster,17030085.0,746458868661.0,43831.77586377285,157.503,9.249,-4.501,38.172,47.304,69.378,0.282,22.218,9.716,155.136
Netherlands,NLD,2015,Gamma Cluster,17107429.0,761083250759.0,44488.46467572655,163.958,9.584,4.099,45.539,47.298,68.561,0.249,22.09,9.987,161.64700000000002
Netherlands,NLD,2016,Gamma Cluster,17204693.0,777764090323.0,45206.50791751995,164.812,9.579,0.521,42.642,47.761,71.762,0.239,22.899,9.875,162.40400000000002
Netherlands,NLD,2017,Gamma Cluster,17315376.0,800404023156.0,46225.04432800073,162.296,9.373,-1.527,38.511,47.637,73.349,0.298,22.16,9.672,159.79500000000002
Netherlands,NLD,2018,Gamma Cluster,17421285.0,819300805024.0,47028.724059333166,158.264,9.085,-2.484,35.112,47.787,72.736,0.22,21.52,9.33,155.855
Netherlands,NLD,2019,Gamma Cluster,17537505.0,835323029559.0,47630.665226267934,152.727,8.709,-3.499,27.576,47.835,75.065,0.006,20.925,9.319,150.482
Netherlands,NLD,2020,Gamma Cluster,17636732.0,802861622095.0,45522.130862735794,136.974,7.766,-10.314,19.402,42.415,73.125,0.0,19.995,9.332,134.942
Netherlands,NLD,2021,Gamma Cluster,17730565.0,841906706612.0,47483.3546822676,139.886,7.89,2.126,24.983,42.795,69.826,0.0,19.835,9.265,137.60399999999998
Netherlands,NLD,2022,Gamma Cluster,17904421.0,879609110665.0,49128.039977668086,127.503,7.121,-8.852,24.317,43.775,57.125,0.0,19.755,9.094,125.217
Netherlands,NLD,2023,Gamma Cluster,18092526.0,,,117.016,6.468,-8.225,17.237,44.07,53.688,0.0,19.473,9.046,114.995
Netherlands,NLD,2024,Gamma Cluster,18228740.0,,,114.785,6.297,-1.907,18.605,40.521,53.669,0.0,19.054,8.976,112.795
New Caledonia,NCL,1990,Gamma Cluster,176468.0,,,1.576,8.933,-3.848,0.436,1.114,,0.026,,,1.576
New Caledonia,NCL,1991,Gamma Cluster,181251.0,,,1.759,9.703,11.568,0.465,1.257,,0.037,,,1.759
New Caledonia,NCL,1992,Gamma Cluster,186084.0,,,1.575,8.466,-10.419,0.322,1.216,,0.037,,,1.575
New Caledonia,NCL,1993,Gamma Cluster,190858.0,,,1.832,9.598,16.271,0.419,1.377,,0.037,,,1.833
New Caledonia,NCL,1994,Gamma Cluster,195626.0,,,1.975,10.095,7.803,0.535,1.403,,0.037,,,1.975
New Caledonia,NCL,1995,Gamma Cluster,200392.0,,,2.067,10.313,4.656,0.495,1.532,,0.041,,,2.068
New Caledonia,NCL,1996,Gamma Cluster,205048.0,,,2.184,10.651,5.671,0.667,1.477,,0.04,,,2.184
New Caledonia,NCL,1997,Gamma Cluster,209568.0,,,1.817,8.672,-16.779,0.3,1.477,,0.04,,,1.8170000000000002
New Caledonia,NCL,1998,Gamma Cluster,214062.0,,,1.81,8.456,-0.41,0.319,1.491,,0.0,,,1.81
New Caledonia,NCL,1999,Gamma Cluster,218532.0,,,2.056,9.406,13.563,0.293,1.762,,0.0,,,2.055
New Caledonia,NCL,2000,Gamma Cluster,223110.0,,,2.224,9.968,8.199,0.652,1.532,,0.04,,,2.224
New Caledonia,NCL,2001,Gamma Cluster,227714.0,,,1.877,8.241,-15.62,0.663,1.176,,0.037,,,1.876
New Caledonia,NCL,2002,Gamma Cluster,232239.0,,,2.392,10.301,27.474,0.707,1.645,,0.04,,,2.392
New Caledonia,NCL,2003,Gamma Cluster,236684.0,,,2.726,11.516,13.933,0.802,1.883,,0.04,,,2.725
New Caledonia,NCL,2004,Gamma Cluster,240865.0,,,2.515,10.441,-7.728,0.719,1.75,,0.045,,,2.514
New Caledonia,NCL,2005,Gamma Cluster,244391.0,,,2.806,11.482,11.578,0.666,2.093,,0.047,,,2.806
New Caledonia,NCL,2006,Gamma Cluster,247557.0,,,2.71,10.948,-3.414,0.725,1.938,,0.047,,,2.71
New Caledonia,NCL,2007,Gamma Cluster,250730.0,,,2.927,11.673,7.987,0.627,2.253,,0.047,,,2.927
New Caledonia,NCL,2008,Gamma Cluster,253831.0,,,2.848,11.22,-2.693,0.641,2.154,,0.052,,,2.847
New Caledonia,NCL,2009,Gamma Cluster,257261.0,,,3.036,11.8,6.596,0.859,2.125,0.0,0.053,,,3.037
New Caledonia,NCL,2010,Gamma Cluster,261580.0,,,3.658,13.983,20.483,1.31,2.287,0.0,0.061,,,3.658
New Caledonia,NCL,2011,Gamma Cluster,266550.0,,,3.694,13.86,1.006,1.361,2.278,0.0,0.055,,,3.6940000000000004
New Caledonia,NCL,2012,Gamma Cluster,271640.0,,,3.706,13.641,0.301,1.359,2.3,0.0,0.047,,,3.706
New Caledonia,NCL,2013,Gamma Cluster,276832.0,,,3.97,14.341,7.14,1.382,2.543,0.0,0.045,,,3.9699999999999998
New Caledonia,NCL,2014,Gamma Cluster,281233.0,,,5.009,17.811,26.169,1.939,3.029,0.0,0.04,,,5.008
New Caledonia,NCL,2015,Gamma Cluster,283179.0,,,4.877,17.222,-2.638,2.041,2.794,0.0,0.043,,,4.878
New Caledonia,NCL,2016,Gamma Cluster,283432.0,,,5.482,19.341,12.402,2.634,2.805,0.0,0.043,,,5.482
New Caledonia,NCL,2017,Gamma Cluster,283554.0,,,5.584,19.692,1.861,2.975,2.569,0.0,0.04,,,5.5840000000000005
New Caledonia,NCL,2018,Gamma Cluster,283551.0,,,5.913,20.853,5.896,3.057,2.823,0.0,0.033,,,5.913
New Caledonia,NCL,2019,Gamma Cluster,283616.0,,,5.673,20.002,-4.061,3.041,2.602,0.0,0.029,,,5.672
New Caledonia,NCL,2020,Gamma Cluster,284187.0,,,5.109,17.978,-9.937,2.714,2.367,0.0,0.028,,,5.108999999999999
New Caledonia,NCL,2021,Gamma Cluster,285227.0,,,4.537,15.906,-11.203,2.293,2.218,0.0,0.026,,,4.537
New Caledonia,NCL,2022,Gamma Cluster,287130.0,,,5.116,17.816,12.758,2.762,2.327,0.0,0.026,,,5.115
New Caledonia,NCL,2023,Gamma Cluster,289879.0,,,5.068,17.483,-0.93,2.616,2.425,0.0,0.026,,,5.067
New Caledonia,NCL,2024,Gamma Cluster,292655.0,,,5.287,18.064,4.314,2.843,2.417,,0.026,,,5.286
New Zealand,NZL,1990,Gamma Cluster,3396981.0,74483238000.0,21926.303974028702,25.49,7.504,0.145,4.657,12.229,7.131,0.449,36.137,13.803,24.466
New Zealand,NZL,1991,Gamma Cluster,3480933.0,74961224062.0,21534.80807070978,26.17,7.518,2.667,4.508,12.118,7.943,0.438,35.74,13.561,25.007
New Zealand,NZL,1992,Gamma Cluster,3532246.0,75624106462.0,21409.63751165689,28.154,7.971,7.582,4.929,13.128,8.413,0.477,35.358,13.429,26.947000000000003
New Zealand,NZL,1993,Gamma Cluster,3573609.0,79461848563.0,22235.74223229234,27.746,7.764,-1.449,4.897,12.998,8.159,0.489,35.547,13.319,26.543000000000003
New Zealand,NZL,1994,Gamma Cluster,3621030.0,84890067977.0,23443.62459769734,27.885,7.701,0.502,4.636,13.936,7.604,0.497,36.593,13.815,26.673
New Zealand,NZL,1995,Gamma Cluster,3674434.0,88724280201.0,24146.38015024899,27.989,7.617,0.374,4.64,14.589,7.007,0.539,37.306,14.186,26.775
New Zealand,NZL,1996,Gamma Cluster,3729383.0,92246848029.0,24735.15003125182,29.288,7.853,4.639,4.595,14.754,8.099,0.51,36.89,13.722,27.958000000000002
New Zealand,NZL,1997,Gamma Cluster,3776950.0,95195281693.0,25204.273737539548,31.261,8.277,6.739,4.946,15.064,9.267,0.532,37.231,13.662,29.808999999999997
New Zealand,NZL,1998,Gamma Cluster,3811376.0,96170421359.0,25232.46758099962,29.837,7.828,-4.556,4.53,15.336,7.989,0.489,36.474,13.333,28.344
New Zealand,NZL,1999,Gamma Cluster,3835561.0,100616403871.0,26232.51301986854,31.443,8.198,5.38,4.63,15.632,9.163,0.532,36.808,13.704,29.957
New Zealand,NZL,2000,Gamma Cluster,3857576.0,104942102861.0,27204.156926785112,32.221,8.353,2.476,4.419,16.302,9.481,0.531,36.186,13.642,30.732999999999997
New Zealand,NZL,2001,Gamma Cluster,3891763.0,107226686179.0,27552.213785628777,34.356,8.828,6.627,5.422,16.427,10.44,0.535,36.589,13.779,32.824
New Zealand,NZL,2002,Gamma Cluster,3951116.0,112775904669.0,28542.797697916234,34.519,8.737,0.474,5.432,17.165,9.856,0.551,37.43,14.044,33.004000000000005
New Zealand,NZL,2003,Gamma Cluster,4022585.0,118221542739.0,29389.44552793788,36.22,9.004,4.926,7.752,17.952,8.52,0.534,37.541,14.385,34.758
New Zealand,NZL,2004,Gamma Cluster,4083912.0,123732222489.0,30297.475187761145,35.806,8.768,-1.142,8.025,18.325,7.253,0.488,37.671,14.411,34.091
New Zealand,NZL,2005,Gamma Cluster,4135002.0,127087212440.0,30734.498421040666,37.401,9.045,4.456,8.931,18.516,7.564,0.577,37.766,14.479,35.587999999999994
New Zealand,NZL,2006,Gamma Cluster,4181943.0,130823651084.0,31282.98283453409,37.304,8.92,-0.259,8.808,18.648,7.547,0.545,38.283,14.299,35.548
New Zealand,NZL,2007,Gamma Cluster,4223270.0,136252900902.0,32262.417724180552,36.383,8.615,-2.471,6.739,18.858,8.251,0.687,37.973,14.152,34.535
New Zealand,NZL,2008,Gamma Cluster,4261819.0,135932629621.0,31895.448779265378,37.485,8.796,3.031,8.298,18.726,7.801,0.639,36.917,13.749,35.464000000000006
New Zealand,NZL,2009,Gamma Cluster,4304304.0,136500728040.0,31712.6132447894,34.594,8.037,-7.713,6.33,18.001,7.446,0.586,37.393,13.496,32.363
New Zealand,NZL,2010,Gamma Cluster,4347766.0,139478805582.0,32080.568637318567,34.787,8.001,0.557,5.472,18.081,8.369,0.557,37.589,13.696,32.479
New Zealand,NZL,2011,Gamma Cluster,4382699.0,142521900112.0,32519.207938304684,34.241,7.813,-1.569,5.548,18.28,7.614,0.529,37.693,13.782,31.971000000000004
New Zealand,NZL,2012,Gamma Cluster,4411682.0,146280651356.0,33157.569234591254,35.918,8.142,4.898,6.867,18.026,8.329,0.569,37.918,13.92,33.791000000000004
New Zealand,NZL,2013,Gamma Cluster,4453857.0,149512485774.0,33569.21557517451,35.219,7.908,-1.946,6.028,18.42,8.359,0.586,37.329,13.897,33.393
New Zealand,NZL,2014,Gamma Cluster,4522976.0,154422989929.0,34141.89903483901,35.399,7.827,0.511,5.458,18.724,8.579,0.619,37.788,14.128,33.38
New Zealand,NZL,2015,Gamma Cluster,4614035.0,160782215776.0,34846.33640100259,35.805,7.76,1.146,5.486,19.251,8.311,0.621,36.805,13.963,33.669000000000004
New Zealand,NZL,2016,Gamma Cluster,4714768.0,167418113760.0,35509.300512771784,34.135,7.24,-4.665,4.481,19.363,7.893,0.486,37.023,13.914,32.223
New Zealand,NZL,2017,Gamma Cluster,4812749.0,174187918857.0,36193.01959379141,35.661,7.41,4.471,4.687,20.227,8.519,0.444,36.864,13.96,33.877
New Zealand,NZL,2018,Gamma Cluster,4900840.0,181445758308.0,37023.39972494511,35.687,7.282,0.072,5.267,20.41,7.897,0.418,36.891,13.998,33.992
New Zealand,NZL,2019,Gamma Cluster,4989410.0,187274507980.0,37534.39945404366,36.711,7.358,2.869,5.618,20.778,8.245,0.411,36.327,13.937,35.052
New Zealand,NZL,2020,Gamma Cluster,5069895.0,184971347287.0,36484.25604218628,34.109,6.728,-7.087,5.34,18.997,7.954,0.379,35.729,13.871,32.669999999999995
New Zealand,NZL,2021,Gamma Cluster,5107694.0,196312458906.0,38434.655424933444,34.597,6.773,1.429,6.191,19.733,6.968,0.37,35.701,13.719,33.26199999999999
New Zealand,NZL,2022,Gamma Cluster,5131731.0,200602760076.0,39090.66162587244,31.966,6.229,-7.604,4.302,19.258,6.427,0.408,35.275,13.463,30.395
New Zealand,NZL,2023,Gamma Cluster,5172837.0,,,31.56,6.101,-1.27,3.863,19.363,6.671,0.379,34.903,13.424,30.276
New Zealand,NZL,2024,Gamma Cluster,5213942.0,,,32.479,6.229,2.914,5.865,18.869,5.887,0.379,34.596,13.252,31.000000000000004
Nicaragua,NIC,1990,Gamma Cluster,4162566.0,8348404000.0,2005.5907822242339,2.043,0.491,39.183,,1.949,,0.093,6.447,1.942,2.0420000000000003
Nicaragua,NIC,1991,Gamma Cluster,4259636.0,8483399893.0,1991.578598030442,1.984,0.466,-2.845,,1.883,,0.101,5.376,1.618,1.984
Nicaragua,NIC,1992,Gamma Cluster,4357031.0,8668809931.0,1989.6140126154714,2.37,0.544,19.429,,2.253,,0.117,5.869,1.742,2.37
Nicaragua,NIC,1993,Gamma Cluster,4453733.0,8788659513.0,1973.324290656849,2.28,0.512,-3.815,,2.173,,0.107,6.476,1.888,2.2800000000000002
Nicaragua,NIC,1994,Gamma Cluster,4549317.0,9239788720.0,2031.0276729451916,2.514,0.553,10.286,,2.385,,0.129,6.545,1.825,2.514
Nicaragua,NIC,1995,Gamma Cluster,4642933.0,9966535313.0,2146.6033029121895,2.751,0.592,9.403,,2.616,,0.134,5.815,1.724,2.75
Nicaragua,NIC,1996,Gamma Cluster,4729979.0,10785595274.0,2280.2628244226876,2.842,0.601,3.313,,2.693,,0.149,5.65,1.663,2.842
Nicaragua,NIC,1997,Gamma Cluster,4809574.0,11415412840.0,2373.4769108449104,3.108,0.646,9.374,,2.953,,0.155,6.085,1.755,3.1079999999999997
Nicaragua,NIC,1998,Gamma Cluster,4883659.0,12049925222.0,2467.396929638208,3.386,0.693,8.934,,3.232,,0.154,5.949,1.748,3.386
Nicaragua,NIC,1999,Gamma Cluster,4954021.0,13130550582.0,2650.483431943466,3.59,0.725,6.037,,3.448,,0.142,6.854,1.956,3.59
Nicaragua,NIC,2000,Gamma Cluster,5022636.0,13909591678.0,2769.380794865485,3.71,0.739,3.333,,3.495,,0.214,7.07,2.004,3.709
Nicaragua,NIC,2001,Gamma Cluster,5087827.0,14579899402.0,2865.6437025079667,3.909,0.768,5.384,,3.704,,0.205,7.112,1.981,3.9090000000000003
Nicaragua,NIC,2002,Gamma Cluster,5149914.0,14954188068.0,2903.774328658692,3.976,0.772,1.691,,3.759,,0.216,7.22,2.147,3.975
Nicaragua,NIC,2003,Gamma Cluster,5210970.0,15599450900.0,2993.579103314738,4.31,0.827,8.422,,3.964,,0.346,7.525,2.342,4.31
Nicaragua,NIC,2004,Gamma Cluster,5272909.0,16722815302.0,3171.4591133660756,4.362,0.827,1.202,,4.162,,0.2,7.313,2.184,4.362
Nicaragua,NIC,2005,Gamma Cluster,5342108.0,17753885555.0,3323.3857411718373,4.253,0.796,-2.5,,4.052,,0.201,7.641,2.382,4.252999999999999
Nicaragua,NIC,2006,Gamma Cluster,5418857.0,18819405708.0,3472.9474699184716,4.407,0.813,3.607,,4.203,,0.204,7.758,2.358,4.407
Nicaragua,NIC,2007,Gamma Cluster,5497247.0,20171035929.0,3669.2977282992742,4.54,0.826,3.023,,4.338,,0.202,7.783,2.353,4.54
Nicaragua,NIC,2008,Gamma Cluster,5576597.0,21118480099.0,3786.983369786269,4.353,0.781,-4.109,,4.155,,0.198,7.849,2.333,4.353000000000001
Nicaragua,NIC,2009,Gamma Cluster,5656602.0,20900358446.0,3694.8610572212788,4.432,0.784,1.812,,4.236,,0.197,7.921,2.401,4.433
Nicaragua,NIC,2010,Gamma Cluster,5737451.0,21950676457.0,3825.858636004037,4.453,0.776,0.472,,4.232,,0.221,8.096,2.449,4.453
Nicaragua,NIC,2011,Gamma Cluster,5819051.0,23734874000.0,4078.8221309625915,4.789,0.823,7.534,,4.532,,0.256,8.768,2.682,4.788
Nicaragua,NIC,2012,Gamma Cluster,5901290.0,25065728000.0,4247.499783945545,4.534,0.768,-5.319,,4.309,,0.225,9.084,2.816,4.534
Nicaragua,NIC,2013,Gamma Cluster,5983852.0,26206803000.0,4379.587429635626,4.586,0.766,1.144,,4.353,,0.233,9.523,2.802,4.585999999999999
Nicaragua,NIC,2014,Gamma Cluster,6066493.0,27402565000.0,4517.035625030804,4.72,0.778,2.924,,4.47,,0.25,9.936,3.014,4.72
Nicaragua,NIC,2015,Gamma Cluster,6149417.0,28748328000.0,4674.968049816755,5.408,0.879,14.586,,5.144,,0.264,10.29,3.098,5.408
Nicaragua,NIC,2016,Gamma Cluster,6232664.0,29929662026.0,4802.065701921361,5.379,0.863,-0.549,,5.1,,0.278,10.339,3.183,5.378
Nicaragua,NIC,2017,Gamma Cluster,6316235.0,31179621906.0,4936.425244785857,5.441,0.861,1.158,,5.163,,0.278,10.238,3.216,5.441000000000001
Nicaragua,NIC,2018,Gamma Cluster,6400074.0,30002714290.0,4687.869904316732,5.178,0.809,-4.831,,4.935,,0.243,10.474,3.137,5.178
Nicaragua,NIC,2019,Gamma Cluster,6483660.0,29133575354.0,4493.384192570245,5.208,0.803,0.582,,5.001,,0.207,10.694,3.216,5.208
Nicaragua,NIC,2020,Gamma Cluster,6565267.0,28619004754.0,4359.153215550868,4.641,0.707,-10.889,,4.459,,0.182,11.024,3.399,4.641
Nicaragua,NIC,2021,Gamma Cluster,6644745.0,31580275032.0,4752.669219360562,5.133,0.772,10.592,,4.95,,0.183,11.145,3.352,5.133
Nicaragua,NIC,2022,Gamma Cluster,6730662.0,32764782125.0,4867.988041146621,5.131,0.762,-0.026,,4.942,,0.189,11.291,3.333,5.131
Nicaragua,NIC,2023,Gamma Cluster,6823619.0,,,5.428,0.796,5.789,,5.239,,0.189,11.313,3.388,5.428
Nicaragua,NIC,2024,Gamma Cluster,6916136.0,,,5.63,0.814,3.722,,5.441,,0.189,11.545,3.421,5.63
Niger,NER,1990,Gamma Cluster,8286066.0,6837988542.0,825.2394492151041,0.599,0.072,-42.086,0.224,0.37,,0.005,7.819,3.431,0.599
Niger,NER,1991,Gamma Cluster,8546900.0,6989575096.0,817.7906721735366,0.566,0.066,-5.43,0.226,0.335,,0.006,8.112,3.555,0.5670000000000001
Niger,NER,1992,Gamma Cluster,8817633.0,6527731522.0,740.3042882369906,0.521,0.059,-8.007,0.194,0.319,,0.008,8.395,3.719,0.521
Niger,NER,1993,Gamma Cluster,9100789.0,6612264624.0,726.559491050721,0.602,0.066,15.574,0.227,0.366,,0.009,8.78,3.854,0.602
Niger,NER,1994,Gamma Cluster,9398266.0,6867284266.0,730.6969462239098,0.577,0.061,-4.147,0.226,0.342,,0.009,9.112,3.979,0.5770000000000001
Niger,NER,1995,Gamma Cluster,9714537.0,6415921691.0,660.4454428450888,0.558,0.057,-3.304,0.249,0.3,,0.008,9.452,4.172,0.5569999999999999
Niger,NER,1996,Gamma Cluster,10044848.0,6731376519.0,670.1322428174125,0.639,0.064,14.483,0.262,0.368,,0.009,9.869,4.353,0.639
Niger,NER,1997,Gamma Cluster,10383977.0,6759223607.0,650.9282144018616,0.648,0.062,1.408,0.236,0.402,,0.01,10.392,4.482,0.648
Niger,NER,1998,Gamma Cluster,10741416.0,7611872294.0,708.6470065026808,0.696,0.065,7.458,0.262,0.423,,0.011,10.766,4.767,0.6960000000000001
Niger,NER,1999,Gamma Cluster,11117414.0,7681517627.0,690.9446411728483,0.682,0.061,-2.088,0.245,0.425,,0.011,11.193,4.977,0.6809999999999999
Niger,NER,2000,Gamma Cluster,11509634.0,7478107136.0,649.7258849412588,0.683,0.059,0.273,0.23,0.445,,0.009,11.362,5.108,0.684
Niger,NER,2001,Gamma Cluster,11920648.0,8079568499.0,677.7793035244392,0.646,0.054,-5.462,0.237,0.397,,0.012,11.844,5.387,0.646
Niger,NER,2002,Gamma Cluster,12349150.0,8506710068.0,688.8498453739732,0.685,0.055,5.957,0.265,0.409,,0.011,12.287,5.595,0.6849999999999999
Niger,NER,2003,Gamma Cluster,12796979.0,9108500707.0,711.769606482905,0.744,0.058,8.624,0.273,0.459,,0.011,12.806,5.822,0.743
Niger,NER,2004,Gamma Cluster,13265843.0,9044074242.0,681.7564659856143,0.795,0.06,6.948,0.35,0.442,,0.004,13.355,6.027,0.796
Niger,NER,2005,Gamma Cluster,13756192.0,9809322645.0,713.0841620268167,0.691,0.05,-13.083,0.255,0.43,,0.006,13.872,6.345,0.6910000000000001
Niger,NER,2006,Gamma Cluster,14268583.0,10382568329.0,727.652376483355,0.671,0.047,-2.944,0.265,0.398,,0.008,14.369,6.608,0.671
Niger,NER,2007,Gamma Cluster,14803604.0,10716181753.0,723.8900576508261,0.706,0.048,5.204,0.232,0.464,,0.01,15.02,6.922,0.7060000000000001
Niger,NER,2008,Gamma Cluster,15361921.0,11762875984.0,765.7164741310673,0.792,0.052,12.207,0.269,0.512,,0.012,15.672,7.278,0.793
Niger,NER,2009,Gamma Cluster,15943673.0,11700248745.0,733.8490161583219,0.952,0.06,20.218,0.278,0.667,,0.007,16.374,7.539,0.9520000000000001
Niger,NER,2010,Gamma Cluster,16548833.0,12694118605.0,767.070318795289,1.16,0.07,21.823,0.33,0.828,,0.002,16.036,7.496,1.16
Niger,NER,2011,Gamma Cluster,17176286.0,12994344552.0,756.528189621435,1.313,0.076,13.194,0.37,0.923,,0.02,16.621,7.675,1.3130000000000002
Niger,NER,2012,Gamma Cluster,17836770.0,14364207370.0,805.3143797896143,1.852,0.104,41.034,0.385,1.348,,0.019,17.534,8.183,1.752
Niger,NER,2013,Gamma Cluster,18519899.0,15127089342.0,816.8019351509422,2.078,0.112,12.234,0.341,1.539,,0.019,18.643,8.552,1.8989999999999998
Niger,NER,2014,Gamma Cluster,19215917.0,16132130068.0,839.5191375982733,2.256,0.117,8.56,0.388,1.678,,0.019,19.504,9.023,2.085
Niger,NER,2015,Gamma Cluster,19939496.0,16840818422.0,844.5959928977142,2.199,0.11,-2.548,0.326,1.756,,0.019,20.259,9.354,2.101
Niger,NER,2016,Gamma Cluster,20685758.0,17807651308.0,860.8653020111711,2.142,0.104,-2.604,0.356,1.681,,0.018,21.258,9.868,2.0549999999999997
Niger,NER,2017,Gamma Cluster,21435449.0,18698209711.0,872.3031512425982,2.243,0.105,4.716,0.337,1.814,,0.018,22.244,10.307,2.169
Niger,NER,2018,Gamma Cluster,22188074.0,20008393727.0,901.763430525786,1.803,0.081,-19.581,0.326,1.385,,0.031,23.292,10.843,1.742
Niger,NER,2019,Gamma Cluster,22947765.0,21237507069.0,925.4716992700596,2.513,0.11,39.367,0.326,2.026,0.073,0.032,24.37,11.288,2.457
Niger,NER,2020,Gamma Cluster,23717615.0,21991440513.0,927.219727320812,3.04,0.128,20.955,0.356,2.505,0.077,0.032,25.584,11.837,2.9699999999999998
Niger,NER,2021,Gamma Cluster,24502145.0,22299096291.0,910.0875164602936,2.588,0.106,-14.863,0.154,2.188,0.117,0.036,26.809,12.347,2.495
Niger,NER,2022,Gamma Cluster,25311978.0,24776754234.0,978.8549213340814,3.201,0.126,23.666,0.315,2.68,0.099,0.036,27.946,12.979,3.1300000000000003
Niger,NER,2023,Gamma Cluster,26159863.0,,,3.133,0.12,-2.104,0.366,2.563,0.098,0.036,29.02,13.507,3.063
Niger,NER,2024,Gamma Cluster,27032417.0,,,3.17,0.117,1.167,0.3,2.663,0.106,0.036,30.244,14.066,3.1049999999999995
Nigeria,NGA,1990,Gamma Cluster,97120926.0,171278462601.0,1763.558788566328,38.786,0.399,-7.755,0.165,29.777,7.478,1.365,187.76,20.085,38.785000000000004
Nigeria,NGA,1991,Gamma Cluster,99720161.0,174067595995.0,1745.5607196121555,41.841,0.42,7.879,0.191,31.184,9.12,1.347,196.378,20.566,41.842
Nigeria,NGA,1992,Gamma Cluster,102372779.0,181866334418.0,1776.5106720215147,46.162,0.451,10.325,0.139,35.102,9.592,1.329,212.509,21.03,46.162
Nigeria,NGA,1993,Gamma Cluster,105122075.0,188893712697.0,1796.8986313959272,44.705,0.425,-3.156,0.022,33.006,10.478,1.198,218.508,21.446,44.704
Nigeria,NGA,1994,Gamma Cluster,107935717.0,193990909901.0,1797.281894194486,80.36,0.745,79.758,0.066,23.528,10.269,0.97,248.809,21.892,34.833
Nigeria,NGA,1995,Gamma Cluster,110819430.0,202397614701.0,1826.372998859496,84.23,0.76,4.816,0.051,22.239,10.066,0.947,272.437,22.165,33.303000000000004
Nigeria,NGA,1996,Gamma Cluster,113754783.0,215950344813.0,1898.3847458352586,97.767,0.859,16.071,0.022,25.531,10.201,0.913,316.154,23.452,36.666999999999994
Nigeria,NGA,1997,Gamma Cluster,116754790.0,227883174622.0,1951.810068109411,95.649,0.819,-2.167,0.026,29.294,10.666,0.891,294.028,23.924,40.877
Nigeria,NGA,1998,Gamma Cluster,119846261.0,239844515802.0,2001.268239832697,86.338,0.72,-9.734,0.033,25.589,11.029,0.941,272.168,25.519,37.592
Nigeria,NGA,1999,Gamma Cluster,123047324.0,247535177447.0,2011.7071172307656,84.838,0.689,-1.738,0.044,26.923,11.608,0.858,260.653,25.78,39.433
Nigeria,NGA,2000,Gamma Cluster,126382490.0,268133056679.0,2121.5997301445796,96.831,0.766,14.137,0.158,31.54,13.179,0.845,286.267,26.101,45.722
Nigeria,NGA,2001,Gamma Cluster,129862594.0,293371700731.0,2259.0931822215102,100.218,0.772,3.498,0.154,37.204,11.608,0.846,285.049,26.242,49.812000000000005
Nigeria,NGA,2002,Gamma Cluster,133471995.0,344836483316.0,2583.586791491354,89.906,0.674,-10.289,0.136,37.573,11.889,0.808,242.577,26.522,50.406
Nigeria,NGA,2003,Gamma Cluster,137202646.0,387284228400.0,2822.7169059115668,100.03,0.729,11.26,0.15,34.203,20.097,0.773,267.581,27.735,55.223000000000006
Nigeria,NGA,2004,Gamma Cluster,141057045.0,438814816180.0,3110.9032248619696,94.962,0.673,-5.066,0.15,30.847,20.507,0.912,261.971,27.957,52.416000000000004
Nigeria,NGA,2005,Gamma Cluster,145017256.0,481797619872.0,3322.3468238290207,101.666,0.701,7.06,0.172,39.793,20.631,1.112,255.255,30.066,61.708
Nigeria,NGA,2006,Gamma Cluster,149077335.0,527631752471.0,3539.315701283498,90.097,0.604,-11.379,0.213,31.979,21.618,1.252,238.028,29.954,55.062000000000005
Nigeria,NGA,2007,Gamma Cluster,153267254.0,581001445796.0,3790.7735059701663,82.17,0.536,-8.798,0.3,27.26,22.233,1.811,224.094,29.632,51.604000000000006
Nigeria,NGA,2008,Gamma Cluster,157595014.0,638908028616.0,4054.1132133533106,86.489,0.549,5.256,0.641,33.499,20.653,2.507,219.135,30.325,57.3
Nigeria,NGA,2009,Gamma Cluster,162049466.0,709931188516.0,4380.953581889618,77.031,0.475,-10.935,0.641,27.253,18.053,3.104,212.871,29.696,49.051
Nigeria,NGA,2010,Gamma Cluster,166642888.0,809999411809.0,4860.68995521129,112.05,0.672,45.46,0.641,58.741,20.196,3.941,222.123,31.994,83.519
Nigeria,NGA,2011,Gamma Cluster,171379602.0,871103799000.0,5082.890780665951,126.115,0.736,12.553,0.678,69.442,28.003,4.682,233.312,33.009,102.80499999999999
Nigeria,NGA,2012,Gamma Cluster,176200627.0,908380661120.0,5155.377007370127,110.125,0.625,-12.68,0.901,55.858,28.872,6.403,238.341,34.195,92.034
Nigeria,NGA,2013,Gamma Cluster,181049440.0,957382666012.0,5287.962591941737,117.401,0.648,6.607,1.129,62.251,28.63,7.83,228.363,35.267,99.83999999999999
Nigeria,NGA,2014,Gamma Cluster,185896917.0,1017790765613.0,5475.027676833392,123.971,0.667,5.597,1.129,66.604,32.676,7.736,231.686,35.746,108.14500000000001
Nigeria,NGA,2015,Gamma Cluster,190671883.0,1044789628210.0,5479.515971476508,110.525,0.58,-10.847,1.183,54.11,32.448,8.386,230.338,35.73,96.127
Nigeria,NGA,2016,Gamma Cluster,195443698.0,1027896680223.0,5259.298154617398,116.396,0.596,5.312,1.238,60.54,34.434,6.886,221.453,38.149,103.09799999999998
Nigeria,NGA,2017,Gamma Cluster,200254580.0,1036180414988.0,5174.315688500108,112.54,0.562,-3.313,1.07,58.476,32.416,6.203,225.834,39.234,98.16499999999999
Nigeria,NGA,2018,Gamma Cluster,204938752.0,1056103594567.0,5153.2644961505375,106.786,0.521,-5.113,1.253,48.436,34.34,8.583,229.374,39.531,92.612
Nigeria,NGA,2019,Gamma Cluster,209485637.0,1079426893318.0,5152.748936758848,127.859,0.61,19.734,1.268,68.002,35.106,8.895,237.142,40.18,113.271
Nigeria,NGA,2020,Gamma Cluster,213996185.0,1060059201469.0,4953.6359793937445,124.899,0.584,-2.315,1.499,64.36,35.293,10.222,216.406,42.039,111.37399999999998
Nigeria,NGA,2021,Gamma Cluster,218529286.0,1098721596994.0,5027.800241812898,147.777,0.676,18.317,3.049,82.841,38.114,11.314,210.478,41.858,135.31799999999998
Nigeria,NGA,2022,Gamma Cluster,223150906.0,1134448580250.0,5083.773131756857,131.441,0.589,-11.054,3.199,69.383,37.936,10.924,202.906,40.807,121.44200000000001
Nigeria,NGA,2023,Gamma Cluster,227882949.0,,,129.376,0.568,-1.571,3.72,66.347,37.507,10.924,208.27,41.822,118.49799999999999
Nigeria,NGA,2024,Gamma Cluster,232679482.0,,,135.824,0.584,4.984,3.049,68.935,40.734,10.924,193.667,41.957,123.64200000000002
Niue,NIU,1990,Gamma Cluster,2506.0,,,0.007,2.924,100.0,,0.007,,0.0,0.001,0.0,0.007
Niue,NIU,1991,Gamma Cluster,2476.0,,,0.007,2.96,0.0,,0.007,,0.0,0.001,0.0,0.007
Niue,NIU,1992,Gamma Cluster,2443.0,,,0.007,3.0,0.0,,0.007,,0.0,0.001,0.0,0.007
Niue,NIU,1993,Gamma Cluster,2403.0,,,0.007,3.05,0.0,,0.007,,0.0,0.001,0.0,0.007
Niue,NIU,1994,Gamma Cluster,2362.0,,,0.007,3.102,0.0,,0.007,,0.0,0.001,0.0,0.007
Niue,NIU,1995,Gamma Cluster,2326.0,,,0.004,1.575,-50.0,,0.004,,0.0,0.001,0.0,0.004
Niue,NIU,1996,Gamma Cluster,2290.0,,,0.004,1.6,0.0,,0.004,,0.0,0.001,0.0,0.004
Niue,NIU,1997,Gamma Cluster,2242.0,,,0.004,1.634,0.0,,0.004,,0.0,0.001,0.0,0.004
Niue,NIU,1998,Gamma Cluster,2187.0,,,0.007,3.351,100.0,,0.007,,0.0,0.001,0.0,0.007
Niue,NIU,1999,Gamma Cluster,2138.0,,,0.007,3.428,0.0,,0.007,,0.0,0.001,0.0,0.007
Niue,NIU,2000,Gamma Cluster,2068.0,,,0.007,3.544,0.0,,0.007,,0.0,0.001,0.0,0.007
Niue,NIU,2001,Gamma Cluster,2007.0,,,0.007,3.651,0.0,,0.007,,0.0,0.001,0.0,0.007
Niue,NIU,2002,Gamma Cluster,1965.0,,,0.007,3.729,0.0,,0.007,,0.0,0.001,0.0,0.007
Niue,NIU,2003,Gamma Cluster,1928.0,,,0.004,1.9,-50.0,,0.004,,0.0,0.001,0.0,0.004
Niue,NIU,2004,Gamma Cluster,1891.0,,,0.004,1.938,0.0,,0.004,,0.0,0.001,0.0,0.004
Niue,NIU,2005,Gamma Cluster,1849.0,,,0.004,1.982,0.0,,0.004,,0.0,0.001,0.0,0.004
Niue,NIU,2006,Gamma Cluster,1818.0,,,0.004,2.015,0.0,,0.004,,0.0,0.001,0.0,0.004
Niue,NIU,2007,Gamma Cluster,1810.0,,,0.004,2.024,0.0,,0.004,,0.0,0.001,0.0,0.004
Niue,NIU,2008,Gamma Cluster,1805.0,,,0.007,4.06,100.0,,0.007,,0.0,0.001,0.0,0.007
Niue,NIU,2009,Gamma Cluster,1801.0,,,0.004,2.034,-50.0,,0.004,,0.0,0.001,0.0,0.004
Niue,NIU,2010,Gamma Cluster,1786.0,,,0.004,2.052,0.0,,0.004,,0.0,0.001,0.0,0.004
Niue,NIU,2011,Gamma Cluster,1776.0,,,0.004,2.063,0.0,,0.004,,0.0,0.001,0.0,0.004
Niue,NIU,2012,Gamma Cluster,1784.0,,,0.004,2.054,0.0,,0.004,,0.0,0.001,0.0,0.004
Niue,NIU,2013,Gamma Cluster,1786.0,,,0.007,4.103,100.0,,0.007,,0.0,0.001,0.0,0.007
Niue,NIU,2014,Gamma Cluster,1792.0,,,0.007,4.089,0.0,,0.007,,0.0,0.001,0.0,0.007
Niue,NIU,2015,Gamma Cluster,1803.0,,,0.007,4.064,0.0,,0.007,,0.0,0.001,0.0,0.007
Niue,NIU,2016,Gamma Cluster,1806.0,,,0.007,4.058,0.0,,0.007,,0.0,0.001,0.0,0.007
Niue,NIU,2017,Gamma Cluster,1803.0,,,0.007,4.064,0.0,,0.007,,0.0,0.001,0.0,0.007
Niue,NIU,2018,Gamma Cluster,1805.0,,,0.007,4.06,0.0,,0.007,,0.0,0.001,0.0,0.007
Niue,NIU,2019,Gamma Cluster,1814.0,,,0.007,4.04,0.0,,0.007,,0.0,0.001,0.0,0.007
Niue,NIU,2020,Gamma Cluster,1822.0,,,0.007,4.022,0.0,,0.007,,0.0,0.001,0.0,0.007
Niue,NIU,2021,Gamma Cluster,1836.0,,,0.007,3.991,0.0,,0.007,,0.0,0.001,0.0,0.007
Niue,NIU,2022,Gamma Cluster,1844.0,,,0.007,3.974,0.0,,0.007,,0.0,0.001,0.0,0.007
Niue,NIU,2023,Gamma Cluster,1841.0,,,0.007,3.961,-0.478,,0.007,,0.0,0.001,0.0,0.007
Niue,NIU,2024,Gamma Cluster,1841.0,,,0.008,4.143,4.58,,0.008,,0.0,0.001,0.0,0.008
North Korea,PRK,1990,Gamma Cluster,21112134.0,50223946260.0,2378.913768736026,118.383,5.607,-43.426,107.78,8.105,,2.498,27.62,8.439,118.38300000000001
North Korea,PRK,1991,Gamma Cluster,21428637.0,48202054341.0,2249.422319347703,112.819,5.265,-4.7,104.549,6.167,,2.104,26.476,8.802,112.82000000000001
North Korea,PRK,1992,Gamma Cluster,21750912.0,44917408392.0,2065.081610922797,97.985,4.505,-13.148,91.036,5.02,,1.93,25.239,8.862,97.986
North Korea,PRK,1993,Gamma Cluster,22073354.0,43046073181.0,1950.1374000978738,89.585,4.059,-8.573,83.473,4.496,,1.616,24.111,8.777,89.585
North Korea,PRK,1994,Gamma Cluster,22393967.0,42085991707.0,1879.345080172709,81.584,3.643,-8.931,76.79,3.037,,1.756,23.144,6.722,81.58300000000001
North Korea,PRK,1995,Gamma Cluster,22669307.0,40146511697.0,1770.9633425053532,76.085,3.356,-6.74,70.338,4.038,,1.71,22.076,5.025,76.08599999999998
North Korea,PRK,1996,Gamma Cluster,22895753.0,38689712954.0,1689.820507497613,66.292,2.895,-12.872,60.405,4.353,,1.534,22.58,4.239,66.292
North Korea,PRK,1997,Gamma Cluster,23110836.0,36018760289.0,1558.5226033796441,63.679,2.755,-3.941,59.291,3.037,,1.35,22.316,4.003,63.678
North Korea,PRK,1998,Gamma Cluster,23311570.0,35521586609.0,1523.7749584862795,58.749,2.52,-7.741,53.487,3.99,,1.272,20.968,3.457,58.749
North Korea,PRK,1999,Gamma Cluster,23497594.0,37610923377.0,1600.6287016875003,64.143,2.73,9.182,59.881,2.609,,1.654,22.61,3.208,64.144
North Korea,PRK,2000,Gamma Cluster,23665909.0,37758035363.0,1595.4610221394835,69.165,2.923,7.829,64.175,3.136,,1.854,23.426,3.195,69.16499999999999
North Korea,PRK,2001,Gamma Cluster,23815364.0,39161385107.0,1644.3748290809244,71.668,3.009,3.619,66.11,3.488,,2.07,24.053,3.418,71.66799999999999
North Korea,PRK,2002,Gamma Cluster,23943975.0,39634147135.0,1655.2868575497594,68.642,2.867,-4.223,63.021,3.495,,2.125,23.571,2.771,68.641
North Korea,PRK,2003,Gamma Cluster,24090382.0,40352082900.0,1675.028768742646,70.143,2.912,2.187,64.534,3.404,,2.205,24.054,2.414,70.143
North Korea,PRK,2004,Gamma Cluster,24254946.0,41171424607.0,1697.4444967636705,71.722,2.957,2.251,66.066,3.426,,2.231,24.803,2.734,71.723
North Korea,PRK,2005,Gamma Cluster,24396434.0,42708227011.0,1750.59301744673,75.01,3.075,4.585,69.796,2.876,,2.338,26.28,2.701,75.01
North Korea,PRK,2006,Gamma Cluster,24524508.0,42264169568.0,1723.3442386693343,76.17,3.106,1.547,71.572,2.195,,2.403,26.558,2.85,76.17
North Korea,PRK,2007,Gamma Cluster,24646384.0,41765545354.0,1694.5911965828334,63.478,2.576,-16.663,58.496,2.623,,2.359,24.275,2.498,63.478
North Korea,PRK,2008,Gamma Cluster,24764620.0,43163303891.0,1742.9423060398262,70.326,2.84,10.788,65.19,2.686,,2.45,25.149,2.6,70.32600000000001
North Korea,PRK,2009,Gamma Cluster,24878338.0,42791212438.0,1720.0189352681036,67.66,2.72,-3.791,62.732,2.59,,2.338,24.81,2.75,67.66
North Korea,PRK,2010,Gamma Cluster,24987257.0,42605438930.0,1705.0866739794608,65.355,2.616,-3.407,60.39,2.568,,2.397,25.011,2.877,65.355
North Korea,PRK,2011,Gamma Cluster,25097877.0,42961431310.0,1711.755592315637,47.867,1.907,-26.759,42.785,2.642,,2.44,24.31,2.965,47.867
North Korea,PRK,2012,Gamma Cluster,25211737.0,43545173971.0,1727.1786537754222,46.755,1.854,-2.323,41.792,2.532,,2.431,23.955,2.717,46.754999999999995
North Korea,PRK,2013,Gamma Cluster,25329456.0,44033758330.0,1738.4407438517433,36.144,1.427,-22.694,30.888,2.733,,2.523,24.207,2.647,36.144000000000005
North Korea,PRK,2014,Gamma Cluster,25451263.0,44518471841.0,1749.165526323782,39.825,1.565,10.182,34.668,2.609,,2.547,24.385,2.56,39.824
North Korea,PRK,2015,Gamma Cluster,25575355.0,44032955306.0,1721.6947841388712,31.278,1.223,-21.461,25.736,2.986,,2.556,23.819,2.354,31.278000000000002
North Korea,PRK,2016,Gamma Cluster,25698325.0,45739740287.0,1779.872434759853,34.236,1.332,9.459,28.337,3.199,,2.701,25.602,2.576,34.237
North Korea,PRK,2017,Gamma Cluster,25817710.0,44160501992.0,1710.4732368595046,69.708,2.7,103.608,64.168,2.931,,2.609,24.2,2.962,69.708
North Korea,PRK,2018,Gamma Cluster,25931153.0,42349472757.0,1633.150394700922,62.608,2.414,-10.185,57.477,2.906,,2.226,21.783,3.206,62.608999999999995
North Korea,PRK,2019,Gamma Cluster,26037633.0,42499100315.0,1632.2182709541992,69.512,2.67,11.027,64.201,3.173,,2.139,23.29,2.736,69.51299999999999
North Korea,PRK,2020,Gamma Cluster,26136312.0,40572892149.0,1552.3572013144012,65.577,2.509,-5.662,60.353,3.052,,2.171,22.534,2.425,65.57600000000001
North Korea,PRK,2021,Gamma Cluster,26232530.0,40550428396.0,1545.8069959702705,53.97,2.057,-17.7,49.219,2.477,,2.274,20.394,2.245,53.97
North Korea,PRK,2022,Gamma Cluster,26328843.0,40488847458.0,1537.81339567409,56.289,2.138,4.298,51.19,2.599,,2.5,20.716,2.145,56.289
North Korea,PRK,2023,Gamma Cluster,26418196.0,,,62.025,2.348,10.189,56.746,2.587,,2.692,20.129,2.185,62.025000000000006
North Korea,PRK,2024,Gamma Cluster,26498832.0,,,62.55,2.36,0.847,57.153,2.705,,2.692,18.97,1.932,62.55
North Macedonia,MKD,1990,Gamma Cluster,2063690.0,17074264103.0,8273.657430621848,11.098,5.378,-0.287,5.829,5.253,,,2.596,0.932,11.082
North Macedonia,MKD,1991,Gamma Cluster,2056002.0,16091738511.0,7826.713452126992,7.789,3.788,-29.82,3.419,4.36,,,2.512,0.877,7.779
North Macedonia,MKD,1992,Gamma Cluster,2032516.0,15099004830.0,7428.726184689321,8.394,4.13,7.773,5.24,3.155,,,2.279,0.644,8.395
North Macedonia,MKD,1993,Gamma Cluster,2006853.0,14032388036.0,6992.235124346427,7.599,3.787,-9.471,5.255,2.344,,,2.274,0.664,7.599
North Macedonia,MKD,1994,Gamma Cluster,1992669.0,13843334272.0,6947.131847788067,7.903,3.966,4.001,5.47,2.433,,,2.246,0.867,7.903
North Macedonia,MKD,1995,Gamma Cluster,1998531.0,13754792054.0,6882.451187397143,7.925,3.966,0.278,5.643,2.283,,,2.204,0.838,7.926
North Macedonia,MKD,1996,Gamma Cluster,2012553.0,13985282522.0,6949.025701186503,9.416,4.679,18.816,5.844,3.572,,,2.226,0.843,9.416
North Macedonia,MKD,1997,Gamma Cluster,2025764.0,14249362170.0,7034.06821821298,8.446,4.169,-10.311,5.467,2.979,,,2.129,0.79,8.446
North Macedonia,MKD,1998,Gamma Cluster,2037575.0,14789521174.0,7258.39351876618,9.647,4.735,14.229,6.873,2.734,0.04,,2.075,0.726,9.646999999999998
North Macedonia,MKD,1999,Gamma Cluster,2048088.0,15508166039.0,7572.0213384385825,8.783,4.288,-8.962,6.021,2.685,0.077,,1.956,0.683,8.783
North Macedonia,MKD,2000,Gamma Cluster,2057254.0,16307994486.0,7927.069037658937,8.468,4.116,-3.588,5.527,2.816,0.125,,1.969,0.65,8.468
North Macedonia,MKD,2001,Gamma Cluster,2066300.0,15872667390.0,7681.685810385714,8.292,4.013,-2.079,5.828,2.298,0.165,,1.92,0.59,8.291
North Macedonia,MKD,2002,Gamma Cluster,2074482.0,16017432272.0,7721.171970641346,7.837,3.778,-5.478,5.104,2.561,0.172,,1.893,0.562,7.837
North Macedonia,MKD,2003,Gamma Cluster,2081417.0,16466000239.0,7910.956929341886,8.533,4.1,8.881,5.854,2.529,0.15,,1.912,0.576,8.533
North Macedonia,MKD,2004,Gamma Cluster,2086581.0,17324217189.0,8302.681366790937,8.229,3.944,-3.562,5.496,2.598,0.136,,1.927,0.618,8.23
North Macedonia,MKD,2005,Gamma Cluster,2089809.0,18219129334.0,8718.083487055515,8.596,4.113,4.452,5.771,2.682,0.143,,1.889,0.614,8.596
North Macedonia,MKD,2006,Gamma Cluster,2089232.0,19227779553.0,9203.27639678121,8.651,4.141,0.639,5.632,2.865,0.154,,1.915,0.612,8.651
North Macedonia,MKD,2007,Gamma Cluster,2081972.0,20547244002.0,9869.126002655175,9.013,4.329,4.191,5.722,3.097,0.194,,1.916,0.612,9.013000000000002
North Macedonia,MKD,2008,Gamma Cluster,2070837.0,21752220835.0,10504.071945305208,8.936,4.315,-0.852,5.936,2.777,0.224,,1.92,0.589,8.937000000000001
North Macedonia,MKD,2009,Gamma Cluster,2060601.0,21758909955.0,10559.496940455721,8.248,4.002,-7.71,5.278,2.822,0.147,,1.846,0.571,8.247
North Macedonia,MKD,2010,Gamma Cluster,2051510.0,22583127369.0,11008.051322684267,8.182,3.988,-0.796,5.223,2.739,0.22,,1.89,0.586,8.182
North Macedonia,MKD,2011,Gamma Cluster,2040445.0,23201482935.0,11370.795554401124,8.823,4.324,7.835,5.818,2.752,0.253,,1.961,0.595,8.823
North Macedonia,MKD,2012,Gamma Cluster,2027288.0,23095684802.0,11392.404434890355,8.457,4.171,-4.153,5.522,2.675,0.26,,1.937,0.563,8.456999999999999
North Macedonia,MKD,2013,Gamma Cluster,2013280.0,23771197646.0,11807.199021497257,7.452,3.702,-11.873,4.557,2.599,0.297,,1.892,0.575,7.453
North Macedonia,MKD,2014,Gamma Cluster,1997842.0,24633991465.0,12330.300126336317,7.167,3.587,-3.833,4.32,2.594,0.253,,1.823,0.585,7.167
North Macedonia,MKD,2015,Gamma Cluster,1980366.0,25583815729.0,12918.731047190267,6.72,3.393,-6.237,3.752,2.737,0.231,,1.833,0.579,6.72
North Macedonia,MKD,2016,Gamma Cluster,1961268.0,26312536822.0,13416.084299544988,6.606,3.368,-1.69,3.433,2.81,0.363,,1.816,0.61,6.606
North Macedonia,MKD,2017,Gamma Cluster,1940877.0,26597107306.0,13703.654227444604,7.09,3.653,7.324,3.812,2.813,0.465,,1.849,0.601,7.09
North Macedonia,MKD,2018,Gamma Cluster,1919730.0,27363281668.0,14253.713630562632,6.654,3.466,-6.152,3.408,2.77,0.476,,1.808,0.58,6.654
North Macedonia,MKD,2019,Gamma Cluster,1897643.0,28433274864.0,14983.468894834275,7.625,4.018,14.59,4.051,3.017,0.557,,1.704,0.552,7.625
North Macedonia,MKD,2020,Gamma Cluster,1872021.0,27100243788.0,14476.463558902384,6.98,3.729,-8.455,3.459,2.88,0.641,,1.716,0.569,6.98
North Macedonia,MKD,2021,Gamma Cluster,1851109.0,28165634846.0,15215.54638111532,6.518,3.521,-6.614,2.55,3.155,0.813,,1.619,0.502,6.518
North Macedonia,MKD,2022,Gamma Cluster,1840236.0,28770256385.0,15634.003673985293,7.352,3.995,12.794,3.323,3.479,0.55,,1.609,0.496,7.351999999999999
North Macedonia,MKD,2023,Gamma Cluster,1831800.0,,,7.338,4.006,-0.188,3.183,3.46,0.695,,1.567,0.484,7.338
North Macedonia,MKD,2024,Gamma Cluster,1823011.0,,,6.62,3.631,-9.794,2.454,3.511,0.655,,1.528,0.458,6.62
Norway,NOR,1990,Gamma Cluster,4241440.0,124859200464.0,29437.926851258064,35.009,8.254,2.522,3.687,20.249,7.499,0.634,7.694,5.146,32.068999999999996
Norway,NOR,1991,Gamma Cluster,4261618.0,132697585836.0,31137.841504330045,33.466,7.853,-4.407,3.263,19.449,7.826,0.592,7.729,5.034,31.130000000000003
Norway,NOR,1992,Gamma Cluster,4286255.0,141648316012.0,33047.10429314168,34.402,8.026,2.797,3.292,19.749,8.334,0.653,7.803,4.5,32.028
Norway,NOR,1993,Gamma Cluster,4311864.0,150177267961.0,34828.85080814237,35.948,8.337,4.494,3.7,20.13,8.719,0.838,7.774,4.757,33.387
Norway,NOR,1994,Gamma Cluster,4336467.0,162645039026.0,37506.347684878034,37.863,8.731,5.327,4.067,20.876,9.423,0.845,8.082,4.845,35.211
Norway,NOR,1995,Gamma Cluster,4358991.0,174592147085.0,40053.33965704449,38.469,8.825,1.601,4.138,21.313,9.396,0.875,8.172,4.955,35.722
Norway,NOR,1996,Gamma Cluster,4381137.0,189011166346.0,43142.03512604148,41.54,9.482,7.983,4.139,23.388,10.118,0.863,8.325,4.983,38.508
Norway,NOR,1997,Gamma Cluster,4404988.0,205129717023.0,46567.5995083301,41.644,9.454,0.25,4.212,23.045,10.553,0.922,8.471,4.951,38.732
Norway,NOR,1998,Gamma Cluster,4431308.0,216978667712.0,48964.925866583864,41.838,9.441,0.466,4.417,23.751,9.862,0.9,8.293,5.002,38.93
Norway,NOR,1999,Gamma Cluster,4461789.0,228192617125.0,51143.749093693135,42.609,9.55,1.843,4.402,24.282,9.615,0.892,8.213,4.978,39.191
Norway,NOR,2000,Gamma Cluster,4490864.0,242751277829.0,54054.470994668285,42.131,9.381,-1.122,4.324,22.346,11.042,0.89,8.508,4.788,38.602000000000004
Norway,NOR,2001,Gamma Cluster,4513650.0,255455331302.0,56596.17633223666,43.519,9.642,3.294,3.939,23.33,12.131,0.853,9.249,4.798,40.253
Norway,NOR,2002,Gamma Cluster,4538016.0,267081351259.0,58854.21101622383,42.571,9.381,-2.178,3.434,23.322,12.302,0.875,9.62,4.791,39.933
Norway,NOR,2003,Gamma Cluster,4564666.0,277856282106.0,60871.10910327284,43.919,9.622,3.166,3.284,24.382,13.021,0.904,10.366,4.9,41.591
Norway,NOR,2004,Gamma Cluster,4591739.0,297743119876.0,64843.215147028175,44.257,9.638,0.77,3.67,24.047,13.595,0.716,10.451,4.918,42.028
Norway,NOR,2005,Gamma Cluster,4623120.0,314940774381.0,68122.99364520064,43.279,9.361,-2.21,3.319,23.64,13.426,0.78,9.661,4.903,41.165
Norway,NOR,2006,Gamma Cluster,4660487.0,332457531096.0,71335.36282710369,43.859,9.411,1.34,2.747,24.743,13.6,0.805,10.241,4.609,41.894999999999996
Norway,NOR,2007,Gamma Cluster,4709017.0,352692911227.0,74897.35357230606,45.605,9.685,3.981,3.11,24.389,13.92,0.869,11.076,4.363,42.288
Norway,NOR,2008,Gamma Cluster,4768097.0,364943654963.0,76538.63899224365,44.692,9.373,-2.002,3.23,23.62,14.09,0.833,10.868,4.066,41.772999999999996
Norway,NOR,2009,Gamma Cluster,4828625.0,370113292846.0,76649.83154541925,43.098,8.926,-3.567,2.322,23.144,14.793,0.842,10.372,3.719,41.101
Norway,NOR,2010,Gamma Cluster,4889160.0,383760934305.0,78492.2019948212,45.659,9.339,5.942,3.053,24.535,15.053,0.754,10.092,4.042,43.395
Norway,NOR,2011,Gamma Cluster,4952969.0,399420041611.0,80642.54825963982,44.775,9.04,-1.936,3.202,24.308,14.368,0.749,9.638,4.095,42.627
Norway,NOR,2012,Gamma Cluster,5018453.0,410276121127.0,81753.50474080359,44.258,8.819,-1.155,3.175,24.279,14.086,0.725,8.336,4.125,42.265
Norway,NOR,2013,Gamma Cluster,5080126.0,414445317738.0,81581.70048105106,44.539,8.767,0.635,3.242,24.539,13.909,0.731,8.41,4.08,42.42100000000001
Norway,NOR,2014,Gamma Cluster,5137397.0,422933730082.0,82324.5176656583,44.975,8.754,0.979,3.473,24.091,14.651,0.727,8.3,4.107,42.942
Norway,NOR,2015,Gamma Cluster,5189777.0,430788988142.0,83007.22519329829,45.523,8.772,1.218,3.362,23.893,15.516,0.672,8.408,4.181,43.443
Norway,NOR,2016,Gamma Cluster,5235974.0,435806553454.0,83233.13932689505,44.708,8.539,-1.79,3.479,23.38,15.152,0.684,8.323,4.16,42.69499999999999
Norway,NOR,2017,Gamma Cluster,5276807.0,446543702505.0,84623.84591761646,44.197,8.376,-1.143,3.581,22.723,15.498,0.766,8.233,4.152,42.568
Norway,NOR,2018,Gamma Cluster,5311751.0,450245217440.0,84763.99165548234,44.472,8.372,0.622,3.466,23.347,15.335,0.73,8.349,4.148,42.878
Norway,NOR,2019,Gamma Cluster,5347733.0,455304831150.0,85139.78374574796,42.866,8.016,-3.611,3.485,22.084,15.057,0.722,7.916,4.166,41.348
Norway,NOR,2020,Gamma Cluster,5379275.0,449485260525.0,83558.70642884032,41.275,7.673,-3.712,3.539,21.328,14.318,0.725,8.042,4.162,39.910000000000004
Norway,NOR,2021,Gamma Cluster,5408082.0,467007972731.0,86353.71518608631,41.058,7.592,-0.526,3.639,22.07,13.397,0.699,8.205,4.302,39.805
Norway,NOR,2022,Gamma Cluster,5456796.0,482328451592.0,88390.41290750103,40.833,7.483,-0.548,3.68,22.164,12.923,0.71,8.234,4.165,39.477000000000004
Norway,NOR,2023,Gamma Cluster,5519167.0,,,38.869,7.043,-4.81,3.752,21.22,11.422,0.594,8.263,4.146,36.988
Norway,NOR,2024,Gamma Cluster,5576656.0,,,37.183,6.668,-4.338,3.851,20.837,10.047,0.594,8.397,4.177,35.329
Oman,OMN,1990,Delta Cluster,1763957.0,18309502487.0,10379.789579337817,11.285,6.398,12.388,0.0,5.232,4.203,0.48,18.101,0.419,9.915000000000001
Oman,OMN,1991,Delta Cluster,1851476.0,20523449762.0,11084.91266535456,11.658,6.297,3.309,0.0,5.494,4.458,0.476,22.139,0.461,10.428
Oman,OMN,1992,Delta Cluster,1938240.0,23477627483.0,12112.858821920918,11.956,6.168,2.552,0.0,4.043,6.256,0.462,20.092,0.483,10.761
Oman,OMN,1993,Delta Cluster,2021677.0,26328163578.0,13022.932732577954,13.291,6.574,11.169,0.0,4.085,7.588,0.475,18.834,0.499,12.148
Oman,OMN,1994,Delta Cluster,2081839.0,28891343065.0,13877.798938822838,17.466,8.39,31.408,0.0,5.276,8.416,0.568,19.105,0.524,14.26
Oman,OMN,1995,Delta Cluster,2120531.0,32313285852.0,15238.299205246232,18.816,8.873,7.731,0.0,7.678,6.876,0.555,21.429,0.553,15.109
Oman,OMN,1996,Delta Cluster,2156925.0,35842067925.0,16617.206404951492,18.197,8.437,-3.29,0.0,7.273,6.383,0.592,22.609,0.568,14.248
Oman,OMN,1997,Delta Cluster,2190726.0,41346951900.0,18873.62997472071,18.145,8.282,-0.29,0.0,5.518,7.497,0.591,25.147,0.588,13.606
Oman,OMN,1998,Delta Cluster,2222492.0,46306004470.0,20835.172621543745,18.543,8.343,2.197,0.0,5.363,8.839,0.621,21.922,0.62,14.823000000000002
Oman,OMN,1999,Delta Cluster,2252910.0,50522589652.0,22425.480668113683,22.076,9.799,19.053,0.0,7.738,9.754,0.565,23.447,0.646,18.057000000000002
Oman,OMN,2000,Delta Cluster,2282139.0,58124187550.0,25469.170611430767,23.984,10.51,8.644,0.0,8.163,11.029,0.573,24.945,0.613,19.765
Oman,OMN,2001,Delta Cluster,2310223.0,64949142360.0,28113.79782817503,22.512,9.744,-6.14,0.0,5.251,12.134,0.626,26.549,0.651,18.011000000000003
Oman,OMN,2002,Delta Cluster,2337144.0,68131998222.0,29151.818724905268,26.979,11.544,19.844,0.0,6.226,15.314,0.768,27.148,0.663,22.308
Oman,OMN,2003,Delta Cluster,2363801.0,69978417960.0,29604.19170649306,34.563,14.622,28.112,0.0,11.12,16.818,1.116,30.27,0.672,29.054000000000002
Oman,OMN,2004,Delta Cluster,2404822.0,74745449481.0,31081.48939131462,29.247,12.162,-15.38,0.001,7.504,15.37,1.156,28.932,0.704,24.031
Oman,OMN,2005,Delta Cluster,2459808.0,80936605625.0,32903.6272851377,31.835,12.942,8.849,0.004,6.87,18.892,1.171,27.995,0.718,26.936999999999998
Oman,OMN,2006,Delta Cluster,2514794.0,90553430362.0,36008.2894909086,40.45,16.085,27.059,0.0,14.029,20.625,1.557,25.6,0.763,36.211
Oman,OMN,2007,Delta Cluster,2570175.0,100681198254.0,39172.896107852575,45.308,17.629,12.012,0.003,18.148,21.717,1.642,23.856,0.816,41.51
Oman,OMN,2008,Delta Cluster,2626536.0,115217924982.0,43866.874462029074,47.436,18.06,4.695,0.009,13.275,28.689,1.674,24.06,0.843,43.647
Oman,OMN,2009,Delta Cluster,2684665.0,127016653137.0,47311.9190427856,44.504,16.577,-6.18,0.025,10.53,28.729,1.664,23.588,0.838,40.948
Oman,OMN,2010,Delta Cluster,2757450.0,135198273857.0,49030.18145641807,51.429,18.651,15.561,0.029,12.109,34.106,1.865,23.428,0.895,48.109
Oman,OMN,2011,Delta Cluster,3076762.0,132756531310.0,43148.131480433,57.305,18.625,11.425,0.027,12.45,39.117,2.063,24.31,0.947,53.657
Oman,OMN,2012,Delta Cluster,3547104.0,144522749866.0,40743.87158256426,63.105,17.791,10.121,0.014,14.983,41.637,2.499,25.469,1.001,59.133
Oman,OMN,2013,Delta Cluster,3833915.0,152076951430.0,39666.229279991865,65.587,17.107,3.933,0.021,13.168,45.635,2.335,26.736,1.131,61.159
Oman,OMN,2014,Delta Cluster,4002444.0,154041791696.0,38486.93240829853,66.19,16.537,0.919,0.015,14.275,44.965,2.06,26.999,1.149,61.315000000000005
Oman,OMN,2015,Delta Cluster,4184898.0,161770059399.0,38655.6755741717,67.883,16.221,2.558,0.214,12.703,48.251,2.141,28.245,1.177,63.309
Oman,OMN,2016,Delta Cluster,4390880.0,169932976616.0,38701.34838938891,66.24,15.086,-2.421,0.186,10.941,48.255,2.302,29.245,1.195,61.684000000000005
Oman,OMN,2017,Delta Cluster,4537397.0,170449577065.0,37565.49780964725,66.344,14.622,0.157,0.166,11.828,47.496,1.963,28.851,1.214,61.453
Oman,OMN,2018,Delta Cluster,4597878.0,172643265345.0,37548.46591079624,70.678,15.372,6.533,0.111,12.599,51.296,2.169,29.189,1.255,66.175
Oman,OMN,2019,Delta Cluster,4591248.0,170692383655.0,37177.77468239572,72.035,15.69,1.92,0.191,12.324,52.344,2.229,29.215,1.272,67.08800000000001
Oman,OMN,2020,Delta Cluster,4522502.0,165230251016.0,36535.141613204374,71.845,15.886,-0.263,0.329,10.069,54.171,2.545,28.935,1.264,67.114
Oman,OMN,2021,Delta Cluster,4500429.0,170025212745.0,37779.77893774127,75.041,16.674,4.449,0.165,11.147,56.451,2.625,29.6,1.308,70.388
Oman,OMN,2022,Delta Cluster,4730229.0,177355008173.0,37493.95815149753,77.994,16.488,3.934,0.024,12.725,58.523,2.827,31.962,1.36,74.099
Oman,OMN,2023,Delta Cluster,5049267.0,,,79.811,15.806,2.329,0.018,12.765,60.649,2.827,31.944,1.389,76.259
Oman,OMN,2024,Delta Cluster,5281542.0,,,82.662,15.651,3.573,0.023,12.435,63.552,2.827,32.877,1.417,78.837
Pakistan,PAK,1990,Delta Cluster,116155584.0,290069526062.0,2497.249947639194,67.827,0.584,12.452,8.53,33.128,23.117,3.052,91.22,27.327,67.82700000000001
Pakistan,PAK,1991,Delta Cluster,120060409.0,311483364597.0,2594.388668099573,67.477,0.562,-0.516,8.024,32.311,23.983,3.159,90.121,27.889,67.477
Pakistan,PAK,1992,Delta Cluster,123546855.0,327814343506.0,2653.3604882617205,72.015,0.583,6.725,8.361,34.971,25.515,3.168,92.768,29.525,72.015
Pakistan,PAK,1993,Delta Cluster,127020117.0,338978430026.0,2668.698770179845,77.176,0.608,7.166,8.464,38.384,26.949,3.379,95.307,30.305,77.176
Pakistan,PAK,1994,Delta Cluster,130748076.0,356454516834.0,2726.2696916014274,84.018,0.643,8.866,9.208,42.986,28.539,3.286,97.119,31.6,84.019
Pakistan,PAK,1995,Delta Cluster,134582255.0,376967615526.0,2801.02020527149,83.614,0.621,-0.481,8.332,43.693,28.11,3.479,99.644,34.041,83.61399999999999
Pakistan,PAK,1996,Delta Cluster,138557089.0,391435181933.0,2825.0823163079012,93.542,0.675,11.874,9.358,50.178,30.404,3.602,103.79,34.26,93.542
Pakistan,PAK,1997,Delta Cluster,142531801.0,402359547116.0,2822.9457867862066,93.788,0.658,0.263,8.574,49.358,32.218,3.639,106.122,35.329,93.789
Pakistan,PAK,1998,Delta Cluster,146522354.0,419024845538.0,2859.8014848846888,96.741,0.66,3.148,8.182,52.58,32.384,3.595,109.624,35.711,96.741
Pakistan,PAK,1999,Delta Cluster,150565381.0,440333180316.0,2924.531372294671,99.389,0.66,2.738,8.592,52.448,34.476,3.873,111.711,37.042,99.389
Pakistan,PAK,2000,Delta Cluster,154879124.0,459798536606.0,2968.757342700363,103.94,0.671,4.578,8.192,55.39,36.368,3.989,114.16,37.758,103.93900000000001
Pakistan,PAK,2001,Delta Cluster,159270910.0,477964444881.0,3000.9525586373557,105.401,0.662,1.406,8.042,55.088,37.856,4.414,114.965,38.145,105.4
Pakistan,PAK,2002,Delta Cluster,163222552.0,504824722487.0,3092.8613497416704,110.566,0.677,4.901,7.742,53.659,44.77,4.395,119.127,39.238,110.56599999999999
Pakistan,PAK,2003,Delta Cluster,167110250.0,543920300431.0,3254.8589953698233,113.142,0.677,2.329,8.841,44.217,54.912,5.171,123.496,40.332,113.141
Pakistan,PAK,2004,Delta Cluster,171285999.0,592025705114.0,3456.3578375953543,124.637,0.728,10.16,11.923,46.331,60.778,5.604,126.702,41.821,124.63600000000001
Pakistan,PAK,2005,Delta Cluster,175453212.0,641139042718.0,3654.188118927113,129.947,0.741,4.261,11.446,48.365,63.497,6.639,130.2,43.961,129.947
Pakistan,PAK,2006,Delta Cluster,179682690.0,685965623310.0,3817.6500101929687,137.912,0.768,6.129,12.051,54.216,63.757,7.887,138.481,45.795,137.911
Pakistan,PAK,2007,Delta Cluster,184493231.0,719253757580.0,3898.5373809188695,148.349,0.804,7.568,16.067,57.866,64.952,9.465,140.902,46.319,148.35
Pakistan,PAK,2008,Delta Cluster,189499112.0,746912719652.0,3941.5103942650667,147.901,0.78,-0.302,12.887,58.93,65.756,10.33,146.053,47.768,147.90300000000002
Pakistan,PAK,2009,Delta Cluster,194376535.0,774880575078.0,3986.49237716888,148.355,0.763,0.307,11.446,58.311,66.987,11.611,149.245,51.785,148.355
Pakistan,PAK,2010,Delta Cluster,199239048.0,805491514683.0,4042.8396078413302,147.504,0.74,-0.574,11.021,62.145,63.123,11.214,149.038,51.153,147.503
Pakistan,PAK,2011,Delta Cluster,203746069.0,845096928750.0,4147.7950121825415,149.488,0.734,1.345,12.003,60.504,65.959,11.022,154.727,52.183,149.488
Pakistan,PAK,2012,Delta Cluster,207667129.0,878485024934.0,4230.255549658993,150.555,0.725,0.714,10.369,63.616,64.177,11.391,158.155,50.823,149.553
Pakistan,PAK,2013,Delta Cluster,211073979.0,918328534363.0,4350.742515556595,148.183,0.702,-1.576,10.318,61.042,63.721,11.962,164.96,54.007,147.04299999999998
Pakistan,PAK,2014,Delta Cluster,214264649.0,961516822345.0,4487.5196483998625,150.81,0.704,1.772,13.117,60.428,64.202,12.198,170.333,54.468,149.94500000000002
Pakistan,PAK,2015,Delta Cluster,217290884.0,1010825281718.0,4651.945185689428,144.896,0.667,-3.921,12.506,54.382,64.407,12.704,174.168,55.657,143.99900000000002
Pakistan,PAK,2016,Delta Cluster,220138863.0,1061146810870.0,4820.352010585246,176.741,0.803,21.978,22.614,74.33,64.522,14.46,178.868,57.525,175.92600000000002
Pakistan,PAK,2017,Delta Cluster,223273974.0,1117267177186.0,5004.018861535559,211.981,0.949,19.939,37.259,83.47,75.724,14.846,184.139,60.896,211.299
Pakistan,PAK,2018,Delta Cluster,226928893.0,1165406508457.0,5135.558073061238,203.5,0.897,-4.001,46.21,66.654,74.561,15.5,189.753,62.02,202.925
Pakistan,PAK,2019,Delta Cluster,230800908.0,1172330212219.0,5079.40034715548,190.826,0.827,-6.228,44.715,61.867,68.337,15.444,194.791,62.658,190.36299999999997
Pakistan,PAK,2020,Delta Cluster,235001745.0,1202026422230.0,5114.968070683901,215.51,0.917,12.935,52.01,80.077,66.395,16.573,202.847,64.587,215.05499999999998
Pakistan,PAK,2021,Delta Cluster,239477805.0,1278204948031.0,5337.467278151309,243.552,1.017,13.012,62.292,94.018,67.872,18.929,209.771,67.453,243.11100000000002
Pakistan,PAK,2022,Delta Cluster,243700667.0,1318834969356.0,5411.70028622039,211.97,0.87,-12.967,59.54,73.32,61.74,16.918,213.51,68.106,211.518
Pakistan,PAK,2023,Delta Cluster,247504505.0,,,186.861,0.755,-11.845,51.092,58.21,61.176,15.957,222.759,69.263,186.435
Pakistan,PAK,2024,Delta Cluster,251269160.0,,,179.8,0.716,-3.778,45.25,59.735,59.945,14.402,228.614,71.433,179.332
Palau,PLW,1990,Delta Cluster,15282.0,,,0.234,15.345,3.226,,0.234,,0.0,0.15,0.0,0.234
Palau,PLW,1991,Delta Cluster,15635.0,,,0.234,14.998,0.0,,0.234,,0.0,0.149,0.0,0.234
Palau,PLW,1992,Delta Cluster,16017.0,,,0.194,12.124,-17.188,,0.194,,0.0,0.137,0.0,0.194
Palau,PLW,1993,Delta Cluster,16397.0,,,0.194,11.843,0.0,,0.194,,0.0,0.14,0.0,0.194
Palau,PLW,1994,Delta Cluster,16796.0,,,0.198,11.78,1.887,,0.198,,0.0,0.208,0.0,0.198
Palau,PLW,1995,Delta Cluster,17217.0,,,0.194,11.279,-1.852,,0.194,,0.0,0.159,0.0,0.194
Palau,PLW,1996,Delta Cluster,17683.0,,,0.198,11.189,1.887,,0.198,,0.0,0.147,0.0,0.198
Palau,PLW,1997,Delta Cluster,18126.0,,,0.198,10.916,0.0,,0.198,,0.0,0.124,0.0,0.198
Palau,PLW,1998,Delta Cluster,18548.0,,,0.202,10.865,1.852,,0.202,,0.0,0.107,0.0,0.202
Palau,PLW,1999,Delta Cluster,18926.0,,,0.202,10.648,0.0,,0.202,,0.0,0.125,0.0,0.202
Palau,PLW,2000,Delta Cluster,19206.0,,,0.209,10.874,3.636,,0.209,,0.0,0.08,0.0,0.209
Palau,PLW,2001,Delta Cluster,19379.0,,,0.213,10.966,1.754,,0.213,,0.0,0.077,0.0,0.213
Palau,PLW,2002,Delta Cluster,19527.0,,,0.213,10.883,0.0,,0.213,,0.0,0.04,0.0,0.213
Palau,PLW,2003,Delta Cluster,19683.0,,,0.213,10.797,0.0,,0.213,,0.0,0.045,0.0,0.213
Palau,PLW,2004,Delta Cluster,19841.0,,,0.213,10.711,0.0,,0.213,,0.0,0.047,0.0,0.213
Palau,PLW,2005,Delta Cluster,19837.0,,,0.224,11.267,5.172,,0.224,,0.0,0.077,0.0,0.224
Palau,PLW,2006,Delta Cluster,19616.0,,,0.227,11.581,1.639,,0.227,,0.0,0.074,0.0,0.227
Palau,PLW,2007,Delta Cluster,19324.0,,,0.253,13.083,11.29,,0.253,,0.0,0.057,0.0,0.253
Palau,PLW,2008,Delta Cluster,19031.0,,,0.205,10.782,-18.841,,0.205,,0.0,0.058,0.0,0.205
Palau,PLW,2009,Delta Cluster,18736.0,,,0.194,10.365,-5.357,,0.194,,0.0,0.075,0.0,0.194
Palau,PLW,2010,Delta Cluster,18420.0,,,0.209,11.338,7.547,,0.209,,0.0,0.061,0.0,0.209
Palau,PLW,2011,Delta Cluster,18099.0,,,0.213,11.742,1.754,,0.213,,0.0,0.054,0.0,0.213
Palau,PLW,2012,Delta Cluster,17791.0,,,0.224,12.563,5.172,,0.224,,0.0,0.058,0.063,0.224
Palau,PLW,2013,Delta Cluster,17670.0,,,0.227,12.856,1.639,,0.227,,0.0,0.031,0.028,0.227
Palau,PLW,2014,Delta Cluster,17740.0,,,0.22,12.392,-3.226,,0.22,,0.0,0.032,0.025,0.22
Palau,PLW,2015,Delta Cluster,17791.0,,,0.202,11.327,-8.333,,0.202,,0.0,0.037,0.024,0.202
Palau,PLW,2016,Delta Cluster,17824.0,,,0.209,11.717,3.636,,0.209,,0.0,0.036,0.023,0.209
Palau,PLW,2017,Delta Cluster,17838.0,,,0.216,12.119,3.509,,0.216,,0.0,0.037,0.025,0.216
Palau,PLW,2018,Delta Cluster,17843.0,,,0.213,11.91,-1.695,,0.213,,0.0,0.034,0.025,0.213
Palau,PLW,2019,Delta Cluster,17821.0,,,0.216,12.13,1.724,,0.216,,0.0,0.036,0.026,0.216
Palau,PLW,2020,Delta Cluster,17817.0,,,0.209,11.722,-3.39,,0.209,,0.0,0.037,0.026,0.209
Palau,PLW,2021,Delta Cluster,17809.0,,,0.213,11.933,1.754,,0.213,,0.0,0.037,0.027,0.213
Palau,PLW,2022,Delta Cluster,17784.0,,,0.217,12.215,2.222,,0.217,,0.0,0.039,0.028,0.217
Palau,PLW,2023,Delta Cluster,17751.0,,,0.216,12.18,-0.472,,0.216,,0.0,0.036,0.029,0.216
Palau,PLW,2024,Delta Cluster,17719.0,,,0.226,12.76,4.574,,0.226,,0.0,0.038,0.03,0.226
Palestine,PSE,1990,Delta Cluster,2139065.0,10144810000.0,4742.637554258519,0.861,0.403,,,0.861,,0.0,,,0.861
Palestine,PSE,1991,Delta Cluster,2228955.0,9454877455.0,4241.843130525291,0.883,0.396,2.553,,0.883,,0.0,,,0.883
Palestine,PSE,1992,Delta Cluster,2324698.0,11394776250.0,4901.6157152455935,0.912,0.392,3.32,,0.912,,0.0,,,0.912
Palestine,PSE,1993,Delta Cluster,2425066.0,12261093169.0,5055.983288289885,0.934,0.385,2.41,,0.934,,0.0,,,0.934
Palestine,PSE,1994,Delta Cluster,2529164.0,13843761534.0,5473.651188297793,0.964,0.381,3.137,,0.964,,0.0,,,0.964
Palestine,PSE,1995,Delta Cluster,2636554.0,14426654108.0,5471.784043869384,0.945,0.359,-1.901,,0.945,,0.0,,,0.945
Palestine,PSE,1996,Delta Cluster,2746830.0,14210402096.0,5173.382443034334,1.037,0.377,9.69,,1.037,,0.0,,,1.037
Palestine,PSE,1997,Delta Cluster,2859581.0,15853595460.0,5544.027415205234,0.865,0.302,-16.608,,0.865,,0.0,,,0.865
Palestine,PSE,1998,Delta Cluster,2962895.0,17641238398.0,5954.054530450792,1.458,0.492,68.644,,1.458,,0.0,,,1.458
Palestine,PSE,1999,Delta Cluster,3056256.0,18589120867.0,6082.317995285735,1.367,0.447,-6.281,,1.367,,0.0,,,1.367
Palestine,PSE,2000,Delta Cluster,3151800.0,16535485180.0,5246.3624532013455,1.66,0.527,21.448,,1.66,,0.0,,,1.66
Palestine,PSE,2001,Delta Cluster,3242286.0,14595986667.0,4501.757916173959,1.345,0.415,-18.985,,1.345,,0.0,,,1.345
Palestine,PSE,2002,Delta Cluster,3322369.0,12429343876.0,3741.108791949359,1.154,0.347,-14.169,,1.154,,0.0,,,1.154
Palestine,PSE,2003,Delta Cluster,3398071.0,13784762233.0,4056.643381789256,1.275,0.375,10.476,,1.275,,0.0,,,1.275
Palestine,PSE,2004,Delta Cluster,3475178.0,14801525695.0,4259.213684881753,2.191,0.63,71.839,,2.191,,0.0,,,2.191
Palestine,PSE,2005,Delta Cluster,3557406.0,15962719146.0,4487.179463350542,2.737,0.769,24.916,,2.737,,0.0,,,2.737
Palestine,PSE,2006,Delta Cluster,3645096.0,14923434404.0,4094.112858481642,2.268,0.622,-17.135,,2.268,,0.0,,,2.268
Palestine,PSE,2007,Delta Cluster,3736694.0,15482101098.0,4143.2616901464235,2.327,0.623,2.585,,2.327,,0.0,,,2.327
Palestine,PSE,2008,Delta Cluster,3829039.0,15978427884.0,4172.960339134702,2.052,0.536,-11.811,,2.052,,0.0,,,2.052
Palestine,PSE,2009,Delta Cluster,3921245.0,16895251586.0,4308.644725335958,2.088,0.533,1.786,,2.088,,0.0,,,2.088
Palestine,PSE,2010,Delta Cluster,4016918.0,17771111593.0,4424.066309792732,2.034,0.506,-2.632,,2.034,,0.0,,,2.034
Palestine,PSE,2011,Delta Cluster,4115912.0,19437411000.0,4722.504028268826,2.246,0.546,10.45,,2.246,,0.0,,,2.246
Palestine,PSE,2012,Delta Cluster,4215318.0,20660752000.0,4901.350740323743,2.195,0.521,-2.284,,2.195,,0.0,,,2.195
Palestine,PSE,2013,Delta Cluster,4315263.0,21115612000.0,4893.238720328286,2.437,0.565,11.018,,2.437,,0.0,,,2.437
Palestine,PSE,2014,Delta Cluster,4415887.0,21084591000.0,4774.712532272678,2.836,0.642,16.391,,2.836,,0.0,,,2.836
Palestine,PSE,2015,Delta Cluster,4521564.0,21808077000.0,4823.1269091845215,3.001,0.664,5.814,,3.001,,0.0,,,3.001
Palestine,PSE,2016,Delta Cluster,4632743.0,23665914839.0,5108.402266000941,3.235,0.698,7.814,,3.235,,0.0,,,3.235
Palestine,PSE,2017,Delta Cluster,4742747.0,23886477912.0,5036.422544150047,3.265,0.688,0.906,,3.265,,0.0,,,3.265
Palestine,PSE,2018,Delta Cluster,4850593.0,24082206405.0,4964.796346549793,2.957,0.61,-9.428,,2.957,,0.0,,,2.957
Palestine,PSE,2019,Delta Cluster,4957773.0,24410373377.0,4923.656927616492,3.265,0.658,10.409,,3.265,,0.0,,,3.265
Palestine,PSE,2020,Delta Cluster,5069692.0,21647493143.0,4269.981912707912,3.327,0.656,1.908,,3.327,,0.0,,,3.327
Palestine,PSE,2021,Delta Cluster,5185341.0,23165411997.0,4467.480923048262,3.635,0.701,9.251,,3.635,,0.0,,,3.635
Palestine,PSE,2022,Delta Cluster,5305274.0,24076501614.0,4538.220196355551,4.702,0.886,29.366,,4.702,,0.0,,,4.702
Palestine,PSE,2023,Delta Cluster,5409201.0,,,4.755,0.879,1.134,,4.755,,0.0,,,4.755
Palestine,PSE,2024,Delta Cluster,5495447.0,,,4.78,0.87,0.519,,4.78,,0.0,,,4.78
Panama,PAN,1990,Delta Cluster,2455588.0,17035767000.0,6937.551006113404,2.618,1.066,4.605,0.092,2.411,,0.115,3.034,0.985,2.6180000000000003
Panama,PAN,1991,Delta Cluster,2508273.0,18696766794.0,7454.0398090638455,3.089,1.231,17.993,0.128,2.847,,0.114,3.086,0.981,3.089
Panama,PAN,1992,Delta Cluster,2561342.0,20281943424.0,7918.483132670295,4.098,1.6,32.674,0.128,3.876,,0.093,3.17,1.046,4.0969999999999995
Panama,PAN,1993,Delta Cluster,2615099.0,21447805218.0,8201.527061881787,3.749,1.434,-8.509,0.139,3.4,,0.21,3.219,1.07,3.7489999999999997
Panama,PAN,1994,Delta Cluster,2669545.0,22126487628.0,8288.486475410604,4.136,1.549,10.309,0.143,3.77,,0.223,3.273,1.035,4.136
Panama,PAN,1995,Delta Cluster,2724555.0,22570156089.0,8283.978884258164,3.608,1.324,-12.751,0.095,3.294,,0.219,3.292,1.032,3.608
Panama,PAN,1996,Delta Cluster,2780228.0,23274084902.0,8371.286420394299,4.397,1.581,21.846,0.264,3.906,,0.227,3.303,1.083,4.397
Panama,PAN,1997,Delta Cluster,2836702.0,24846156289.0,8758.817912138815,4.572,1.612,3.996,0.15,4.18,,0.242,3.199,1.014,4.572
Panama,PAN,1998,Delta Cluster,2893918.0,26740256885.0,9240.157075977964,5.835,2.016,27.618,0.158,5.423,,0.255,3.281,1.066,5.836
Panama,PAN,1999,Delta Cluster,2951820.0,27866809468.0,9440.551750445487,5.552,1.881,-4.852,0.158,5.14,,0.254,3.281,1.039,5.552
Panama,PAN,2000,Delta Cluster,3010376.0,28706485449.0,9535.847166267602,5.636,1.872,1.511,0.158,5.166,,0.312,3.199,1.004,5.636000000000001
Panama,PAN,2001,Delta Cluster,3069545.0,28943056968.0,9429.103325737202,6.909,2.251,22.598,0.169,6.438,,0.303,3.51,1.107,6.909999999999999
Panama,PAN,2002,Delta Cluster,3129343.0,29668000666.0,9480.58447603858,5.71,1.825,-17.359,0.121,5.383,,0.206,3.535,1.109,5.71
Panama,PAN,2003,Delta Cluster,3189813.0,31009621095.0,9721.45423415103,5.929,1.859,3.83,,5.72,,0.209,3.533,1.16,5.928999999999999
Panama,PAN,2004,Delta Cluster,3251158.0,33428600750.0,10282.059730717487,5.505,1.693,-7.153,,5.28,,0.225,3.527,1.117,5.505
Panama,PAN,2005,Delta Cluster,3313024.0,35933065263.0,10846.002100497913,6.742,2.035,22.478,,6.54,,0.202,3.644,1.125,6.742
Panama,PAN,2006,Delta Cluster,3375024.0,39099565107.0,11584.973945963051,7.282,2.158,8.009,,7.097,,0.185,3.69,1.15,7.282
Panama,PAN,2007,Delta Cluster,3437490.0,43958183203.0,12787.872314683098,7.134,2.075,-2.038,,6.929,,0.205,3.669,1.113,7.134
Panama,PAN,2008,Delta Cluster,3500646.0,47885663330.0,13679.093324489251,6.809,1.945,-4.548,,6.603,,0.207,3.829,1.165,6.81
Panama,PAN,2009,Delta Cluster,3564383.0,48772972500.0,13683.426416297014,8.051,2.259,18.244,,7.797,,0.254,3.896,1.207,8.051
Panama,PAN,2010,Delta Cluster,3628537.0,51741885375.0,14259.710008468977,9.06,2.497,12.524,0.0,8.482,,0.578,3.949,1.227,9.059999999999999
Panama,PAN,2011,Delta Cluster,3693509.0,57996520000.0,15702.282030448552,9.899,2.68,9.268,0.553,8.636,,0.71,4.127,1.237,9.899000000000001
Panama,PAN,2012,Delta Cluster,3759261.0,63359010000.0,16854.113082331874,9.54,2.538,-3.627,0.755,8.013,,0.772,4.169,1.303,9.540000000000001
Panama,PAN,2013,Delta Cluster,3825333.0,67546261000.0,17657.61595134332,10.274,2.686,7.686,0.795,8.687,,0.791,4.205,1.323,10.273
Panama,PAN,2014,Delta Cluster,3892100.0,71636840000.0,18405.70386166851,10.689,2.746,4.039,0.821,9.075,,0.792,4.088,1.238,10.687999999999999
Panama,PAN,2015,Delta Cluster,3960034.0,75784011000.0,19137.21220575379,10.652,2.69,-0.342,0.828,9.083,,0.741,4.0,1.229,10.652
Panama,PAN,2016,Delta Cluster,4029085.0,79454188125.0,19720.15684082118,10.334,2.565,-2.988,0.733,8.867,,0.734,4.049,1.212,10.334000000000001
Panama,PAN,2017,Delta Cluster,4098704.0,83812229677.0,20448.470950085684,9.568,2.334,-7.411,0.205,8.596,,0.767,4.027,1.209,9.568
Panama,PAN,2018,Delta Cluster,4167860.0,86820962356.0,20831.06494843877,9.121,2.188,-4.671,0.51,7.434,0.535,0.643,4.114,1.24,9.122
Panama,PAN,2019,Delta Cluster,4234698.0,89670319909.0,21175.139268254785,12.449,2.94,36.484,2.096,8.134,1.663,0.555,4.072,1.261,12.448
Panama,PAN,2020,Delta Cluster,4293258.0,73827064971.0,17196.04667853644,6.557,1.527,-47.325,2.253,3.133,0.898,0.274,4.094,1.271,6.558
Panama,PAN,2021,Delta Cluster,4345410.0,85518149482.0,19680.110618330607,10.145,2.335,54.706,2.147,6.434,1.07,0.494,4.13,1.342,10.145
Panama,PAN,2022,Delta Cluster,4400775.0,94762119668.0,21533.052625503464,11.707,2.66,15.405,2.093,8.567,0.507,0.541,4.164,1.264,11.708
Panama,PAN,2023,Delta Cluster,4458758.0,,,13.002,2.916,11.059,2.456,9.082,0.923,0.541,4.2,1.279,13.002
Panama,PAN,2024,Delta Cluster,4515576.0,,,12.664,2.805,-2.597,1.754,9.432,0.937,0.541,4.23,1.292,12.664
Papua New Guinea,PNG,1990,Delta Cluster,3896482.0,,,2.154,0.553,5.946,0.004,2.001,0.15,0.0,1.961,1.289,2.155
Papua New Guinea,PNG,1991,Delta Cluster,4021840.0,,,2.173,0.54,0.85,0.004,2.019,0.15,0.0,2.027,1.313,2.173
Papua New Guinea,PNG,1992,Delta Cluster,4166702.0,,,2.191,0.526,0.843,0.004,2.037,0.15,0.0,2.138,1.383,2.191
Papua New Guinea,PNG,1993,Delta Cluster,4320880.0,,,2.195,0.508,0.167,0.004,2.037,0.154,0.0,2.237,1.389,2.195
Papua New Guinea,PNG,1994,Delta Cluster,4480210.0,,,2.186,0.488,-0.401,0.004,2.012,0.165,0.0,2.313,1.34,2.181
Papua New Guinea,PNG,1995,Delta Cluster,4644282.0,,,2.052,0.442,-6.134,0.004,1.858,0.19,0.0,2.365,1.428,2.052
Papua New Guinea,PNG,1996,Delta Cluster,4813363.0,,,2.197,0.457,7.093,0.004,1.924,0.267,0.0,2.359,1.417,2.195
Papua New Guinea,PNG,1997,Delta Cluster,4987887.0,,,2.611,0.523,18.829,0.004,2.341,0.227,0.0,2.317,1.463,2.572
Papua New Guinea,PNG,1998,Delta Cluster,5166390.0,,,3.536,0.684,35.428,0.004,2.598,0.264,0.0,4.791,1.461,2.8659999999999997
Papua New Guinea,PNG,1999,Delta Cluster,5349333.0,,,2.548,0.476,-27.931,,2.206,0.234,0.0,2.574,1.487,2.44
Papua New Guinea,PNG,2000,Delta Cluster,5537068.0,,,2.938,0.531,15.28,,2.418,0.246,0.0,3.152,1.579,2.664
Papua New Guinea,PNG,2001,Delta Cluster,5728444.0,,,3.336,0.582,13.55,,2.909,0.297,0.0,2.645,1.591,3.206
Papua New Guinea,PNG,2002,Delta Cluster,5924010.0,,,3.666,0.619,9.896,,3.191,0.297,0.0,2.931,1.664,3.488
Papua New Guinea,PNG,2003,Delta Cluster,6124005.0,,,4.053,0.662,10.565,,3.664,0.275,0.0,2.728,1.686,3.939
Papua New Guinea,PNG,2004,Delta Cluster,6328042.0,,,4.687,0.741,15.632,,4.225,0.253,0.0,2.98,1.877,4.478
Papua New Guinea,PNG,2005,Delta Cluster,6535905.0,,,4.984,0.763,6.331,,4.092,0.293,0.0,3.857,1.673,4.385
Papua New Guinea,PNG,2006,Delta Cluster,6747724.0,,,5.051,0.749,1.347,,4.026,0.279,0.0,4.392,1.738,4.305
Papua New Guinea,PNG,2007,Delta Cluster,6963353.0,,,6.581,0.945,30.294,,5.855,0.26,0.0,3.514,1.635,6.115
Papua New Guinea,PNG,2008,Delta Cluster,7183002.0,,,5.545,0.772,-15.75,,4.503,0.289,0.0,4.295,1.628,4.792
Papua New Guinea,PNG,2009,Delta Cluster,7406442.0,,,5.265,0.711,-5.049,,4.789,0.3,0.0,2.783,1.677,5.0889999999999995
Papua New Guinea,PNG,2010,Delta Cluster,7633524.0,,,4.715,0.618,-10.445,,4.371,0.289,0.0,2.466,1.656,4.66
Papua New Guinea,PNG,2011,Delta Cluster,7859349.0,,,5.298,0.674,12.38,,4.921,0.304,0.0,2.461,1.607,5.2250000000000005
Papua New Guinea,PNG,2012,Delta Cluster,8081396.0,,,4.372,0.541,-17.476,,4.019,0.26,0.0,2.482,1.641,4.279
Papua New Guinea,PNG,2013,Delta Cluster,8302700.0,,,4.532,0.546,3.648,,4.173,0.26,0.0,2.568,1.657,4.433
Papua New Guinea,PNG,2014,Delta Cluster,8523440.0,,,6.125,0.719,35.149,,4.932,0.645,0.0,3.259,1.742,5.577
Papua New Guinea,PNG,2015,Delta Cluster,8743247.0,,,6.316,0.722,3.124,,5.229,0.948,0.0,3.841,1.908,6.177
Papua New Guinea,PNG,2016,Delta Cluster,8961717.0,,,7.024,0.784,11.206,,5.766,1.081,0.0,3.835,1.678,6.8469999999999995
Papua New Guinea,PNG,2017,Delta Cluster,9178717.0,,,6.55,0.714,-6.747,,5.33,1.125,0.0,3.857,1.731,6.455
Papua New Guinea,PNG,2018,Delta Cluster,9394518.0,,,7.596,0.809,15.966,,6.647,0.861,0.0,3.727,1.86,7.508
Papua New Guinea,PNG,2019,Delta Cluster,9609014.0,,,7.583,0.789,-0.173,,6.515,1.003,0.0,3.826,1.786,7.518
Papua New Guinea,PNG,2020,Delta Cluster,9815743.0,,,7.911,0.806,4.326,,5.841,1.967,0.0,3.78,1.727,7.808
Papua New Guinea,PNG,2021,Delta Cluster,10012898.0,,,7.873,0.786,-0.477,,5.837,1.913,0.0,3.827,1.734,7.75
Papua New Guinea,PNG,2022,Delta Cluster,10203177.0,,,8.436,0.827,7.15,,6.453,1.824,0.0,3.831,1.789,8.277000000000001
Papua New Guinea,PNG,2023,Delta Cluster,10389638.0,,,8.358,0.804,-0.928,,6.422,1.807,0.0,3.81,1.817,8.229
Papua New Guinea,PNG,2024,Delta Cluster,10576509.0,,,8.345,0.789,-0.147,,6.716,1.612,0.0,3.821,1.808,8.328
Paraguay,PRY,1990,Delta Cluster,4035752.0,22196120000.0,5499.872142787763,2.13,0.528,-3.973,,1.993,,0.137,15.584,5.295,2.13
Paraguay,PRY,1991,Delta Cluster,4144370.0,22815091205.0,5505.0806769183255,2.098,0.506,-1.499,,1.968,,0.13,14.582,5.01,2.098
Paraguay,PRY,1992,Delta Cluster,4253608.0,23297733832.0,5477.169930092288,2.571,0.604,22.548,,2.36,,0.211,15.026,5.09,2.5709999999999997
Paraguay,PRY,1993,Delta Cluster,4362706.0,24342699255.0,5579.724889781709,2.905,0.666,13.014,,2.704,,0.201,16.198,5.568,2.9050000000000002
Paraguay,PRY,1994,Delta Cluster,4471423.0,25180861240.0,5631.5095306348785,3.393,0.759,16.794,,3.14,,0.253,16.934,5.795,3.3930000000000002
Paraguay,PRY,1995,Delta Cluster,4579803.0,26637512671.0,5816.30097866655,3.925,0.857,15.67,,3.646,,0.279,18.022,6.148,3.925
Paraguay,PRY,1996,Delta Cluster,4687540.0,26835505969.0,5724.859087922449,3.706,0.791,-5.574,,3.444,,0.262,17.516,5.862,3.706
Paraguay,PRY,1997,Delta Cluster,4794415.0,27717303684.0,5781.164893735732,4.092,0.853,10.395,,3.855,,0.237,17.647,5.757,4.092
Paraguay,PRY,1998,Delta Cluster,4900028.0,27958225603.0,5705.72772298444,4.374,0.893,6.895,,4.137,,0.237,17.698,5.83,4.374
Paraguay,PRY,1999,Delta Cluster,5003139.0,27635393000.0,5523.610877091362,4.362,0.872,-0.259,,4.133,,0.229,17.648,6.085,4.362
Paraguay,PRY,2000,Delta Cluster,5100875.0,26799187738.0,5253.84129938491,3.592,0.704,-17.649,,3.36,,0.233,17.144,5.555,3.593
Paraguay,PRY,2001,Delta Cluster,5187690.0,27438613750.0,5289.177601205932,3.687,0.711,2.639,,3.495,,0.192,18.229,6.431,3.6870000000000003
Paraguay,PRY,2002,Delta Cluster,5261334.0,31664872141.0,6018.411327051276,3.853,0.732,4.502,,3.675,,0.178,17.476,6.456,3.8529999999999998
Paraguay,PRY,2003,Delta Cluster,5326437.0,33135448282.0,6220.940617902736,4.026,0.756,4.48,,3.811,,0.215,19.007,7.047,4.026
Paraguay,PRY,2004,Delta Cluster,5388181.0,34591080511.0,6419.806704897255,4.058,0.753,0.786,0.0,3.855,,0.203,17.701,6.279,4.058
Paraguay,PRY,2005,Delta Cluster,5448100.0,35443580706.0,6505.677338154586,3.772,0.692,-7.026,0.0,3.554,,0.218,18.461,6.756,3.772
Paraguay,PRY,2006,Delta Cluster,5505145.0,37261533412.0,6768.492639521756,3.901,0.709,3.394,0.0,3.682,,0.218,19.287,6.723,3.9
Paraguay,PRY,2007,Delta Cluster,5559385.0,39406021841.0,7088.198036473459,4.041,0.727,3.607,0.0,3.84,,0.201,20.95,7.752,4.0409999999999995
Paraguay,PRY,2008,Delta Cluster,5613577.0,42050621581.0,7490.878201367862,4.27,0.761,5.651,0.0,4.049,,0.221,20.475,6.982,4.2700000000000005
Paraguay,PRY,2009,Delta Cluster,5671243.0,40509009629.0,7142.880252001192,4.525,0.798,5.982,0.0,4.261,,0.264,21.462,7.099,4.525
Paraguay,PRY,2010,Delta Cluster,5737973.0,45961696292.0,8010.092813612055,5.011,0.873,10.738,0.0,4.767,,0.244,22.588,7.792,5.011
Paraguay,PRY,2011,Delta Cluster,5814632.0,48113309093.0,8274.523494006156,5.192,0.893,3.606,0.004,4.99,,0.197,22.964,8.18,5.191
Paraguay,PRY,2012,Delta Cluster,5897011.0,47772664940.0,8101.1659873111985,5.159,0.875,-0.624,0.004,4.873,,0.282,24.111,8.202,5.159
Paraguay,PRY,2013,Delta Cluster,5982447.0,51734453611.0,8647.707804348287,5.169,0.864,0.193,0.0,4.954,,0.215,24.603,8.885,5.169
Paraguay,PRY,2014,Delta Cluster,6069819.0,54476893712.0,8975.044183689826,5.451,0.898,5.459,0.0,5.199,,0.252,26.023,9.072,5.451
Paraguay,PRY,2015,Delta Cluster,6159106.0,56087783311.0,9106.481250850367,6.045,0.982,10.901,0.011,5.69,,0.344,25.57,8.91,6.045000000000001
Paraguay,PRY,2016,Delta Cluster,6249129.0,58481604773.0,9358.360944861275,7.187,1.15,18.874,0.004,6.8,,0.382,25.36,9.08,7.185999999999999
Paraguay,PRY,2017,Delta Cluster,6338658.0,61294571103.0,9669.960282286882,7.939,1.253,10.477,0.004,7.669,,0.267,26.037,9.899,7.9399999999999995
Paraguay,PRY,2018,Delta Cluster,6427382.0,63258456042.0,9842.025266585992,8.504,1.323,7.105,0.015,8.09,,0.399,24.81,9.047,8.504000000000001
Paraguay,PRY,2019,Delta Cluster,6515059.0,63004153609.0,9670.542294244764,8.268,1.269,-2.766,0.004,7.83,,0.435,25.521,9.372,8.269
Paraguay,PRY,2020,Delta Cluster,6603741.0,62487519891.0,9462.442559603716,7.444,1.127,-9.974,0.004,7.108,,0.332,26.503,10.233,7.443999999999999
Paraguay,PRY,2021,Delta Cluster,6684184.0,64997640183.0,9724.094995439982,8.187,1.225,9.984,0.004,7.837,,0.346,25.991,9.733,8.187
Paraguay,PRY,2022,Delta Cluster,6760460.0,65127634644.0,9633.609938376974,7.533,1.114,-7.983,0.0,7.187,,0.346,25.081,8.773,7.533
Paraguay,PRY,2023,Delta Cluster,6844150.0,,,7.646,1.117,1.491,0.0,7.3,,0.346,24.995,8.758,7.646
Paraguay,PRY,2024,Delta Cluster,6929152.0,,,7.937,1.145,3.806,0.0,7.591,,0.346,24.876,8.568,7.937
Peru,PER,1990,Delta Cluster,22014772.0,103572000000.0,4704.659217002111,21.401,0.972,-1.66,0.542,18.144,1.308,1.025,23.244,5.65,21.019
Peru,PER,1991,Delta Cluster,22483784.0,108468600578.0,4824.303621579001,20.758,0.923,-3.004,0.967,17.236,1.183,1.027,23.075,5.493,20.413
Peru,PER,1992,Delta Cluster,22946345.0,110495351335.0,4815.379152322515,20.986,0.915,1.098,1.048,17.697,1.268,0.973,22.648,5.612,20.985999999999997
Peru,PER,1993,Delta Cluster,23413783.0,92121419172.0,3934.4953001400927,23.885,1.02,13.814,1.579,19.811,1.334,1.161,22.523,6.248,23.885
Peru,PER,1994,Delta Cluster,23881497.0,103509723878.0,4334.3063409299675,24.177,1.012,1.222,1.246,19.65,1.392,1.471,23.291,5.939,23.758999999999997
Peru,PER,1995,Delta Cluster,24348922.0,111333590886.0,4572.423817612952,25.143,1.033,3.998,1.393,20.58,0.945,1.751,24.289,6.37,24.669
Peru,PER,1996,Delta Cluster,24811174.0,114659592873.0,4621.288491749725,24.717,0.996,-1.694,1.315,20.115,1.022,1.771,24.677,6.519,24.223
Peru,PER,1997,Delta Cluster,25274149.0,122417899136.0,4843.601228116523,27.747,1.098,12.259,1.264,23.259,0.788,1.974,24.792,6.576,27.285
Peru,PER,1998,Delta Cluster,25738101.0,122316689368.0,4752.358745037172,28.066,1.09,1.148,1.466,23.069,1.092,1.987,25.89,6.886,27.613999999999997
Peru,PER,1999,Delta Cluster,26186499.0,124629013218.0,4759.2850505903825,29.562,1.129,5.332,1.411,24.549,1.48,1.734,26.717,7.199,29.174
Peru,PER,2000,Delta Cluster,26598328.0,128561599053.0,4833.4466381871825,28.678,1.078,-2.993,1.971,23.167,1.396,1.778,26.735,8.065,28.312
Peru,PER,2001,Delta Cluster,26964610.0,130005019162.0,4821.3202105278,25.26,0.937,-11.917,2.059,20.185,1.048,1.65,26.732,7.259,24.942
Peru,PER,2002,Delta Cluster,27288211.0,137911092694.0,5053.870797686224,25.592,0.938,1.313,2.796,19.364,1.147,1.98,27.257,7.46,25.287
Peru,PER,2003,Delta Cluster,27580485.0,144583674826.0,5242.245552462185,24.914,0.903,-2.648,2.766,18.445,1.268,2.083,27.827,7.546,24.561999999999998
Peru,PER,2004,Delta Cluster,27852190.0,152840586065.0,5487.560800963945,28.504,1.023,14.407,3.25,20.698,1.982,2.302,27.483,7.633,28.232
Peru,PER,2005,Delta Cluster,28101175.0,163489485317.0,5817.887875400228,30.321,1.079,6.376,3.419,20.953,3.346,2.376,28.641,7.644,30.094
Peru,PER,2006,Delta Cluster,28324488.0,176775277493.0,6241.075831379547,28.299,0.999,-6.668,2.869,18.727,3.829,2.714,28.58,7.776,28.139
Peru,PER,2007,Delta Cluster,28530704.0,192942634714.0,6762.631399281279,34.567,1.212,22.148,3.605,22.501,5.346,2.991,29.126,8.151,34.443000000000005
Peru,PER,2008,Delta Cluster,28719038.0,211009673563.0,7347.37958712266,35.572,1.239,2.909,3.389,21.423,7.431,3.213,27.839,8.064,35.455999999999996
Peru,PER,2009,Delta Cluster,28896819.0,212830474173.0,7365.186949227872,39.424,1.364,10.827,3.056,23.664,9.386,3.243,28.54,8.539,39.349000000000004
Peru,PER,2010,Delta Cluster,29086021.0,230353256282.0,7919.723921054722,42.505,1.461,7.816,3.301,23.193,12.579,3.338,29.031,8.444,42.411
Peru,PER,2011,Delta Cluster,29304083.0,244711917914.0,8350.778897056769,42.327,1.444,-0.419,3.129,23.911,11.666,3.454,29.561,8.6,42.160000000000004
Peru,PER,2012,Delta Cluster,29550367.0,259737230567.0,8789.644831382297,45.509,1.54,7.517,2.898,25.696,12.945,3.731,29.471,8.625,45.27
Peru,PER,2013,Delta Cluster,29817908.0,274939626306.0,9220.620920354306,42.718,1.433,-6.133,3.371,23.277,11.864,3.947,29.701,8.699,42.459
Peru,PER,2014,Delta Cluster,30115825.0,281488723310.0,9346.870733576117,49.388,1.64,15.615,3.049,24.847,16.533,4.59,30.058,8.626,49.019000000000005
Peru,PER,2015,Delta Cluster,30457598.0,290642734598.0,9542.536302370265,49.204,1.615,-0.372,3.089,24.994,16.245,4.452,30.013,8.864,48.78
Peru,PER,2016,Delta Cluster,30866497.0,302131843581.0,9788.342473102795,52.698,1.707,7.1,3.213,27.861,17.089,4.305,30.075,8.973,52.467999999999996
Peru,PER,2017,Delta Cluster,31324639.0,309742529723.0,9888.143634249065,54.726,1.747,3.85,2.807,33.123,14.458,4.162,30.062,9.165,54.55
Peru,PER,2018,Delta Cluster,31897590.0,322061010919.0,10096.719248037234,56.014,1.756,2.352,2.503,33.898,14.95,4.482,30.32,8.784,55.833
Peru,PER,2019,Delta Cluster,32449302.0,329252610797.0,10146.677755872839,58.668,1.808,4.739,2.572,35.457,15.678,4.849,30.467,9.353,58.55600000000001
Peru,PER,2020,Delta Cluster,32838577.0,292988745490.0,8922.090183444916,47.237,1.438,-19.485,1.883,29.235,13.172,2.791,30.426,9.136,47.080999999999996
Peru,PER,2021,Delta Cluster,33155883.0,332691638600.0,10034.166141797521,59.962,1.808,26.939,2.649,34.533,17.375,5.284,30.928,9.433,59.841
Peru,PER,2022,Delta Cluster,33475436.0,341677633395.0,10206.81652645241,64.785,1.935,8.043,2.804,36.218,19.81,5.804,31.211,9.312,64.63600000000001
Peru,PER,2023,Delta Cluster,33845616.0,,,66.065,1.952,1.976,2.619,37.248,20.266,5.804,31.395,9.544,65.937
Peru,PER,2024,Delta Cluster,34217850.0,,,70.247,2.053,6.33,2.363,39.063,22.803,5.804,31.677,9.523,70.033
Philippines,PHL,1990,Delta Cluster,62854668.0,227937191062.0,3626.4162760671966,40.774,0.649,4.994,3.162,34.958,,2.654,52.853,8.734,40.774
Philippines,PHL,1991,Delta Cluster,64382249.0,228436344826.0,3548.1262051905023,42.874,0.666,5.151,3.69,36.321,,2.864,53.441,8.147,42.87499999999999
Philippines,PHL,1992,Delta Cluster,65926130.0,230909837938.0,3502.5541153105755,47.772,0.725,11.422,3.869,41.161,,2.741,51.246,8.518,47.771
Philippines,PHL,1993,Delta Cluster,67530621.0,237664033762.0,3519.3521137914604,48.342,0.716,1.194,3.811,41.282,,3.249,51.957,8.968,48.342
Philippines,PHL,1994,Delta Cluster,69019297.0,250065486564.0,3623.1242193614344,53.479,0.775,10.626,3.763,45.793,0.011,3.876,55.021,9.166,53.443
Philippines,PHL,1995,Delta Cluster,70546245.0,263742284726.0,3738.572970481987,59.22,0.839,10.736,4.25,50.699,0.015,4.242,56.193,9.419,59.205999999999996
Philippines,PHL,1996,Delta Cluster,72190237.0,281422828353.0,3898.35024856616,60.437,0.837,2.055,5.452,49.999,0.018,4.957,58.31,10.237,60.426
Philippines,PHL,1997,Delta Cluster,73908813.0,298360005981.0,4036.8664286490434,69.147,0.936,14.412,6.338,56.98,0.011,5.811,57.901,10.884,69.14
Philippines,PHL,1998,Delta Cluster,75791031.0,299105469124.0,3946.449404072627,67.379,0.889,-2.557,6.405,55.883,0.018,5.061,52.063,10.032,67.367
Philippines,PHL,1999,Delta Cluster,77753256.0,310804334612.0,3997.316004515618,67.295,0.865,-0.124,11.42,50.956,0.015,4.892,59.853,10.617,67.283
Philippines,PHL,2000,Delta Cluster,79625401.0,327247671365.0,4109.840167272752,71.467,0.898,6.199,15.848,50.969,0.018,4.623,60.484,10.661,71.45800000000001
Philippines,PHL,2001,Delta Cluster,81401488.0,339580401272.0,4171.673142780879,69.799,0.857,-2.334,16.184,50.054,0.26,3.279,61.024,10.836,69.777
Philippines,PHL,2002,Delta Cluster,83068889.0,354896572700.0,4272.316350589449,69.492,0.837,-0.44,14.103,47.038,3.265,4.975,61.958,10.6,69.38099999999999
Philippines,PHL,2003,Delta Cluster,84731836.0,375676507230.0,4433.711400163688,69.501,0.82,0.013,14.678,45.023,4.976,4.752,62.097,11.449,69.429
Philippines,PHL,2004,Delta Cluster,86394510.0,404092179609.0,4677.290022352115,71.999,0.833,3.594,15.957,46.496,4.76,4.752,63.669,12.003,71.965
Philippines,PHL,2005,Delta Cluster,88015959.0,426864086040.0,4849.848719366905,72.334,0.822,0.466,18.631,41.971,6.302,5.398,63.715,11.567,72.30199999999999
Philippines,PHL,2006,Delta Cluster,89508992.0,452834616353.0,5059.096368250913,65.646,0.733,-9.247,17.51,38.648,5.21,4.247,64.469,11.036,65.61500000000001
Philippines,PHL,2007,Delta Cluster,91075180.0,486739179739.0,5344.366925643189,70.01,0.769,6.649,21.536,36.638,7.078,4.725,66.624,11.542,69.97699999999999
Philippines,PHL,2008,Delta Cluster,92699091.0,511142140299.0,5513.993015303678,76.605,0.826,9.42,25.106,39.234,7.449,4.786,68.656,10.903,76.575
Philippines,PHL,2009,Delta Cluster,94384256.0,521163648845.0,5521.7222758528715,75.581,0.801,-1.337,23.963,38.652,7.504,5.344,70.604,11.15,75.463
Philippines,PHL,2010,Delta Cluster,96337127.0,565514808274.0,5870.164762895618,82.246,0.854,8.819,27.769,41.597,7.068,5.701,70.014,12.094,82.13499999999999
Philippines,PHL,2011,Delta Cluster,98248614.0,590943092007.0,6014.772808978252,82.98,0.845,0.893,30.519,38.983,7.629,5.684,71.972,11.501,82.815
Philippines,PHL,2012,Delta Cluster,100175511.0,631700459807.0,6305.936985008242,87.476,0.873,5.418,31.933,41.434,7.314,6.575,72.263,11.274,87.25599999999999
Philippines,PHL,2013,Delta Cluster,102076334.0,674346563689.0,6606.2968492677255,94.825,0.929,8.401,39.509,41.319,6.738,7.018,74.003,11.735,94.584
Philippines,PHL,2014,Delta Cluster,103767127.0,717154029846.0,6911.187103079379,100.074,0.964,5.535,42.036,43.212,7.086,7.441,73.825,12.242,99.775
Philippines,PHL,2015,Delta Cluster,105312988.0,762678999551.0,7242.022223802063,111.046,1.054,10.964,45.82,49.862,6.661,8.4,73.544,12.883,110.74300000000001
Philippines,PHL,2016,Delta Cluster,106735721.0,817202925336.0,7656.320842541551,120.216,1.126,8.257,50.684,53.546,7.632,8.033,74.746,14.844,119.895
Philippines,PHL,2017,Delta Cluster,108119691.0,873843247356.0,8082.184098694844,133.576,1.235,11.113,60.931,55.787,7.529,9.081,77.878,16.327,133.32799999999997
Philippines,PHL,2018,Delta Cluster,109465284.0,929253628653.0,8489.025878314078,139.857,1.278,4.702,64.171,57.4,8.405,9.675,78.162,15.687,139.651
Philippines,PHL,2019,Delta Cluster,110804685.0,986114678778.0,8899.57567027062,142.601,1.287,1.962,68.894,55.411,8.464,9.675,78.126,16.879,142.44400000000002
Philippines,PHL,2020,Delta Cluster,112081270.0,892256290776.0,7960.797471120733,131.457,1.173,-7.815,69.305,46.295,7.676,8.033,78.516,17.074,131.309
Philippines,PHL,2021,Delta Cluster,113100947.0,943141651518.0,8338.936821793366,140.27,1.24,6.703,74.705,49.391,6.581,9.43,79.761,17.207,140.107
Philippines,PHL,2022,Delta Cluster,113964343.0,1014811024029.0,8904.636286360199,150.963,1.325,7.624,75.346,59.36,6.097,10.024,78.523,17.724,150.82700000000003
Philippines,PHL,2023,Delta Cluster,114891199.0,,,160.98,1.401,6.636,84.105,60.918,5.816,10.024,78.523,18.2,160.863
Philippines,PHL,2024,Delta Cluster,115843663.0,,,174.878,1.51,8.633,92.142,64.101,8.501,10.024,78.93,18.405,174.768
Poland,POL,1990,Delta Cluster,38055448.0,310673160937.0,8163.697374867325,376.342,9.889,-10.871,302.284,39.909,18.722,5.453,116.741,26.49,366.36799999999994
Poland,POL,1991,Delta Cluster,38152947.0,291288814472.0,7634.765788131648,373.366,9.786,-0.791,303.094,40.318,17.129,5.414,110.018,25.041,365.955
Poland,POL,1992,Delta Cluster,38233636.0,301270050123.0,7879.712254492353,364.283,9.528,-2.433,293.86,41.081,16.611,5.538,105.296,24.778,357.09000000000003
Poland,POL,1993,Delta Cluster,38294882.0,315272045792.0,8232.746239876127,364.958,9.53,0.185,293.178,42.687,16.836,5.147,100.823,25.386,357.848
Poland,POL,1994,Delta Cluster,38344312.0,334402893305.0,8721.0560279449,359.991,9.388,-1.361,283.683,45.428,18.124,6.643,99.752,25.66,353.878
Poland,POL,1995,Delta Cluster,38364668.0,360934041475.0,9407.980318635886,362.483,9.448,0.692,282.565,46.431,19.091,6.666,98.056,26.164,354.753
Poland,POL,1996,Delta Cluster,38359164.0,386314591617.0,10070.985687201108,377.119,9.831,4.038,293.186,50.641,19.81,6.219,95.951,26.239,369.856
Poland,POL,1997,Delta Cluster,38348307.0,414942244343.0,10820.353668885566,367.199,9.575,-2.63,277.516,53.636,21.004,6.739,95.087,26.705,358.89500000000004
Poland,POL,1998,Delta Cluster,38326431.0,437955026714.0,11426.971290752326,338.98,8.845,-7.685,251.777,52.514,20.625,6.334,84.086,27.726,331.25
Poland,POL,1999,Delta Cluster,38287717.0,462542429541.0,12080.700177056782,329.204,8.598,-2.884,239.663,54.681,20.428,6.178,79.724,27.495,320.95
Poland,POL,2000,Delta Cluster,38258077.0,488207682001.0,12760.904893390225,317.306,8.294,-3.614,228.827,52.421,21.839,6.114,74.009,28.397,309.20099999999996
Poland,POL,2001,Delta Cluster,38247359.0,499086644170.0,13048.917813384187,313.267,8.191,-1.273,226.152,52.183,22.636,4.957,71.262,27.528,305.928
Poland,POL,2002,Delta Cluster,38229407.0,514089670231.0,13447.492665292977,305.852,8.0,-2.367,219.897,51.404,22.423,4.67,69.222,27.039,298.394
Poland,POL,2003,Delta Cluster,38203527.0,537330337680.0,14064.940592526968,318.733,8.343,4.211,226.406,54.731,24.834,4.566,65.67,27.656,310.537
Poland,POL,2004,Delta Cluster,38167568.0,570430122148.0,14945.41444579335,323.621,8.479,1.534,226.424,58.002,26.565,5.07,63.702,27.381,316.061
Poland,POL,2005,Delta Cluster,38124377.0,595958527688.0,15631.954528411048,322.577,8.461,-0.323,222.638,59.595,27.404,5.057,63.355,28.015,314.694
Poland,POL,2006,Delta Cluster,38071169.0,638713864539.0,16776.838781572482,336.387,8.836,4.281,232.308,62.093,27.634,5.984,63.082,28.014,328.019
Poland,POL,2007,Delta Cluster,38020420.0,690249985288.0,18154.71752516148,335.735,8.83,-0.194,227.707,65.011,27.914,7.05,60.359,28.562,327.68199999999996
Poland,POL,2008,Delta Cluster,37995902.0,726319216200.0,19115.725064245085,329.428,8.67,-1.878,220.472,66.173,28.135,6.693,58.02,27.836,321.47299999999996
Poland,POL,2009,Delta Cluster,38002153.0,760579624624.0,20014.119321713166,315.886,8.312,-4.111,209.074,66.945,27.274,5.757,54.028,27.321,309.05
Poland,POL,2010,Delta Cluster,38095356.0,795619859853.0,20884.956682200318,334.028,8.768,5.743,220.927,69.973,29.135,6.221,54.204,28.237,326.256
Poland,POL,2011,Delta Cluster,38208644.0,843236863910.0,22069.269558741733,333.406,8.726,-0.186,218.379,69.599,29.325,7.379,53.162,27.881,324.682
Poland,POL,2012,Delta Cluster,38247867.0,856266755052.0,22387.307377219233,325.778,8.518,-2.288,214.04,66.312,30.559,6.384,54.782,28.416,317.295
Poland,POL,2013,Delta Cluster,38259267.0,863601156195.0,22572.339302658358,321.757,8.41,-1.234,214.314,61.681,30.808,5.874,53.301,27.878,312.677
Poland,POL,2014,Delta Cluster,38265113.0,896737189458.0,23434.850158628826,309.415,8.086,-3.836,202.997,61.381,29.468,6.456,49.907,27.526,300.3020000000001
Poland,POL,2015,Delta Cluster,38266314.0,936043804062.0,24461.300455068653,312.549,8.168,1.013,201.647,64.794,30.634,6.342,49.081,27.763,303.417
Poland,POL,2016,Delta Cluster,38263260.0,963689941627.0,25185.77720839782,323.3,8.449,3.44,202.099,72.897,32.42,6.53,48.563,28.571,313.94599999999997
Poland,POL,2017,Delta Cluster,38254964.0,1013223736654.0,26486.072151420663,336.505,8.796,4.084,203.504,82.452,34.13,6.996,48.124,29.175,327.082
Poland,POL,2018,Delta Cluster,38241070.0,1073462064151.0,28070.921241246648,335.719,8.779,-0.234,198.673,85.491,34.274,7.655,48.997,28.233,326.09299999999996
Poland,POL,2019,Delta Cluster,38225884.0,1121231497071.0,29331.734933088796,317.444,8.304,-5.443,177.753,87.278,35.495,7.692,48.285,28.277,308.218
Poland,POL,2020,Delta Cluster,38171005.0,1098581305284.0,28780.518230630816,302.102,7.914,-4.833,164.196,84.235,36.731,7.691,46.439,27.641,292.85299999999995
Poland,POL,2021,Delta Cluster,38040303.0,1173809548862.0,30856.99787570041,330.694,8.693,9.464,184.114,89.709,39.734,7.366,47.204,28.158,320.92299999999994
Poland,POL,2022,Delta Cluster,38385734.0,1231021338216.0,32069.76159986937,314.892,8.203,-4.778,172.493,90.97,34.294,7.663,46.473,27.958,305.41999999999996
Poland,POL,2023,Delta Cluster,38762847.0,,,283.243,7.307,-10.051,141.924,90.697,35.88,6.602,44.729,26.738,275.103
Poland,POL,2024,Delta Cluster,38539209.0,,,272.862,7.08,-3.665,127.311,92.015,38.714,6.681,44.502,26.926,264.721
Portugal,PRT,1990,Delta Cluster,9989526.0,171225929203.0,17140.545928105097,45.311,4.536,10.995,10.984,29.564,1.0,3.176,11.529,3.909,44.724000000000004
Portugal,PRT,1991,Delta Cluster,9969181.0,177606537211.0,17815.559493904264,46.879,4.702,3.462,11.585,30.656,0.938,3.271,11.624,3.843,46.45
Portugal,PRT,1992,Delta Cluster,9960345.0,183951331948.0,18468.369514108195,50.957,5.116,8.697,11.872,34.734,0.583,3.136,11.634,3.786,50.325
Portugal,PRT,1993,Delta Cluster,9972341.0,183378088561.0,18388.670078670595,49.469,4.961,-2.92,12.527,32.544,0.545,3.195,11.554,3.691,48.811
Portugal,PRT,1994,Delta Cluster,9998487.0,186788072120.0,18681.633743185343,50.243,5.025,1.564,13.179,32.446,0.433,3.292,12.408,3.685,49.35
Portugal,PRT,1995,Delta Cluster,10031756.0,191728089193.0,19112.11648219913,54.503,5.433,8.479,14.585,34.592,0.775,3.462,12.077,3.813,53.414
Portugal,PRT,1996,Delta Cluster,10067655.0,199215852007.0,19787.71143895972,51.8,5.145,-4.96,13.54,32.912,0.915,3.388,12.712,3.865,50.754999999999995
Portugal,PRT,1997,Delta Cluster,10110548.0,208848444082.0,20656.491031148857,54.669,5.407,5.54,13.722,35.048,1.129,3.561,12.918,3.83,53.46
Portugal,PRT,1998,Delta Cluster,10159524.0,219709918106.0,21626.005126421278,59.211,5.828,8.307,12.297,39.703,2.445,3.537,13.25,3.905,57.982
Portugal,PRT,1999,Delta Cluster,10214877.0,229149917332.0,22432.95903925226,66.878,6.547,12.949,14.898,40.49,6.448,3.827,13.394,3.882,65.66300000000001
Portugal,PRT,2000,Delta Cluster,10283196.0,238756377443.0,23218.110152038334,65.504,6.37,-2.055,14.853,39.902,5.717,3.809,12.658,3.897,64.281
Portugal,PRT,2001,Delta Cluster,10354329.0,244348167969.0,23598.648253208874,65.187,6.296,-0.483,12.702,41.266,6.27,3.627,12.105,3.572,63.865
Portugal,PRT,2002,Delta Cluster,10413045.0,247190712485.0,23738.56182173418,69.583,6.682,6.743,13.709,43.318,7.35,3.91,12.164,3.569,68.28699999999999
Portugal,PRT,2003,Delta Cluster,10454246.0,245847246169.0,23516.497140874628,64.482,6.168,-7.33,12.973,39.266,7.315,3.616,11.943,3.602,63.169999999999995
Portugal,PRT,2004,Delta Cluster,10481386.0,251279602163.0,23973.890682300986,67.302,6.421,4.374,13.079,39.741,9.107,4.004,11.559,3.553,65.931
Portugal,PRT,2005,Delta Cluster,10502993.0,254196923131.0,24202.33195728113,69.64,6.63,3.473,13.061,41.481,9.582,4.088,11.103,3.546,68.21199999999999
Portugal,PRT,2006,Delta Cluster,10524123.0,259159946424.0,24625.32473480213,64.856,6.163,-6.869,13.065,37.34,9.071,4.0,11.413,3.44,63.476
Portugal,PRT,2007,Delta Cluster,10546822.0,266663287450.0,25283.757273043957,62.38,5.915,-3.818,11.43,35.579,9.742,4.166,11.239,3.583,60.917
Portugal,PRT,2008,Delta Cluster,10564086.0,268239264717.0,25391.62069648051,60.01,5.681,-3.8,9.833,34.273,10.449,4.012,10.643,3.491,58.567
Portugal,PRT,2009,Delta Cluster,10576265.0,261270596745.0,24703.484334498047,57.147,5.403,-4.77,10.735,32.181,9.701,3.223,10.419,3.294,55.839999999999996
Portugal,PRT,2010,Delta Cluster,10578659.0,267277408809.0,25265.717404162475,52.89,5.0,-7.449,6.424,31.346,10.409,3.376,10.225,3.399,51.555
Portugal,PRT,2011,Delta Cluster,10557050.0,263425010810.0,24952.52090404043,51.784,4.905,-2.092,8.632,28.457,10.526,2.813,10.236,3.11,50.428
Portugal,PRT,2012,Delta Cluster,10513155.0,252737143203.0,24040.085321960916,49.932,4.749,-3.576,11.135,25.601,9.103,2.55,9.651,3.237,48.388999999999996
Portugal,PRT,2013,Delta Cluster,10458287.0,250405237435.0,23943.23634788374,48.146,4.604,-3.576,10.191,24.973,8.119,2.814,9.23,3.255,46.097
Portugal,PRT,2014,Delta Cluster,10406203.0,252388910611.0,24253.69854989375,47.942,4.607,-0.423,10.316,24.989,7.661,3.096,9.272,3.366,46.062
Portugal,PRT,2015,Delta Cluster,10370264.0,256911888409.0,24773.9004917329,52.233,5.037,8.95,12.563,25.623,9.103,2.921,9.298,3.363,50.21
Portugal,PRT,2016,Delta Cluster,10346377.0,262100101273.0,25332.548898324505,50.311,4.863,-3.68,10.82,25.592,9.684,2.297,9.476,3.351,48.392999999999994
Portugal,PRT,2017,Delta Cluster,10330838.0,271290329012.0,26260.244233042857,55.165,5.34,9.648,12.394,25.93,12.318,2.531,9.994,3.485,53.172999999999995
Portugal,PRT,2018,Delta Cluster,10325355.0,279020275961.0,27022.826426887987,51.34,4.972,-6.934,10.376,25.501,11.242,2.251,10.033,3.335,49.37
Portugal,PRT,2019,Delta Cluster,10343218.0,286505655767.0,27699.856637170367,47.583,4.6,-7.318,5.026,26.18,12.125,2.225,10.208,3.383,45.556000000000004
Portugal,PRT,2020,Delta Cluster,10370519.0,262724232089.0,25333.75929295342,41.738,4.025,-12.284,2.417,23.175,12.012,2.31,10.36,3.33,39.914
Portugal,PRT,2021,Delta Cluster,10390957.0,277181288542.0,26675.24161075828,40.3,3.878,-3.446,1.038,23.781,11.576,2.106,10.506,3.241,38.501
Portugal,PRT,2022,Delta Cluster,10417074.0,295712910456.0,28387.32934564927,40.722,3.909,1.049,0.245,24.878,11.357,2.229,10.552,2.985,38.709
Portugal,PRT,2023,Delta Cluster,10430735.0,,,37.622,3.607,-7.614,0.133,25.265,8.422,2.076,10.717,2.918,35.896
Portugal,PRT,2024,Delta Cluster,10425291.0,,,35.539,3.409,-5.537,0.16,24.653,6.925,2.076,10.832,2.789,33.814
Qatar,QAT,1990,Delta Cluster,440184.0,5221963495.0,11863.137903694818,11.428,25.962,-20.14,0.0,2.4,8.9,0.128,9.143,0.15,11.428
Qatar,QAT,1991,Delta Cluster,454860.0,5733970758.0,12606.012307083498,17.414,38.285,52.383,0.0,2.785,14.378,0.252,8.949,0.156,17.415
Qatar,QAT,1992,Delta Cluster,469657.0,7176897674.0,15281.147037093027,26.816,57.097,53.989,0.0,4.503,22.054,0.259,9.58,0.164,26.816
Qatar,QAT,1993,Delta Cluster,484553.0,7997299870.0,16504.48943665605,30.721,63.4,14.562,0.0,4.551,25.912,0.258,9.367,0.174,30.721
Qatar,QAT,1994,Delta Cluster,499469.0,9138716419.0,18296.86410768236,32.375,64.819,5.386,0.0,4.199,25.915,0.222,9.429,0.208,30.336
Qatar,QAT,1995,Delta Cluster,514334.0,10472257097.0,20360.810479182786,33.17,64.491,2.455,0.0,5.192,25.915,0.224,8.597,0.219,31.331
Qatar,QAT,1996,Delta Cluster,529024.0,12098817027.0,22870.072108259737,34.472,65.162,3.926,0.0,5.097,26.297,0.324,12.215,0.207,31.718000000000004
Qatar,QAT,1997,Delta Cluster,550511.0,17467653871.0,31729.890721529635,42.232,76.715,22.51,0.0,8.42,28.096,0.324,23.319,0.238,36.839999999999996
Qatar,QAT,1998,Delta Cluster,580543.0,21692788085.0,37366.376108229706,36.96,63.665,-12.484,0.0,11.314,20.02,0.46,22.656,0.244,31.794
Qatar,QAT,1999,Delta Cluster,612510.0,25157531177.0,41072.84971184144,36.325,59.305,-1.719,0.0,7.973,22.383,0.476,24.222,0.249,30.831999999999997
Qatar,QAT,2000,Delta Cluster,644993.0,30159719266.0,46759.76214625585,40.406,62.646,11.237,0.0,9.258,24.286,0.56,27.585,0.234,34.104
Qatar,QAT,2001,Delta Cluster,677934.0,34920337897.0,51509.937393610584,45.914,67.727,13.631,0.0,15.559,24.61,0.567,23.291,0.223,40.736
Qatar,QAT,2002,Delta Cluster,711215.0,41661485450.0,58577.906048100784,45.175,63.518,-1.611,0.0,14.638,24.992,0.606,22.548,0.257,40.236000000000004
Qatar,QAT,2003,Delta Cluster,744690.0,47126236240.0,63283.02547368704,46.631,62.618,3.224,0.0,13.425,26.791,0.625,26.069,0.258,40.841
Qatar,QAT,2004,Delta Cluster,773341.0,63193934807.0,81715.4848986411,47.44,61.344,1.734,0.0,8.801,32.837,0.618,23.922,0.272,42.25600000000001
Qatar,QAT,2005,Delta Cluster,825419.0,76893678098.0,93157.14576233404,47.682,57.767,0.511,0.0,10.853,31.815,0.654,20.818,0.287,43.322
Qatar,QAT,2006,Delta Cluster,972841.0,103895902583.0,106796.38562005508,59.753,61.421,25.316,0.0,18.672,36.087,0.676,21.055,0.317,55.435
Qatar,QAT,2007,Delta Cluster,1208601.0,127834802409.0,105770.88915944964,59.53,49.255,-0.373,0.0,12.486,41.467,1.016,22.418,0.375,54.969
Qatar,QAT,2008,Delta Cluster,1426942.0,156781224399.0,109872.17728471094,61.871,43.359,3.932,0.0,14.414,41.564,1.594,22.093,0.414,57.572
Qatar,QAT,2009,Delta Cluster,1586052.0,186164264424.0,117375.88958243487,65.305,41.175,5.551,0.0,14.766,44.73,1.704,21.531,0.441,61.199999999999996
Qatar,QAT,2010,Delta Cluster,1709238.0,238648100494.0,139622.51043681454,73.651,43.09,12.78,0.0,15.22,53.395,1.566,19.919,0.498,70.18100000000001
Qatar,QAT,2011,Delta Cluster,1810960.0,296148824653.0,163531.4002810664,81.809,45.175,11.077,0.0,10.146,66.681,2.063,22.116,0.516,78.89
Qatar,QAT,2012,Delta Cluster,1907122.0,310156648715.0,162630.73296569387,93.738,49.152,14.581,0.0,7.449,81.667,2.253,22.18,0.545,91.369
Qatar,QAT,2013,Delta Cluster,2032650.0,327388964338.0,161065.0945012668,91.433,44.982,-2.459,0.0,3.045,84.704,2.148,23.225,0.613,89.89699999999999
Qatar,QAT,2014,Delta Cluster,2218378.0,344851898869.0,155452.27137530214,91.642,41.31,0.228,0.0,4.694,82.502,2.456,23.166,0.673,89.652
Qatar,QAT,2015,Delta Cluster,2427340.0,361242719905.0,148822.4640573632,93.31,38.441,1.821,0.0,4.873,83.704,2.779,23.375,0.713,91.356
Qatar,QAT,2016,Delta Cluster,2599382.0,372311173588.0,143230.65004989647,91.378,35.154,-2.071,0.0,6.211,80.794,2.706,23.474,0.769,89.711
Qatar,QAT,2017,Delta Cluster,2706716.0,366733973367.0,135490.37777402578,105.657,39.035,15.625,0.0,14.274,87.083,2.423,22.74,0.803,103.78
Qatar,QAT,2018,Delta Cluster,2761144.0,371263146890.0,134459.90027684177,102.621,37.166,-2.873,0.0,11.384,87.148,2.262,22.561,0.822,100.794
Qatar,QAT,2019,Delta Cluster,2797927.0,373817411294.0,133605.13383444241,101.43,36.252,-1.161,0.0,10.578,87.434,1.818,21.746,0.841,99.83
Qatar,QAT,2020,Delta Cluster,2803375.0,360517012801.0,128601.06578713158,101.329,36.145,-0.099,0.0,11.095,86.822,1.616,21.612,0.845,99.533
Qatar,QAT,2021,Delta Cluster,2814988.0,366245595916.0,130105.56205426098,104.386,37.082,3.016,0.0,10.394,90.38,1.818,21.682,0.849,102.592
Qatar,QAT,2022,Delta Cluster,2892466.0,381778107010.0,131990.52538906247,109.594,37.89,4.99,0.003,17.225,88.571,1.939,22.005,0.875,107.738
Qatar,QAT,2023,Delta Cluster,2979086.0,,,119.544,40.128,9.079,0.004,18.623,96.813,1.939,22.515,0.91,117.37899999999999
Qatar,QAT,2024,Delta Cluster,3048429.0,,,125.812,41.271,5.243,0.004,19.364,102.76,1.939,22.491,0.914,124.06700000000001
Romania,ROU,1990,Delta Cluster,22939530.0,127957829968.0,5578.0493309148005,176.535,7.696,-17.108,54.862,43.889,70.456,4.445,34.4,17.384,173.652
Romania,ROU,1991,Delta Cluster,22947416.0,114884267222.0,5006.414108760655,142.258,6.199,-19.417,42.963,36.511,57.281,3.201,30.551,12.563,139.956
Romania,ROU,1992,Delta Cluster,22912389.0,109843021990.0,4794.044915613121,132.003,5.761,-7.209,45.194,36.013,45.767,2.906,27.887,12.728,129.88
Romania,ROU,1993,Delta Cluster,22842257.0,115101791639.0,5038.985054716791,122.709,5.372,-7.04,40.523,33.76,43.571,2.833,25.413,12.507,120.687
Romania,ROU,1994,Delta Cluster,22756247.0,123373706511.0,5421.531349655327,120.868,5.311,-1.5,40.997,32.704,42.39,2.771,25.295,11.127,118.862
Romania,ROU,1995,Delta Cluster,22657722.0,136457737663.0,6022.570921428023,125.675,5.547,3.977,42.23,34.15,44.039,3.146,24.462,11.24,123.565
Romania,ROU,1996,Delta Cluster,22541915.0,146513857110.0,6499.6189148082585,129.117,5.728,2.739,41.873,38.347,43.587,3.2,24.838,11.369,127.007
Romania,ROU,1997,Delta Cluster,22411511.0,145416621981.0,6488.479156135434,118.115,5.27,-8.521,37.198,39.969,35.89,3.005,24.322,10.987,116.062
Romania,ROU,1998,Delta Cluster,22284901.0,144240925408.0,6472.585424902718,104.783,4.702,-11.287,31.524,34.242,33.487,2.916,23.078,10.041,102.16899999999998
Romania,ROU,1999,Delta Cluster,22166156.0,148247538550.0,6688.012957681973,88.899,4.011,-15.16,26.093,27.475,30.364,2.645,22.529,9.279,86.577
Romania,ROU,2000,Delta Cluster,22046264.0,157839292272.0,7159.457596624989,93.206,4.228,4.846,29.552,28.166,30.804,2.656,22.277,9.882,91.17800000000001
Romania,ROU,2001,Delta Cluster,21919916.0,173763436827.0,7927.194466757993,98.928,4.513,6.139,31.919,32.908,29.556,2.768,21.909,9.621,97.151
Romania,ROU,2002,Delta Cluster,21770020.0,190219311781.0,8737.672807879828,99.069,4.551,0.142,32.966,30.783,30.758,2.642,22.803,8.706,97.149
Romania,ROU,2003,Delta Cluster,21593448.0,204513401651.0,9471.085935465238,103.707,4.803,4.682,35.896,29.4,33.636,2.65,22.677,9.256,101.582
Romania,ROU,2004,Delta Cluster,21403215.0,228570981481.0,10679.282597544341,103.233,4.823,-0.458,35.875,30.308,31.856,2.992,22.428,10.218,101.03099999999999
Romania,ROU,2005,Delta Cluster,21213395.0,244044803180.0,11504.278460849855,101.337,4.777,-1.837,35.572,29.807,30.46,3.175,22.384,10.289,99.014
Romania,ROU,2006,Delta Cluster,21035732.0,274969703969.0,13071.553866963128,104.29,4.958,2.914,38.262,28.353,31.31,3.656,22.982,9.397,101.58100000000002
Romania,ROU,2007,Delta Cluster,20870714.0,304650701380.0,14597.04260141747,108.497,5.199,4.034,42.116,28.304,31.249,4.054,23.053,9.501,105.723
Romania,ROU,2008,Delta Cluster,20718745.0,339689310169.0,16395.264779261484,106.997,5.164,-1.382,40.69,27.638,31.756,4.143,23.244,9.896,104.227
Romania,ROU,2009,Delta Cluster,20576922.0,326954238767.0,15889.365706250916,87.806,4.267,-17.936,32.365,24.691,25.559,3.093,22.269,9.007,85.708
Romania,ROU,2010,Delta Cluster,20432575.0,335489566640.0,16419.34835134583,84.488,4.135,-3.779,29.403,23.252,26.805,2.778,22.163,10.143,82.23800000000001
Romania,ROU,2011,Delta Cluster,20282009.0,350086824382.0,17260.954000266935,92.391,4.555,9.354,34.091,24.273,28.944,3.089,21.044,10.114,90.397
Romania,ROU,2012,Delta Cluster,20158451.0,356825919340.0,17701.05844640543,89.848,4.457,-2.752,31.523,25.511,27.774,3.15,21.216,9.408,87.958
Romania,ROU,2013,Delta Cluster,20062913.0,357789262640.0,17833.36560548311,78.795,3.927,-12.301,25.269,23.728,25.248,2.695,21.069,9.896,76.94
Romania,ROU,2014,Delta Cluster,19968179.0,372532510801.0,18656.308659943403,79.335,3.973,0.685,25.006,24.887,24.429,2.944,21.694,9.858,77.266
Romania,ROU,2015,Delta Cluster,19871018.0,384306463712.0,19340.049096226474,78.046,3.928,-1.625,25.128,24.146,23.493,3.337,21.935,9.457,76.104
Romania,ROU,2016,Delta Cluster,19777049.0,395288226514.0,19987.219858432873,76.587,3.873,-1.87,22.147,25.899,23.304,3.181,22.483,9.926,74.53099999999999
Romania,ROU,2017,Delta Cluster,19689405.0,456012361225.0,23160.291599720764,79.432,4.034,3.715,21.774,27.908,24.355,3.31,22.37,10.337,77.34700000000001
Romania,ROU,2018,Delta Cluster,19597874.0,473122658487.0,24141.529764248917,79.874,4.076,0.557,20.766,28.456,24.966,3.505,22.643,10.833,77.69299999999998
Romania,ROU,2019,Delta Cluster,19501542.0,456564507688.0,23411.713170579023,76.69,3.933,-3.986,18.362,29.781,22.675,3.828,22.849,10.824,74.646
Romania,ROU,2020,Delta Cluster,19392467.0,483499378450.0,24932.32957158055,73.946,3.813,-3.578,14.298,29.063,25.009,3.905,21.745,10.33,72.275
Romania,ROU,2021,Delta Cluster,19248159.0,505119539256.0,26242.485801161554,77.501,4.026,4.807,15.53,30.971,25.271,3.962,21.998,11.111,75.734
Romania,ROU,2022,Delta Cluster,19166776.0,504741667296.0,26334.19763949868,73.186,3.818,-5.568,13.752,32.428,21.612,3.723,21.975,10.196,71.515
Romania,ROU,2023,Delta Cluster,19118482.0,,,67.866,3.55,-7.269,9.754,32.81,20.15,3.721,21.966,10.287,66.435
Romania,ROU,2024,Delta Cluster,19015096.0,,,68.551,3.605,1.01,8.042,34.462,20.895,3.721,21.646,10.187,67.12
Russia,RUS,1990,Delta Cluster,148979537.0,1834865200000.0,12316.22299913578,2536.284,17.024,5.428,750.959,889.901,788.209,34.609,474.223,120.458,2463.678
Russia,RUS,1991,Delta Cluster,149448433.0,1782589449407.0,11927.789496508136,2407.642,16.11,-5.072,702.966,846.034,755.038,32.837,451.241,115.534,2336.875
Russia,RUS,1992,Delta Cluster,148915993.0,1557839202683.0,10461.19474006395,1963.458,13.185,-18.449,515.78,586.419,774.418,26.717,417.691,107.802,1903.3340000000003
Russia,RUS,1993,Delta Cluster,148135419.0,1453308047704.0,9810.672272132299,1866.525,12.6,-4.937,504.624,510.838,781.884,21.995,394.374,96.382,1819.341
Russia,RUS,1994,Delta Cluster,148200734.0,1297672618325.0,8756.182127444794,1646.876,11.112,-11.768,451.573,407.268,733.163,16.475,364.986,83.294,1608.4789999999998
Russia,RUS,1995,Delta Cluster,148291406.0,1274033410385.0,8591.417700800544,1618.286,10.913,-1.736,475.626,387.021,699.742,16.646,348.947,79.218,1579.0349999999999
Russia,RUS,1996,Delta Cluster,148084580.0,1256336600822.0,8483.912375089965,1586.633,10.714,-1.956,474.697,361.704,700.379,12.723,329.447,75.394,1549.5030000000002
Russia,RUS,1997,Delta Cluster,147853769.0,1303661447743.0,8817.235140911424,1481.964,10.023,-6.597,409.786,353.158,669.45,12.273,312.234,69.457,1444.667
Russia,RUS,1998,Delta Cluster,147635543.0,1263722609285.0,8559.745056005924,1465.859,9.929,-1.087,399.043,345.998,673.595,11.923,302.113,63.919,1430.559
Russia,RUS,1999,Delta Cluster,147241973.0,1375023643662.0,9338.530417967166,1494.088,10.147,1.926,405.097,350.867,686.812,13.173,302.983,63.97,1455.9489999999998
Russia,RUS,2000,Delta Cluster,146717784.0,1547057523527.0,10544.444452125857,1480.576,10.091,-0.904,425.71,318.265,682.078,15.113,307.69,66.65,1441.166
Russia,RUS,2001,Delta Cluster,146117290.0,1662886727147.0,11380.492528618619,1518.081,10.389,2.533,444.52,324.29,694.105,15.863,314.789,68.087,1478.778
Russia,RUS,2002,Delta Cluster,145939502.0,1781424730851.0,12206.597298454533,1508.33,10.335,-0.642,422.617,315.523,703.449,17.116,320.413,68.712,1458.705
Russia,RUS,2003,Delta Cluster,145794230.0,1955875991276.0,13415.31822813564,1539.006,10.556,2.034,424.648,309.457,736.345,18.666,333.397,69.878,1489.116
Russia,RUS,2004,Delta Cluster,145180091.0,2143914665541.0,14767.277322763215,1545.353,10.644,0.412,414.711,309.808,744.37,20.915,335.313,66.092,1489.804
Russia,RUS,2005,Delta Cluster,144597886.0,2331247104465.0,16122.276534976452,1563.98,10.816,1.205,416.446,320.286,747.169,22.256,342.222,66.591,1506.157
Russia,RUS,2006,Delta Cluster,144102948.0,2576148450528.0,17877.139130616535,1623.428,11.266,3.801,436.04,335.318,767.75,24.545,347.255,67.092,1563.653
Russia,RUS,2007,Delta Cluster,143859767.0,2858759376272.0,19871.84767421457,1624.315,11.291,0.055,421.199,326.253,780.313,27.645,355.077,68.459,1555.4099999999999
Russia,RUS,2008,Delta Cluster,143811837.0,3078094367564.0,21403.623177165868,1652.731,11.492,1.749,449.833,343.679,780.849,23.625,359.43,72.597,1597.9859999999999
Russia,RUS,2009,Delta Cluster,143869128.0,2903690263125.0,20182.85857077691,1545.236,10.741,-6.504,417.327,322.578,733.658,19.746,352.496,71.592,1493.3090000000002
Russia,RUS,2010,Delta Cluster,143934468.0,3105249267337.0,21574.049013312087,1633.147,11.346,5.689,417.855,333.202,795.448,22.723,367.537,70.277,1569.228
Russia,RUS,2011,Delta Cluster,144043751.0,3306765993750.0,22956.677889830848,1684.989,11.698,3.174,428.317,344.934,818.427,25.129,374.677,73.847,1616.8069999999998
Russia,RUS,2012,Delta Cluster,144291025.0,3439833075673.0,23839.54979648249,1700.104,11.782,0.897,443.293,352.425,807.719,26.332,383.918,72.319,1629.7690000000002
Russia,RUS,2013,Delta Cluster,144604105.0,3500216789791.0,24205.514703687008,1637.547,11.324,-3.68,405.805,354.879,782.899,27.281,385.321,72.17,1570.864
Russia,RUS,2014,Delta Cluster,144925639.0,3525987597216.0,24329.63291758196,1637.311,11.298,-0.014,394.974,383.699,775.514,26.453,389.142,75.289,1580.6399999999999
Russia,RUS,2015,Delta Cluster,145307612.0,3456429719677.0,23786.983160090746,1635.244,11.254,-0.126,414.854,406.41,739.417,23.171,394.757,74.986,1583.852
Russia,RUS,2016,Delta Cluster,145778668.0,3463123938280.0,23756.04048103938,1629.328,11.177,-0.362,402.76,400.525,752.164,20.432,403.675,76.504,1575.881
Russia,RUS,2017,Delta Cluster,146186798.0,3526353842599.0,24122.245584714154,1661.012,11.362,1.945,386.28,414.626,779.798,20.512,416.507,77.099,1601.216
Russia,RUS,2018,Delta Cluster,146430146.0,3625347362801.0,24758.203565548585,1709.91,11.677,2.944,399.665,392.624,828.794,20.091,433.595,78.703,1641.174
Russia,RUS,2019,Delta Cluster,146533063.0,3705035583500.0,25284.63889067821,1704.459,11.632,-0.319,395.976,400.012,807.034,20.306,450.487,80.653,1623.328
Russia,RUS,2020,Delta Cluster,146371295.0,3606716578675.0,24640.87359939666,1631.902,11.149,-4.257,368.047,381.968,784.255,20.581,441.386,81.091,1554.8509999999999
Russia,RUS,2021,Delta Cluster,145836172.0,3809571453737.0,26122.267209105023,1674.524,11.482,2.612,375.442,375.4,822.695,22.158,462.564,84.401,1595.695
Russia,RUS,2022,Delta Cluster,145579889.0,3731440829579.0,25631.56803601492,1675.461,11.509,0.056,369.694,391.392,811.088,22.598,464.216,82.895,1594.772
Russia,RUS,2023,Delta Cluster,145440502.0,,,1733.135,11.916,3.442,382.395,427.178,815.148,24.315,467.231,84.106,1649.036
Russia,RUS,2024,Delta Cluster,144820421.0,,,1780.524,12.295,2.734,375.647,437.887,857.674,25.217,474.072,85.242,1696.4250000000002
Rwanda,RWA,1990,Delta Cluster,7375313.0,9760500152.0,1323.4014816727101,0.524,0.071,-23.439,,0.498,0.0,0.026,4.455,0.861,0.524
Rwanda,RWA,1991,Delta Cluster,7526964.0,9167410895.0,1217.9427050534584,0.472,0.063,-9.874,,0.447,0.0,0.025,4.276,0.871,0.47200000000000003
Rwanda,RWA,1992,Delta Cluster,7683266.0,9540351727.0,1241.705249694596,0.479,0.062,1.557,,0.451,0.0,0.025,3.972,0.839,0.47600000000000003
Rwanda,RWA,1993,Delta Cluster,7981142.0,8498078373.0,1064.7697250593963,0.483,0.061,0.721,,0.454,0.0,0.025,3.733,0.805,0.47900000000000004
Rwanda,RWA,1994,Delta Cluster,6792358.0,4238308069.0,623.981843860409,0.462,0.068,-4.311,,0.454,0.0,0.004,3.868,0.758,0.458
Rwanda,RWA,1995,Delta Cluster,5674118.0,5523726463.0,973.4951692932717,0.451,0.08,-2.386,,0.443,0.0,0.004,3.929,0.742,0.447
Rwanda,RWA,1996,Delta Cluster,6708767.0,6185436762.0,921.9930818882218,0.464,0.069,2.869,,0.443,0.0,0.017,4.116,0.799,0.46
Rwanda,RWA,1997,Delta Cluster,7755237.0,6891736436.0,888.6558123239819,0.483,0.062,3.984,,0.454,0.0,0.025,4.629,0.874,0.47900000000000004
Rwanda,RWA,1998,Delta Cluster,8081688.0,7337662385.0,907.93685489962,0.482,0.06,-0.208,,0.458,0.0,0.024,2.905,0.827,0.48200000000000004
Rwanda,RWA,1999,Delta Cluster,8147917.0,7619522357.0,935.1497268565696,0.502,0.062,4.337,,0.473,0.004,0.026,3.12,0.907,0.503
Rwanda,RWA,2000,Delta Cluster,8213936.0,8053572290.0,980.4766302050564,0.515,0.063,2.533,,0.484,0.004,0.028,2.773,0.875,0.516
Rwanda,RWA,2001,Delta Cluster,8287091.0,8517814124.0,1027.8412683051265,0.519,0.063,0.75,,0.484,0.0,0.035,2.888,0.918,0.519
Rwanda,RWA,2002,Delta Cluster,8400185.0,9398566544.0,1118.8523281332496,0.512,0.061,-1.436,,0.473,0.0,0.039,2.958,0.968,0.512
Rwanda,RWA,2003,Delta Cluster,8586878.0,9366054447.0,1090.7403653574675,0.505,0.059,-1.194,,0.465,0.0,0.04,3.138,1.045,0.505
Rwanda,RWA,2004,Delta Cluster,8816849.0,9814510529.0,1113.15397700471,0.516,0.058,2.043,,0.476,0.0,0.039,3.243,1.11,0.515
Rwanda,RWA,2005,Delta Cluster,9054532.0,10465323107.0,1155.8104943469193,0.514,0.057,-0.359,,0.476,0.0,0.038,3.218,1.157,0.514
Rwanda,RWA,2006,Delta Cluster,9299251.0,11146496514.0,1198.6445482544777,0.514,0.055,0.039,,0.476,0.0,0.038,3.409,1.258,0.514
Rwanda,RWA,2007,Delta Cluster,9549940.0,11698650639.0,1224.9972920248713,0.542,0.057,5.46,,0.505,0.0,0.037,3.538,1.336,0.542
Rwanda,RWA,2008,Delta Cluster,9804268.0,12678494332.0,1293.16072673656,0.531,0.054,-1.972,,0.495,0.0,0.037,3.693,1.414,0.532
Rwanda,RWA,2009,Delta Cluster,10060438.0,13135703239.0,1305.679060792383,0.555,0.055,4.394,,0.524,0.0,0.031,3.784,1.459,0.555
Rwanda,RWA,2010,Delta Cluster,10317560.0,13742192522.0,1331.9227144790048,0.581,0.056,4.712,,0.55,0.0,0.031,3.984,1.551,0.5810000000000001
Rwanda,RWA,2011,Delta Cluster,10573742.0,14451195383.0,1366.7058817020502,0.643,0.061,10.737,,0.608,0.004,0.031,3.92,1.509,0.643
Rwanda,RWA,2012,Delta Cluster,10829904.0,15700063621.0,1449.6955486401357,0.718,0.066,11.675,,0.685,0.004,0.03,3.98,1.574,0.7190000000000001
Rwanda,RWA,2013,Delta Cluster,11093340.0,16440168692.0,1481.9854698404629,0.779,0.07,8.404,,0.744,0.004,0.031,4.065,1.619,0.779
Rwanda,RWA,2014,Delta Cluster,11364758.0,17455015690.0,1535.8897822549322,0.83,0.073,6.543,,0.784,0.007,0.039,4.118,1.587,0.8300000000000001
Rwanda,RWA,2015,Delta Cluster,11640026.0,19000488690.0,1632.340743053323,0.967,0.083,16.507,0.004,0.85,0.048,0.065,4.456,1.831,0.9670000000000001
Rwanda,RWA,2016,Delta Cluster,11919183.0,20135193148.0,1689.3098417903307,1.052,0.088,8.814,0.018,0.843,0.084,0.107,4.385,1.773,1.052
Rwanda,RWA,2017,Delta Cluster,12202062.0,20935170126.0,1715.7075686060275,1.17,0.096,11.191,0.022,0.934,0.084,0.129,4.409,1.835,1.169
Rwanda,RWA,2018,Delta Cluster,12488000.0,22730987759.0,1820.2264381005766,1.313,0.105,12.255,0.044,1.041,0.095,0.133,4.58,1.788,1.313
Rwanda,RWA,2019,Delta Cluster,12776102.0,24883378782.0,1947.6502913016818,1.413,0.111,7.647,0.059,1.114,0.092,0.149,4.68,1.812,1.4140000000000001
Rwanda,RWA,2020,Delta Cluster,13065838.0,24048043469.0,1840.5282132688312,1.394,0.107,-1.357,0.037,1.107,0.088,0.163,4.864,1.858,1.395
Rwanda,RWA,2021,Delta Cluster,13355260.0,26663035281.0,1996.444493106087,1.699,0.127,21.856,0.059,1.326,0.092,0.222,4.81,1.773,1.699
Rwanda,RWA,2022,Delta Cluster,13651025.0,28466253314.0,2085.28321602224,1.957,0.143,15.195,0.187,1.367,0.091,0.312,4.719,1.685,1.957
Rwanda,RWA,2023,Delta Cluster,13954473.0,,,2.016,0.144,3.004,0.216,1.394,0.094,0.312,4.733,1.654,2.016
Rwanda,RWA,2024,Delta Cluster,14256573.0,,,2.034,0.143,0.87,0.22,1.419,0.083,0.312,4.749,1.61,2.034
Saint Helena,SHN,1990,Delta Cluster,6639.0,,,0.007,1.104,0.0,,0.007,,0.0,0.002,0.001,0.007
Saint Helena,SHN,1991,Delta Cluster,6601.0,,,0.007,1.11,0.0,,0.007,,0.0,0.002,0.001,0.007
Saint Helena,SHN,1992,Delta Cluster,6545.0,,,0.007,1.12,0.0,,0.007,,0.0,0.002,0.001,0.007
Saint Helena,SHN,1993,Delta Cluster,6495.0,,,0.011,1.692,50.0,,0.011,,0.0,0.002,0.001,0.011
Saint Helena,SHN,1994,Delta Cluster,6433.0,,,0.011,1.709,0.0,,0.011,,0.0,0.002,0.001,0.011
Saint Helena,SHN,1995,Delta Cluster,6373.0,,,0.011,1.725,0.0,,0.011,,0.0,0.002,0.001,0.011
Saint Helena,SHN,1996,Delta Cluster,6309.0,,,0.011,1.742,0.0,,0.011,,0.0,0.002,0.001,0.011
Saint Helena,SHN,1997,Delta Cluster,6249.0,,,0.011,1.759,0.0,,0.011,,0.0,0.002,0.001,0.011
Saint Helena,SHN,1998,Delta Cluster,6184.0,,,0.011,1.777,0.0,,0.011,,0.0,0.002,0.001,0.011
Saint Helena,SHN,1999,Delta Cluster,6113.0,,,0.011,1.798,0.0,,0.011,,0.0,0.002,0.001,0.011
Saint Helena,SHN,2000,Delta Cluster,6045.0,,,0.011,1.818,0.0,,0.011,,0.0,0.002,0.001,0.011
Saint Helena,SHN,2001,Delta Cluster,5963.0,,,0.011,1.843,0.0,,0.011,,0.0,0.002,0.001,0.011
Saint Helena,SHN,2002,Delta Cluster,5879.0,,,0.011,1.87,0.0,,0.011,,0.0,0.002,0.001,0.011
Saint Helena,SHN,2003,Delta Cluster,5775.0,,,0.011,1.903,0.0,,0.011,,0.0,0.002,0.001,0.011
Saint Helena,SHN,2004,Delta Cluster,5678.0,,,0.007,1.291,-33.333,,0.007,,0.0,0.002,0.001,0.007
Saint Helena,SHN,2005,Delta Cluster,5570.0,,,0.011,1.973,50.0,,0.011,,0.0,0.002,0.001,0.011
Saint Helena,SHN,2006,Delta Cluster,5457.0,,,0.011,2.014,0.0,,0.011,,0.0,0.002,0.001,0.011
Saint Helena,SHN,2007,Delta Cluster,5346.0,,,0.011,2.056,0.0,,0.011,,0.0,0.002,0.001,0.011
Saint Helena,SHN,2008,Delta Cluster,5295.0,,,0.011,2.076,0.0,,0.011,,0.0,0.002,0.001,0.011
Saint Helena,SHN,2009,Delta Cluster,5320.0,,,0.011,2.066,0.0,,0.011,,0.0,0.002,0.001,0.011
Saint Helena,SHN,2010,Delta Cluster,5352.0,,,0.011,2.054,0.0,,0.011,,0.0,0.002,0.001,0.011
Saint Helena,SHN,2011,Delta Cluster,5385.0,,,0.011,2.041,0.0,,0.011,,0.0,0.002,0.001,0.011
Saint Helena,SHN,2012,Delta Cluster,5428.0,,,0.011,2.025,0.0,,0.011,,0.0,0.002,0.001,0.011
Saint Helena,SHN,2013,Delta Cluster,5462.0,,,0.011,2.012,0.0,,0.011,,0.0,0.002,0.001,0.011
Saint Helena,SHN,2014,Delta Cluster,5493.0,,,0.011,2.001,0.0,,0.011,,0.0,0.002,0.001,0.011
Saint Helena,SHN,2015,Delta Cluster,5529.0,,,0.011,1.988,0.0,,0.011,,0.0,0.002,0.001,0.011
Saint Helena,SHN,2016,Delta Cluster,5544.0,,,0.015,2.644,33.333,,0.015,,0.0,0.002,0.001,0.015
Saint Helena,SHN,2017,Delta Cluster,5528.0,,,0.011,1.988,-25.0,,0.011,,0.0,0.002,0.001,0.011
Saint Helena,SHN,2018,Delta Cluster,5507.0,,,0.011,1.996,0.0,,0.011,,0.0,0.002,0.001,0.011
Saint Helena,SHN,2019,Delta Cluster,5485.0,,,0.015,2.672,33.333,,0.015,,0.0,0.002,0.001,0.015
Saint Helena,SHN,2020,Delta Cluster,5451.0,,,0.011,2.017,-25.0,,0.011,,0.0,0.002,0.001,0.011
Saint Helena,SHN,2021,Delta Cluster,5415.0,,,0.007,1.353,-33.333,,0.007,,0.0,0.002,0.001,0.007
Saint Helena,SHN,2022,Delta Cluster,5369.0,,,0.011,2.047,50.0,,0.011,,0.0,0.002,0.001,0.011
Saint Helena,SHN,2023,Delta Cluster,5316.0,,,0.011,2.064,-0.2,,0.011,,0.0,0.002,0.001,0.011
Saint Helena,SHN,2024,Delta Cluster,5262.0,,,0.011,2.165,3.838,,0.011,,0.0,0.002,0.001,0.011
Saint Kitts and Nevis,KNA,1990,Delta Cluster,40456.0,,,0.106,2.626,61.111,,0.106,,0.0,0.034,0.008,0.106
Saint Kitts and Nevis,KNA,1991,Delta Cluster,40382.0,,,0.106,2.631,0.0,,0.106,,0.0,0.034,0.009,0.106
Saint Kitts and Nevis,KNA,1992,Delta Cluster,40740.0,,,0.11,2.698,3.448,,0.11,,0.0,0.034,0.009,0.11
Saint Kitts and Nevis,KNA,1993,Delta Cluster,41266.0,,,0.114,2.752,3.333,,0.114,,0.0,0.034,0.011,0.114
Saint Kitts and Nevis,KNA,1994,Delta Cluster,41798.0,,,0.121,2.893,6.452,,0.121,,0.0,0.034,0.011,0.121
Saint Kitts and Nevis,KNA,1995,Delta Cluster,42347.0,,,0.125,2.942,3.03,,0.125,,0.0,0.034,0.01,0.125
Saint Kitts and Nevis,KNA,1996,Delta Cluster,42903.0,,,0.132,3.074,5.882,,0.132,,0.0,0.035,0.01,0.132
Saint Kitts and Nevis,KNA,1997,Delta Cluster,43453.0,,,0.139,3.204,5.556,,0.139,,0.0,0.036,0.011,0.139
Saint Kitts and Nevis,KNA,1998,Delta Cluster,44018.0,,,0.15,3.413,7.895,,0.15,,0.0,0.036,0.012,0.15
Saint Kitts and Nevis,KNA,1999,Delta Cluster,44625.0,,,0.158,3.531,4.878,,0.158,,0.0,0.037,0.012,0.158
Saint Kitts and Nevis,KNA,2000,Delta Cluster,45272.0,,,0.172,3.804,9.302,,0.172,,0.0,0.038,0.012,0.172
Saint Kitts and Nevis,KNA,2001,Delta Cluster,45785.0,,,0.176,3.841,2.128,,0.176,,0.0,0.038,0.012,0.176
Saint Kitts and Nevis,KNA,2002,Delta Cluster,46048.0,,,0.194,4.217,10.417,,0.194,,0.0,0.039,0.008,0.194
Saint Kitts and Nevis,KNA,2003,Delta Cluster,46200.0,,,0.194,4.203,0.0,,0.194,,0.0,0.039,0.008,0.194
Saint Kitts and Nevis,KNA,2004,Delta Cluster,46337.0,,,0.209,4.507,7.547,,0.209,,0.0,0.04,0.008,0.209
Saint Kitts and Nevis,KNA,2005,Delta Cluster,46459.0,,,0.194,4.18,-7.018,,0.194,,0.0,0.04,0.008,0.194
Saint Kitts and Nevis,KNA,2006,Delta Cluster,46592.0,,,0.202,4.325,3.774,,0.202,,0.0,0.039,0.007,0.202
Saint Kitts and Nevis,KNA,2007,Delta Cluster,46734.0,,,0.216,4.626,7.273,,0.216,,0.0,0.041,0.008,0.216
Saint Kitts and Nevis,KNA,2008,Delta Cluster,46857.0,,,0.216,4.614,0.0,,0.216,,0.0,0.042,0.008,0.216
Saint Kitts and Nevis,KNA,2009,Delta Cluster,46941.0,,,0.22,4.683,1.695,,0.22,,0.0,0.042,0.008,0.22
Saint Kitts and Nevis,KNA,2010,Delta Cluster,46871.0,,,0.22,4.69,0.0,,0.22,,0.0,0.042,0.008,0.22
Saint Kitts and Nevis,KNA,2011,Delta Cluster,46917.0,,,0.227,4.842,3.333,,0.227,,0.0,0.042,0.008,0.227
Saint Kitts and Nevis,KNA,2012,Delta Cluster,47056.0,,,0.224,4.75,-1.613,,0.224,,0.0,0.035,0.005,0.224
Saint Kitts and Nevis,KNA,2013,Delta Cluster,47092.0,,,0.224,4.746,0.0,,0.224,,0.0,0.035,0.005,0.224
Saint Kitts and Nevis,KNA,2014,Delta Cluster,47112.0,,,0.227,4.822,1.639,,0.227,,0.0,0.034,0.005,0.227
Saint Kitts and Nevis,KNA,2015,Delta Cluster,47108.0,,,0.231,4.9,1.613,,0.231,,0.0,0.035,0.005,0.231
Saint Kitts and Nevis,KNA,2016,Delta Cluster,47099.0,,,0.238,5.057,3.175,,0.238,,0.0,0.035,0.005,0.238
Saint Kitts and Nevis,KNA,2017,Delta Cluster,47075.0,,,0.242,5.137,1.538,,0.242,,0.0,0.035,0.005,0.242
Saint Kitts and Nevis,KNA,2018,Delta Cluster,47032.0,,,0.249,5.297,3.03,,0.249,,0.0,0.036,0.005,0.249
Saint Kitts and Nevis,KNA,2019,Delta Cluster,46976.0,,,0.26,5.538,4.412,,0.26,,0.0,0.036,0.006,0.26
Saint Kitts and Nevis,KNA,2020,Delta Cluster,46896.0,,,0.242,5.157,-7.042,,0.242,,0.0,0.037,0.005,0.242
Saint Kitts and Nevis,KNA,2021,Delta Cluster,46786.0,,,0.234,5.012,-3.03,,0.234,,0.0,0.041,0.007,0.234
Saint Kitts and Nevis,KNA,2022,Delta Cluster,46732.0,,,0.251,5.364,6.891,,0.251,,0.0,0.046,0.008,0.251
Saint Kitts and Nevis,KNA,2023,Delta Cluster,46783.0,,,0.25,5.347,-0.202,,0.25,,0.0,0.048,0.009,0.25
Saint Kitts and Nevis,KNA,2024,Delta Cluster,46867.0,,,0.26,5.542,3.842,,0.26,,0.0,0.051,0.01,0.26
Saint Lucia,LCA,1990,Delta Cluster,137874.0,718014000.0,5207.754906653901,0.18,1.302,8.889,,0.18,,0.0,0.066,0.028,0.18
Saint Lucia,LCA,1991,Delta Cluster,139536.0,732565360.0,5250.009746588694,0.187,1.339,4.082,,0.187,,0.0,0.066,0.032,0.187
Saint Lucia,LCA,1992,Delta Cluster,141629.0,808957688.0,5711.808231365046,0.213,1.5,13.725,,0.213,,0.0,0.067,0.031,0.213
Saint Lucia,LCA,1993,Delta Cluster,143735.0,829979959.0,5774.376171426584,0.234,1.631,10.345,,0.234,,0.0,0.067,0.025,0.234
Saint Lucia,LCA,1994,Delta Cluster,145901.0,862136440.0,5909.050931796218,0.26,1.783,10.938,,0.26,,0.0,0.067,0.018,0.26
Saint Lucia,LCA,1995,Delta Cluster,148227.0,889991191.0,6004.244779965863,0.275,1.854,5.634,,0.275,,0.0,0.068,0.016,0.275
Saint Lucia,LCA,1996,Delta Cluster,150453.0,936978316.0,6227.714409151031,0.293,1.948,6.667,,0.293,,0.0,0.068,0.017,0.293
Saint Lucia,LCA,1997,Delta Cluster,152584.0,951717700.0,6237.336155822367,0.293,1.921,0.0,,0.293,,0.0,0.068,0.016,0.293
Saint Lucia,LCA,1998,Delta Cluster,154688.0,1031515653.0,6668.3624650910215,0.322,2.084,10.0,,0.322,,0.0,0.069,0.021,0.322
Saint Lucia,LCA,1999,Delta Cluster,156719.0,1081004035.0,6897.721622777072,0.337,2.151,4.545,,0.337,,0.0,0.069,0.02,0.337
Saint Lucia,LCA,2000,Delta Cluster,158624.0,1100265060.0,6936.308881379867,0.341,2.148,1.087,,0.341,,0.0,0.066,0.02,0.341
Saint Lucia,LCA,2001,Delta Cluster,160247.0,1080200365.0,6740.846100082997,0.359,2.241,5.376,,0.359,,0.0,0.064,0.015,0.359
Saint Lucia,LCA,2002,Delta Cluster,161655.0,1106971931.0,6847.7432247687975,0.355,2.199,-1.02,,0.355,,0.0,0.063,0.016,0.355
Saint Lucia,LCA,2003,Delta Cluster,162985.0,1185932109.0,7276.326711047029,0.377,2.316,6.186,,0.377,,0.0,0.062,0.018,0.377
Saint Lucia,LCA,2004,Delta Cluster,164250.0,1306608275.0,7954.997108066971,0.399,2.432,5.825,,0.399,,0.0,0.062,0.017,0.399
Saint Lucia,LCA,2005,Delta Cluster,165460.0,1321769047.0,7988.450664813248,0.392,2.369,-1.835,,0.392,,0.0,0.061,0.018,0.392
Saint Lucia,LCA,2006,Delta Cluster,166657.0,1443383695.0,8660.804496660807,0.414,2.484,5.607,,0.414,,0.0,0.06,0.017,0.414
Saint Lucia,LCA,2007,Delta Cluster,167766.0,1491085385.0,8887.887802057629,0.421,2.512,1.77,,0.421,,0.0,0.059,0.017,0.421
Saint Lucia,LCA,2008,Delta Cluster,168816.0,1589069531.0,9413.026792484125,0.425,2.518,0.87,,0.425,,0.0,0.058,0.017,0.425
Saint Lucia,LCA,2009,Delta Cluster,169880.0,1609861406.0,9476.462243936896,0.425,2.502,0.0,,0.425,,0.0,0.057,0.017,0.425
Saint Lucia,LCA,2010,Delta Cluster,170921.0,1619438310.0,9474.776709707994,0.484,2.83,13.793,,0.484,,0.0,0.056,0.018,0.484
Saint Lucia,LCA,2011,Delta Cluster,171814.0,1661310000.0,9669.235335886482,0.484,2.815,0.0,,0.484,,0.0,0.058,0.017,0.484
Saint Lucia,LCA,2012,Delta Cluster,172595.0,1630854000.0,9449.022277586257,0.487,2.823,0.758,,0.487,,0.0,0.058,0.018,0.487
Saint Lucia,LCA,2013,Delta Cluster,173380.0,1636031000.0,9436.099896181797,0.487,2.811,0.0,,0.487,,0.0,0.058,0.017,0.487
Saint Lucia,LCA,2014,Delta Cluster,174145.0,1635705000.0,9392.77613483017,0.487,2.798,0.0,,0.487,,0.0,0.059,0.019,0.487
Saint Lucia,LCA,2015,Delta Cluster,174919.0,1670340000.0,9549.219924650839,0.48,2.744,-1.504,,0.48,,0.0,0.059,0.02,0.48
Saint Lucia,LCA,2016,Delta Cluster,175651.0,1719860632.0,9791.351213485832,0.473,2.691,-1.527,,0.473,,0.0,0.059,0.019,0.473
Saint Lucia,LCA,2017,Delta Cluster,176352.0,1781316024.0,10100.911948829613,0.495,2.805,4.651,,0.495,,0.0,0.059,0.019,0.495
Saint Lucia,LCA,2018,Delta Cluster,177032.0,1830625072.0,10340.645035925709,0.509,2.877,2.963,,0.509,,0.0,0.059,0.019,0.509
Saint Lucia,LCA,2019,Delta Cluster,177675.0,1824037649.0,10266.14689179682,0.502,2.825,-1.439,,0.502,,0.0,0.06,0.021,0.502
Saint Lucia,LCA,2020,Delta Cluster,178261.0,1361621707.0,7638.36008437067,0.487,2.734,-2.92,,0.487,,0.0,0.059,0.02,0.487
Saint Lucia,LCA,2021,Delta Cluster,178540.0,1515672504.0,8489.260132183264,0.506,2.832,3.759,,0.506,,0.0,0.06,0.02,0.506
Saint Lucia,LCA,2022,Delta Cluster,178794.0,1749086152.0,9782.689307247447,0.518,2.898,2.465,,0.518,,0.0,0.06,0.02,0.518
Saint Lucia,LCA,2023,Delta Cluster,179291.0,,,0.517,2.884,-0.202,,0.517,,0.0,0.06,0.02,0.517
Saint Lucia,LCA,2024,Delta Cluster,179751.0,,,0.537,2.987,3.842,,0.537,,0.0,0.06,0.02,0.537
Saint Pierre and Miquelon,SPM,1990,Delta Cluster,6377.0,,,0.092,14.364,-10.714,,0.092,,,,,0.092
Saint Pierre and Miquelon,SPM,1991,Delta Cluster,6400.0,,,0.103,16.03,12.0,,0.103,,,,,0.103
Saint Pierre and Miquelon,SPM,1992,Delta Cluster,6428.0,,,0.095,14.82,-7.143,,0.095,,,,,0.095
Saint Pierre and Miquelon,SPM,1993,Delta Cluster,6440.0,,,0.073,11.379,-23.077,,0.073,,,,,0.073
Saint Pierre and Miquelon,SPM,1994,Delta Cluster,6455.0,,,0.07,10.785,-5.0,,0.07,,,,,0.07
Saint Pierre and Miquelon,SPM,1995,Delta Cluster,6459.0,,,0.07,10.778,0.0,,0.07,,,,,0.07
Saint Pierre and Miquelon,SPM,1996,Delta Cluster,6451.0,,,0.07,10.792,0.0,,0.07,,,,,0.07
Saint Pierre and Miquelon,SPM,1997,Delta Cluster,6438.0,,,0.048,7.399,-31.579,,0.048,,,,,0.048
Saint Pierre and Miquelon,SPM,1998,Delta Cluster,6392.0,,,0.055,8.598,15.385,,0.055,,,,,0.055
Saint Pierre and Miquelon,SPM,1999,Delta Cluster,6338.0,,,0.055,8.672,0.0,,0.055,,,,,0.055
Saint Pierre and Miquelon,SPM,2000,Delta Cluster,6317.0,,,0.055,8.7,0.0,,0.055,,,,,0.055
Saint Pierre and Miquelon,SPM,2001,Delta Cluster,6299.0,,,0.055,8.725,0.0,,0.055,,,,,0.055
Saint Pierre and Miquelon,SPM,2002,Delta Cluster,6273.0,,,0.059,9.345,6.667,,0.059,,,,,0.059
Saint Pierre and Miquelon,SPM,2003,Delta Cluster,6234.0,,,0.062,9.992,6.25,,0.062,,,,,0.062
Saint Pierre and Miquelon,SPM,2004,Delta Cluster,6191.0,,,0.059,9.469,-5.882,,0.059,,,,,0.059
Saint Pierre and Miquelon,SPM,2005,Delta Cluster,6139.0,,,0.062,10.146,6.25,,0.062,,,,,0.062
Saint Pierre and Miquelon,SPM,2006,Delta Cluster,6094.0,,,0.062,10.221,0.0,,0.062,,,,,0.062
Saint Pierre and Miquelon,SPM,2007,Delta Cluster,6074.0,,,0.062,10.255,0.0,,0.062,,,,,0.062
Saint Pierre and Miquelon,SPM,2008,Delta Cluster,6063.0,,,0.062,10.273,0.0,,0.062,,,,,0.062
Saint Pierre and Miquelon,SPM,2009,Delta Cluster,6054.0,,,0.062,10.289,0.0,,0.062,,,,,0.062
Saint Pierre and Miquelon,SPM,2010,Delta Cluster,6047.0,,,0.062,10.301,0.0,,0.062,,,,,0.062
Saint Pierre and Miquelon,SPM,2011,Delta Cluster,6036.0,,,0.066,10.926,5.882,,0.066,,,,,0.066
Saint Pierre and Miquelon,SPM,2012,Delta Cluster,6019.0,,,0.066,10.957,0.0,,0.066,,,,,0.066
Saint Pierre and Miquelon,SPM,2013,Delta Cluster,5999.0,,,0.066,10.994,0.0,,0.066,,,,,0.066
Saint Pierre and Miquelon,SPM,2014,Delta Cluster,5984.0,,,0.066,11.021,0.0,,0.066,,,,,0.066
Saint Pierre and Miquelon,SPM,2015,Delta Cluster,5971.0,,,0.066,11.045,0.0,,0.066,,,,,0.066
Saint Pierre and Miquelon,SPM,2016,Delta Cluster,5957.0,,,0.066,11.071,0.0,,0.066,,,,,0.066
Saint Pierre and Miquelon,SPM,2017,Delta Cluster,5946.0,,,0.066,11.092,0.0,,0.066,,,,,0.066
Saint Pierre and Miquelon,SPM,2018,Delta Cluster,5932.0,,,0.059,9.883,-11.111,,0.059,,,,,0.059
Saint Pierre and Miquelon,SPM,2019,Delta Cluster,5899.0,,,0.066,11.18,12.5,,0.066,,,,,0.066
Saint Pierre and Miquelon,SPM,2020,Delta Cluster,5852.0,,,0.062,10.644,-5.556,,0.062,,,,,0.062
Saint Pierre and Miquelon,SPM,2021,Delta Cluster,5802.0,,,0.055,9.473,-11.765,,0.055,,,,,0.055
Saint Pierre and Miquelon,SPM,2022,Delta Cluster,5760.0,,,0.053,9.268,-2.869,,0.053,,,,,0.053
Saint Pierre and Miquelon,SPM,2023,Delta Cluster,5707.0,,,0.053,9.335,-0.202,,0.053,,,,,0.053
Saint Pierre and Miquelon,SPM,2024,Delta Cluster,5652.0,,,0.055,9.788,3.842,,0.055,,,,,0.055
Saint Vincent and the Grenadines,VCT,1990,Delta Cluster,111825.0,,,0.081,0.721,4.762,,0.081,,0.0,0.04,0.012,0.081
Saint Vincent and the Grenadines,VCT,1991,Delta Cluster,112236.0,,,0.084,0.751,4.545,,0.084,,0.0,0.04,0.012,0.084
Saint Vincent and the Grenadines,VCT,1992,Delta Cluster,112524.0,,,0.084,0.749,0.0,,0.084,,0.0,0.04,0.012,0.084
Saint Vincent and the Grenadines,VCT,1993,Delta Cluster,112753.0,,,0.103,0.91,21.739,,0.103,,0.0,0.041,0.014,0.103
Saint Vincent and the Grenadines,VCT,1994,Delta Cluster,112933.0,,,0.121,1.071,17.857,,0.121,,0.0,0.041,0.015,0.121
Saint Vincent and the Grenadines,VCT,1995,Delta Cluster,113064.0,,,0.128,1.134,6.061,,0.128,,0.0,0.042,0.015,0.128
Saint Vincent and the Grenadines,VCT,1996,Delta Cluster,113136.0,,,0.132,1.166,2.857,,0.132,,0.0,0.042,0.015,0.132
Saint Vincent and the Grenadines,VCT,1997,Delta Cluster,113158.0,,,0.132,1.166,0.0,,0.132,,0.0,0.043,0.015,0.132
Saint Vincent and the Grenadines,VCT,1998,Delta Cluster,113195.0,,,0.161,1.424,22.222,,0.161,,0.0,0.043,0.017,0.161
Saint Vincent and the Grenadines,VCT,1999,Delta Cluster,113384.0,,,0.165,1.454,2.273,,0.165,,0.0,0.043,0.017,0.165
Saint Vincent and the Grenadines,VCT,2000,Delta Cluster,113561.0,,,0.143,1.258,-13.333,,0.143,,0.0,0.044,0.017,0.143
Saint Vincent and the Grenadines,VCT,2001,Delta Cluster,113506.0,,,0.176,1.549,23.077,,0.176,,0.0,0.044,0.017,0.176
Saint Vincent and the Grenadines,VCT,2002,Delta Cluster,113365.0,,,0.187,1.648,6.25,,0.187,,0.0,0.044,0.01,0.187
Saint Vincent and the Grenadines,VCT,2003,Delta Cluster,113149.0,,,0.202,1.781,7.843,,0.202,,0.0,0.044,0.009,0.202
Saint Vincent and the Grenadines,VCT,2004,Delta Cluster,112856.0,,,0.22,1.948,9.091,,0.22,,0.0,0.044,0.009,0.22
Saint Vincent and the Grenadines,VCT,2005,Delta Cluster,112465.0,,,0.22,1.955,0.0,,0.22,,0.0,0.045,0.01,0.22
Saint Vincent and the Grenadines,VCT,2006,Delta Cluster,112027.0,,,0.22,1.962,0.0,,0.22,,0.0,0.046,0.01,0.22
Saint Vincent and the Grenadines,VCT,2007,Delta Cluster,111544.0,,,0.238,2.135,8.333,,0.238,,0.0,0.046,0.01,0.238
Saint Vincent and the Grenadines,VCT,2008,Delta Cluster,111047.0,,,0.22,1.98,-7.692,,0.22,,0.0,0.047,0.01,0.22
Saint Vincent and the Grenadines,VCT,2009,Delta Cluster,110521.0,,,0.278,2.52,26.667,,0.278,,0.0,0.047,0.011,0.278
Saint Vincent and the Grenadines,VCT,2010,Delta Cluster,109974.0,,,0.224,2.032,-19.737,,0.224,,0.0,0.047,0.011,0.224
Saint Vincent and the Grenadines,VCT,2011,Delta Cluster,109367.0,,,0.216,1.977,-3.279,,0.216,,0.0,0.049,0.01,0.216
Saint Vincent and the Grenadines,VCT,2012,Delta Cluster,108753.0,,,0.231,2.123,6.78,,0.231,,0.0,0.049,0.01,0.231
Saint Vincent and the Grenadines,VCT,2013,Delta Cluster,108156.0,,,0.216,1.999,-6.349,,0.216,,0.0,0.048,0.01,0.216
Saint Vincent and the Grenadines,VCT,2014,Delta Cluster,107555.0,,,0.256,2.385,18.644,,0.256,,0.0,0.048,0.01,0.256
Saint Vincent and the Grenadines,VCT,2015,Delta Cluster,106975.0,,,0.234,2.192,-8.571,,0.234,,0.0,0.048,0.01,0.234
Saint Vincent and the Grenadines,VCT,2016,Delta Cluster,106365.0,,,0.242,2.274,3.125,,0.242,,0.0,0.048,0.01,0.242
Saint Vincent and the Grenadines,VCT,2017,Delta Cluster,105674.0,,,0.213,2.011,-12.121,,0.213,,0.0,0.048,0.01,0.213
Saint Vincent and the Grenadines,VCT,2018,Delta Cluster,104939.0,,,0.242,2.304,13.793,,0.242,,0.0,0.048,0.01,0.242
Saint Vincent and the Grenadines,VCT,2019,Delta Cluster,104183.0,,,0.22,2.11,-9.091,,0.22,,0.0,0.048,0.01,0.22
Saint Vincent and the Grenadines,VCT,2020,Delta Cluster,103540.0,,,0.238,2.3,8.333,,0.238,,0.0,0.048,0.009,0.238
Saint Vincent and the Grenadines,VCT,2021,Delta Cluster,102848.0,,,0.234,2.28,-1.538,,0.234,,0.0,0.048,0.009,0.234
Saint Vincent and the Grenadines,VCT,2022,Delta Cluster,102063.0,,,0.247,2.417,5.203,,0.247,,0.0,0.048,0.009,0.247
Saint Vincent and the Grenadines,VCT,2023,Delta Cluster,101331.0,,,0.246,2.43,-0.202,,0.246,,0.0,0.048,0.009,0.246
Saint Vincent and the Grenadines,VCT,2024,Delta Cluster,100630.0,,,0.256,2.541,3.842,,0.256,,0.0,0.048,0.009,0.256
Samoa,WSM,1990,Delta Cluster,169061.0,,,0.092,0.542,8.696,,0.092,,0.0,0.154,0.038,0.092
Samoa,WSM,1991,Delta Cluster,169378.0,,,0.095,0.562,4.0,,0.095,,0.0,0.154,0.038,0.095
Samoa,WSM,1992,Delta Cluster,170340.0,,,0.099,0.581,3.846,,0.099,,0.0,0.15,0.037,0.099
Samoa,WSM,1993,Delta Cluster,171786.0,,,0.106,0.619,7.407,,0.106,,0.0,0.153,0.039,0.106
Samoa,WSM,1994,Delta Cluster,173167.0,,,0.099,0.571,-6.897,,0.099,,0.0,0.155,0.039,0.099
Samoa,WSM,1995,Delta Cluster,174585.0,,,0.11,0.63,11.111,,0.11,,0.0,0.153,0.039,0.11
Samoa,WSM,1996,Delta Cluster,176086.0,,,0.125,0.707,13.333,,0.125,,0.0,0.153,0.039,0.125
Samoa,WSM,1997,Delta Cluster,177561.0,,,0.125,0.702,0.0,,0.125,,0.0,0.153,0.039,0.125
Samoa,WSM,1998,Delta Cluster,178921.0,,,0.139,0.778,11.765,,0.139,,0.0,0.155,0.04,0.139
Samoa,WSM,1999,Delta Cluster,180279.0,,,0.139,0.772,0.0,,0.139,,0.0,0.155,0.04,0.139
Samoa,WSM,2000,Delta Cluster,181695.0,,,0.143,0.786,2.632,,0.143,,0.0,0.157,0.041,0.143
Samoa,WSM,2001,Delta Cluster,183174.0,,,0.154,0.84,7.692,,0.154,,0.0,0.17,0.043,0.154
Samoa,WSM,2002,Delta Cluster,184482.0,,,0.161,0.874,4.762,,0.161,,0.0,0.17,0.044,0.161
Samoa,WSM,2003,Delta Cluster,185447.0,,,0.161,0.869,0.0,,0.161,,0.0,0.172,0.044,0.161
Samoa,WSM,2004,Delta Cluster,186265.0,,,0.169,0.905,4.545,,0.169,,0.0,0.174,0.045,0.169
Samoa,WSM,2005,Delta Cluster,186993.0,,,0.172,0.921,2.174,,0.172,,0.0,0.174,0.045,0.172
Samoa,WSM,2006,Delta Cluster,187724.0,,,0.169,0.898,-2.128,,0.169,,0.0,0.174,0.045,0.169
Samoa,WSM,2007,Delta Cluster,188766.0,,,0.18,0.951,6.522,,0.18,,0.0,0.167,0.044,0.18
Samoa,WSM,2008,Delta Cluster,190117.0,,,0.161,0.848,-10.204,,0.161,,0.0,0.165,0.044,0.161
Samoa,WSM,2009,Delta Cluster,191530.0,,,0.169,0.88,4.545,,0.169,,0.0,0.17,0.047,0.169
Samoa,WSM,2010,Delta Cluster,193035.0,,,0.187,0.968,10.87,,0.187,,0.0,0.182,0.051,0.187
Samoa,WSM,2011,Delta Cluster,194726.0,,,0.191,0.978,1.961,,0.191,,0.0,0.189,0.054,0.191
Samoa,WSM,2012,Delta Cluster,196518.0,,,0.191,0.97,0.0,,0.191,,0.0,0.194,0.055,0.191
Samoa,WSM,2013,Delta Cluster,198284.0,,,0.191,0.961,0.0,,0.191,,0.0,0.197,0.056,0.191
Samoa,WSM,2014,Delta Cluster,200051.0,,,0.202,1.007,5.769,,0.202,,0.0,0.198,0.057,0.202
Samoa,WSM,2015,Delta Cluster,201794.0,,,0.227,1.126,12.727,,0.227,,0.0,0.209,0.062,0.227
Samoa,WSM,2016,Delta Cluster,203509.0,,,0.238,1.17,4.839,,0.238,,0.0,0.192,0.057,0.238
Samoa,WSM,2017,Delta Cluster,205423.0,,,0.234,1.142,-1.538,,0.234,,0.0,0.182,0.054,0.234
Samoa,WSM,2018,Delta Cluster,207595.0,,,0.234,1.13,0.0,,0.234,,0.0,0.166,0.05,0.234
Samoa,WSM,2019,Delta Cluster,209794.0,,,0.26,1.24,10.938,,0.26,,0.0,0.146,0.045,0.26
Samoa,WSM,2020,Delta Cluster,211957.0,,,0.234,1.106,-9.859,,0.234,,0.0,0.134,0.042,0.234
Samoa,WSM,2021,Delta Cluster,213792.0,,,0.267,1.251,14.062,,0.267,,0.0,0.162,0.051,0.267
Samoa,WSM,2022,Delta Cluster,215270.0,,,0.236,1.096,-11.782,,0.236,,0.0,0.157,0.05,0.236
Samoa,WSM,2023,Delta Cluster,216673.0,,,0.235,1.084,-0.472,,0.235,,0.0,0.152,0.049,0.235
Samoa,WSM,2024,Delta Cluster,218031.0,,,0.246,1.126,4.574,,0.246,,0.0,0.161,0.052,0.246
Sao Tome and Principe,STP,1990,Delta Cluster,122993.0,257172000.0,2090.9482653484347,0.048,0.387,0.0,,0.048,,0.0,0.037,0.008,0.048
Sao Tome and Principe,STP,1991,Delta Cluster,125711.0,262157958.0,2085.4018980041524,0.048,0.379,0.0,,0.048,,0.0,0.039,0.009,0.048
Sao Tome and Principe,STP,1992,Delta Cluster,128127.0,264441187.0,2063.8989986497772,0.048,0.372,0.0,,0.048,,0.0,0.039,0.009,0.048
Sao Tome and Principe,STP,1993,Delta Cluster,130478.0,268616534.0,2058.7113076533974,0.048,0.365,0.0,,0.048,,0.0,0.04,0.008,0.048
Sao Tome and Principe,STP,1994,Delta Cluster,132745.0,275609588.0,2076.233289389431,0.048,0.359,0.0,,0.048,,0.0,0.042,0.009,0.048
Sao Tome and Principe,STP,1995,Delta Cluster,134905.0,281874143.0,2089.4269522997665,0.048,0.353,0.0,,0.048,,0.0,0.043,0.009,0.048
Sao Tome and Principe,STP,1996,Delta Cluster,136974.0,288736950.0,2107.9690306189495,0.048,0.348,0.0,,0.048,,0.0,0.044,0.009,0.048
Sao Tome and Principe,STP,1997,Delta Cluster,138935.0,291643204.0,2099.1341562601215,0.048,0.343,0.0,,0.048,,0.0,0.045,0.009,0.048
Sao Tome and Principe,STP,1998,Delta Cluster,140765.0,300902178.0,2137.6207011686142,0.048,0.338,0.0,,0.048,,0.0,0.046,0.009,0.048
Sao Tome and Principe,STP,1999,Delta Cluster,142459.0,310102879.0,2176.786857973171,0.048,0.334,0.0,,0.048,,0.0,0.05,0.01,0.048
Sao Tome and Principe,STP,2000,Delta Cluster,144029.0,312853560.0,2172.1567184386477,0.051,0.356,7.692,,0.051,,0.0,0.052,0.01,0.051
Sao Tome and Principe,STP,2001,Delta Cluster,146386.0,323367292.0,2209.0042217151913,0.051,0.35,0.0,,0.051,,0.0,0.05,0.011,0.051
Sao Tome and Principe,STP,2002,Delta Cluster,149932.0,330763135.0,2206.0876597390816,0.055,0.367,7.143,,0.055,,0.0,0.052,0.012,0.055
Sao Tome and Principe,STP,2003,Delta Cluster,153824.0,356840538.0,2319.7975478468898,0.062,0.405,13.333,,0.062,,0.0,0.053,0.013,0.062
Sao Tome and Principe,STP,2004,Delta Cluster,157721.0,370949154.0,2351.93255178448,0.073,0.465,17.647,,0.073,,0.0,0.054,0.013,0.073
Sao Tome and Principe,STP,2005,Delta Cluster,161650.0,400193555.0,2475.6792762140426,0.077,0.476,5.0,,0.077,,0.0,0.055,0.014,0.077
Sao Tome and Principe,STP,2006,Delta Cluster,165651.0,436915676.0,2637.5673916849278,0.081,0.487,4.762,,0.081,,0.0,0.056,0.014,0.081
Sao Tome and Principe,STP,2007,Delta Cluster,169709.0,454094461.0,2675.7240983094594,0.081,0.475,0.0,,0.081,,0.0,0.056,0.014,0.081
Sao Tome and Principe,STP,2008,Delta Cluster,173808.0,491548804.0,2828.1138037374576,0.084,0.485,4.545,,0.084,,0.0,0.057,0.015,0.084
Sao Tome and Principe,STP,2009,Delta Cluster,177866.0,507380515.0,2852.5997942271147,0.092,0.515,8.696,,0.092,,0.0,0.059,0.016,0.092
Sao Tome and Principe,STP,2010,Delta Cluster,181810.0,544428757.0,2994.4929156812054,0.106,0.584,16.0,,0.106,,0.0,0.059,0.016,0.106
Sao Tome and Principe,STP,2011,Delta Cluster,185665.0,572220000.0,3082.0025314410364,0.099,0.533,-6.897,,0.099,,0.0,0.06,0.016,0.099
Sao Tome and Principe,STP,2012,Delta Cluster,189452.0,588711000.0,3107.4414627451806,0.11,0.58,11.111,,0.11,,0.0,0.06,0.017,0.11
Sao Tome and Principe,STP,2013,Delta Cluster,193158.0,619718000.0,3208.3475703827953,0.11,0.569,0.0,,0.11,,0.0,0.061,0.018,0.11
Sao Tome and Principe,STP,2014,Delta Cluster,196780.0,660060000.0,3354.3042992174,0.128,0.652,16.667,,0.128,,0.0,0.062,0.018,0.128
Sao Tome and Principe,STP,2015,Delta Cluster,200308.0,687730000.0,3433.3626215627933,0.136,0.677,5.714,,0.136,,0.0,0.063,0.019,0.136
Sao Tome and Principe,STP,2016,Delta Cluster,203702.0,718608950.0,3527.7461684224995,0.147,0.719,8.108,,0.147,,0.0,0.064,0.019,0.147
Sao Tome and Principe,STP,2017,Delta Cluster,206986.0,745271993.0,3600.591310523417,0.139,0.673,-5.0,,0.139,,0.0,0.064,0.02,0.139
Sao Tome and Principe,STP,2018,Delta Cluster,210198.0,768095622.0,3654.1528558787427,0.139,0.662,0.0,,0.139,,0.0,0.065,0.02,0.139
Sao Tome and Principe,STP,2019,Delta Cluster,213405.0,784993764.0,3678.4225486750543,0.147,0.687,5.263,,0.147,,0.0,0.067,0.02,0.147
Sao Tome and Principe,STP,2020,Delta Cluster,217450.0,809328569.0,3721.906502644286,0.143,0.657,-2.5,,0.143,,0.0,0.068,0.021,0.143
Sao Tome and Principe,STP,2021,Delta Cluster,221975.0,824700110.0,3715.283748169839,0.143,0.644,0.0,,0.143,,0.0,0.067,0.021,0.143
Sao Tome and Principe,STP,2022,Delta Cluster,226313.0,825238400.0,3646.447177139625,0.136,0.599,-5.128,,0.136,,0.0,0.068,0.023,0.136
Sao Tome and Principe,STP,2023,Delta Cluster,230882.0,,,0.14,0.606,3.15,,0.14,,0.0,0.069,0.024,0.14
Sao Tome and Principe,STP,2024,Delta Cluster,235548.0,,,0.142,0.602,1.388,,0.142,,0.0,0.07,0.024,0.142
Saudi Arabia,SAU,1990,Delta Cluster,10640697.0,230231005239.0,21636.83499671121,181.971,17.101,-10.525,0.0,111.4,64.344,5.766,55.18,5.691,181.51
Saudi Arabia,SAU,1991,Delta Cluster,11160752.0,279266370692.0,25022.182259044912,244.534,21.91,34.381,0.024,170.679,67.51,5.456,66.562,5.905,243.669
Saudi Arabia,SAU,1992,Delta Cluster,11686682.0,306102220149.0,26192.39747851443,276.011,23.618,12.872,0.007,194.701,73.423,7.342,68.569,6.127,275.47299999999996
Saudi Arabia,SAU,1993,Delta Cluster,12215864.0,318013026200.0,26032.790329034444,297.754,24.374,7.878,0.052,212.794,76.86,7.32,68.886,6.117,297.026
Saudi Arabia,SAU,1994,Delta Cluster,12750037.0,336457977370.0,26388.78439097863,291.208,22.84,-2.198,0.068,195.159,82.099,7.166,68.396,6.093,284.492
Saudi Arabia,SAU,1995,Delta Cluster,13289246.0,354296184185.0,26660.367652536494,274.604,20.664,-5.702,0.05,178.451,82.407,7.524,66.989,5.776,268.432
Saudi Arabia,SAU,1996,Delta Cluster,13831002.0,381675255575.0,27595.633026081552,269.498,19.485,-1.859,0.046,169.343,85.441,7.829,69.825,6.138,262.659
Saudi Arabia,SAU,1997,Delta Cluster,14374948.0,404619673714.0,28147.55738344236,227.149,15.802,-15.714,0.061,124.004,87.991,7.325,72.137,6.549,219.381
Saudi Arabia,SAU,1998,Delta Cluster,14922188.0,436367217571.0,29242.84411716298,218.915,14.67,-3.625,0.075,114.916,89.682,7.498,71.397,6.837,212.171
Saudi Arabia,SAU,1999,Delta Cluster,15472076.0,440370701905.0,28462.289217361653,237.716,15.364,8.588,0.059,135.143,88.683,7.737,66.656,6.937,231.62199999999999
Saudi Arabia,SAU,2000,Delta Cluster,16177733.0,488272422255.0,30181.75799136999,309.639,19.14,30.256,0.001,198.371,95.613,8.575,72.338,6.675,302.56
Saudi Arabia,SAU,2001,Delta Cluster,17041405.0,506978101388.0,29749.78303655127,324.374,19.034,4.759,0.005,205.004,103.061,9.745,71.614,6.816,317.815
Saudi Arabia,SAU,2002,Delta Cluster,17910909.0,518347038548.0,28940.297700580133,346.93,19.37,6.954,0.028,219.46,110.029,10.996,69.307,6.985,340.513
Saudi Arabia,SAU,2003,Delta Cluster,18786771.0,607244594721.0,32322.989124687792,351.228,18.695,1.239,0.029,216.839,115.288,11.368,79.165,7.132,343.524
Saudi Arabia,SAU,2004,Delta Cluster,19669486.0,690846607941.0,35122.758568322526,407.702,20.728,16.079,0.036,263.196,126.075,11.542,80.244,7.394,400.849
Saudi Arabia,SAU,2005,Delta Cluster,20559886.0,768984265306.0,37402.16581482991,412.234,20.05,1.112,0.07,256.689,136.748,11.35,85.504,7.309,404.857
Saudi Arabia,SAU,2006,Delta Cluster,21459141.0,833723402383.0,38851.667099955215,444.977,20.736,7.943,0.038,283.766,141.013,12.2,87.661,7.441,437.017
Saudi Arabia,SAU,2007,Delta Cluster,22368313.0,896025266041.0,40057.79363159841,423.314,18.925,-4.868,0.055,258.466,142.852,13.961,87.343,7.842,415.33400000000006
Saudi Arabia,SAU,2008,Delta Cluster,23287884.0,1005243539213.0,43165.94582886964,469.43,20.158,10.894,0.108,288.817,154.41,18.088,90.533,7.519,461.42300000000006
Saudi Arabia,SAU,2009,Delta Cluster,24217656.0,1040467027041.0,42963.159896275676,503.97,20.81,7.358,0.067,326.067,150.59,19.875,85.948,7.521,496.59900000000005
Saudi Arabia,SAU,2010,Delta Cluster,25157134.0,1156842077931.0,45984.653018543366,555.64,22.087,10.253,0.17,359.645,168.268,20.669,87.389,8.117,548.752
Saudi Arabia,SAU,2011,Delta Cluster,26105636.0,1347950226660.0,51634.452677575064,540.236,20.694,-2.772,0.17,335.71,177.099,21.989,95.212,8.783,534.9680000000001
Saudi Arabia,SAU,2012,Delta Cluster,27062447.0,1421109142119.0,52512.21894749577,605.712,22.382,12.12,0.193,386.219,190.671,24.984,99.699,9.177,602.067
Saudi Arabia,SAU,2013,Delta Cluster,28026825.0,1461615692896.0,52150.59832485485,583.178,20.808,-3.72,0.239,359.381,192.011,27.789,99.461,9.359,579.42
Saudi Arabia,SAU,2014,Delta Cluster,28998127.0,1520484201383.0,52433.876208039226,585.109,20.177,0.331,0.257,355.28,196.522,29.396,101.296,9.567,581.4549999999999
Saudi Arabia,SAU,2015,Delta Cluster,29974944.0,1591797027903.0,53104.25360270898,624.547,20.836,6.74,0.26,390.526,200.499,29.214,104.79,9.805,620.499
Saudi Arabia,SAU,2016,Delta Cluster,30717804.0,1629412617614.0,53044.56717068707,641.174,20.873,2.662,0.33,395.724,212.8,28.436,107.74,9.782,637.2900000000001
Saudi Arabia,SAU,2017,Delta Cluster,30782400.0,1628276592787.0,52896.34962793675,644.487,20.937,0.517,0.52,393.125,222.859,23.63,105.973,9.453,640.134
Saudi Arabia,SAU,2018,Delta Cluster,30365119.0,1673253984473.0,55104.47643801429,652.204,21.479,1.197,0.462,391.612,231.045,24.749,109.105,9.497,647.868
Saudi Arabia,SAU,2019,Delta Cluster,30472809.0,1687180073621.0,55366.739364953195,708.335,23.245,8.606,0.484,446.993,233.225,23.684,106.725,9.63,704.386
Saudi Arabia,SAU,2020,Delta Cluster,30991206.0,1613932868835.0,52077.123711642584,653.565,21.089,-7.732,0.425,388.279,234.953,25.651,106.547,11.045,649.308
Saudi Arabia,SAU,2021,Delta Cluster,31328374.0,1677226744197.0,53536.98676468175,695.394,22.197,6.4,0.517,420.649,241.864,28.373,106.548,11.065,691.403
Saudi Arabia,SAU,2022,Delta Cluster,32175351.0,1823886192336.0,56685.821153466204,666.994,20.73,-4.084,0.509,435.507,197.945,29.536,117.03,11.82,663.4970000000001
Saudi Arabia,SAU,2023,Delta Cluster,33264289.0,,,677.442,20.365,1.566,0.63,443.735,198.971,29.428,113.168,12.363,672.764
Saudi Arabia,SAU,2024,Delta Cluster,33962751.0,,,692.133,20.379,2.169,0.701,451.461,205.969,29.38,117.014,13.056,687.5110000000001
Senegal,SEN,1990,Delta Cluster,7720524.0,15993263040.0,2071.5255907500577,2.93,0.38,-19.988,,2.726,0.011,0.193,6.951,3.491,2.93
Senegal,SEN,1991,Delta Cluster,7943091.0,16307693057.0,2053.0663764270107,3.108,0.391,6.079,,2.895,0.007,0.206,7.097,3.557,3.108
Senegal,SEN,1992,Delta Cluster,8168396.0,16415224652.0,2009.6019649390162,3.166,0.388,1.86,,2.916,0.004,0.246,7.22,3.578,3.166
Senegal,SEN,1993,Delta Cluster,8396289.0,16528654543.0,1968.5666540301318,3.286,0.391,3.801,,3.019,0.026,0.241,7.382,3.652,3.286
Senegal,SEN,1994,Delta Cluster,8624077.0,16427310135.0,1904.8195111198565,3.636,0.422,10.637,,3.32,0.037,0.28,7.507,3.788,3.6369999999999996
Senegal,SEN,1995,Delta Cluster,8848112.0,17207967928.0,1944.8180502235957,2.99,0.338,-17.749,,2.616,0.092,0.283,7.602,3.791,2.991
Senegal,SEN,1996,Delta Cluster,9067018.0,17463290035.0,1926.0235322131268,3.243,0.358,8.438,,2.829,0.084,0.33,8.083,4.165,3.2430000000000003
Senegal,SEN,1997,Delta Cluster,9283505.0,17899120921.0,1928.056366749412,3.182,0.343,-1.863,,2.791,0.044,0.347,8.054,3.973,3.182
Senegal,SEN,1998,Delta Cluster,9502951.0,18841602978.0,1982.710736696422,3.334,0.351,4.751,,2.888,0.04,0.406,7.95,3.951,3.334
Senegal,SEN,1999,Delta Cluster,9730897.0,19920223117.0,2047.110674072493,3.604,0.37,8.1,,3.188,0.011,0.405,8.441,4.313,3.604
Senegal,SEN,2000,Delta Cluster,9968262.0,20439620643.0,2050.469845495634,3.902,0.391,8.282,,3.36,0.0,0.542,8.762,4.704,3.902
Senegal,SEN,2001,Delta Cluster,10212941.0,21256566387.0,2081.3364521541835,4.258,0.417,9.125,,3.638,0.0,0.62,8.283,4.213,4.258
Senegal,SEN,2002,Delta Cluster,10466216.0,21289209696.0,2034.0885087791041,4.437,0.424,4.2,0.271,3.495,0.007,0.663,8.014,4.027,4.436
Senegal,SEN,2003,Delta Cluster,10721176.0,22622569107.0,2110.0828031365218,4.928,0.46,11.057,0.282,3.947,0.022,0.677,7.695,3.614,4.928000000000001
Senegal,SEN,2004,Delta Cluster,10975711.0,23858338191.0,2173.739650306026,5.238,0.477,6.306,0.37,3.891,0.026,0.951,8.263,4.199,5.2379999999999995
Senegal,SEN,2005,Delta Cluster,11235473.0,25111741099.0,2235.040847768492,5.539,0.493,5.74,0.37,4.104,0.026,1.04,8.467,4.35,5.54
Senegal,SEN,2006,Delta Cluster,11500094.0,25681645040.0,2233.1682714941285,4.43,0.385,-20.026,0.447,2.829,0.022,1.132,8.965,4.546,4.43
Senegal,SEN,2007,Delta Cluster,11770348.0,26900866878.0,2285.477615275266,5.196,0.441,17.298,0.707,3.246,0.022,1.221,8.886,4.198,5.196
Senegal,SEN,2008,Delta Cluster,12048963.0,27862112568.0,2312.4075132440857,4.74,0.393,-8.77,0.597,2.935,0.022,1.186,9.261,4.449,4.74
Senegal,SEN,2009,Delta Cluster,12337390.0,28495333178.0,2309.672724782146,5.258,0.426,10.914,0.74,3.206,0.033,1.279,9.599,4.498,5.257999999999999
Senegal,SEN,2010,Delta Cluster,12635418.0,29674469620.0,2348.5150724732653,6.862,0.543,30.522,0.674,4.573,0.048,1.568,9.865,4.791,6.863000000000001
Senegal,SEN,2011,Delta Cluster,12958902.0,30201416523.0,2330.5536628797718,7.819,0.603,13.938,0.942,5.051,0.037,1.789,10.094,4.945,7.819
Senegal,SEN,2012,Delta Cluster,13310499.0,31410375400.0,2359.819522919464,7.362,0.553,-5.841,0.817,4.697,0.055,1.793,9.896,4.574,7.362
Senegal,SEN,2013,Delta Cluster,13710857.0,32167998974.0,2346.1698254164567,7.853,0.573,6.663,0.814,4.934,0.084,2.021,9.897,4.834,7.853
Senegal,SEN,2014,Delta Cluster,14152103.0,34170131826.0,2414.491459396529,8.724,0.616,11.101,1.099,5.654,0.073,1.898,9.717,4.767,8.724
Senegal,SEN,2015,Delta Cluster,14593335.0,36345743124.0,2490.571423461464,9.845,0.675,12.85,1.15,6.859,0.048,1.788,9.676,4.516,9.845
Senegal,SEN,2016,Delta Cluster,15034517.0,38655882471.0,2571.1422901713436,10.013,0.666,1.7,1.205,6.769,0.044,1.995,10.183,5.277,10.013000000000002
Senegal,SEN,2017,Delta Cluster,15475001.0,41519118886.0,2682.9800454293995,10.757,0.695,7.434,1.439,7.256,0.037,2.014,10.044,5.416,10.746
Senegal,SEN,2018,Delta Cluster,15914495.0,44097044770.0,2770.8730167058397,11.33,0.712,5.329,2.261,6.951,0.022,2.097,9.971,5.209,11.331
Senegal,SEN,2019,Delta Cluster,16352926.0,46131678369.0,2821.0045327056455,12.711,0.777,12.189,2.089,7.971,0.026,2.625,10.317,5.451,12.711
Senegal,SEN,2020,Delta Cluster,16789217.0,46743389453.0,2784.1315919021117,10.82,0.644,-14.88,1.349,6.718,0.026,2.727,10.944,5.864,10.82
Senegal,SEN,2021,Delta Cluster,17220866.0,49579310412.0,2879.025387689562,12.319,0.715,13.854,1.971,7.427,0.015,2.906,10.922,5.696,12.319
Senegal,SEN,2022,Delta Cluster,17651099.0,51913993763.0,2941.11963017147,14.133,0.801,14.723,2.089,8.933,0.011,3.1,10.932,5.897,14.133
Senegal,SEN,2023,Delta Cluster,18077573.0,,,14.082,0.779,-0.36,2.429,8.542,0.011,3.1,11.181,5.995,14.081999999999999
Senegal,SEN,2024,Delta Cluster,18501988.0,,,14.092,0.762,0.071,1.991,8.875,0.012,3.1,11.374,6.117,13.978
Serbia,SRB,1990,Delta Cluster,7874595.0,75948516071.0,9644.752024834293,57.538,7.307,-0.62,41.692,9.208,5.203,1.34,13.789,5.055,57.443000000000005
Serbia,SRB,1991,Delta Cluster,7867067.0,68073341363.0,8652.950504044264,40.577,5.158,-29.478,26.326,8.227,4.77,1.191,12.931,4.566,40.513999999999996
Serbia,SRB,1992,Delta Cluster,7859811.0,50213316006.0,6388.616215580756,43.636,5.552,7.538,32.63,4.815,5.184,1.006,11.491,3.667,43.635
Serbia,SRB,1993,Delta Cluster,7849723.0,35705127092.0,4548.584337561975,37.997,4.841,-12.922,30.443,3.621,3.396,0.538,11.2,3.453,37.998
Serbia,SRB,1994,Delta Cluster,7837157.0,37491186647.0,4783.773841330472,36.967,4.717,-2.711,31.216,3.43,1.525,0.797,10.763,3.55,36.967999999999996
Serbia,SRB,1995,Delta Cluster,7823281.0,40606796137.0,5190.507171735235,39.047,4.991,5.626,32.554,3.611,2.044,0.838,11.327,4.106,39.047
Serbia,SRB,1996,Delta Cluster,7807720.0,43633612702.0,5588.521706977197,45.696,5.853,17.027,32.25,7.231,5.125,1.089,10.888,4.354,45.695
Serbia,SRB,1997,Delta Cluster,7789186.0,47961715204.0,6157.47463265096,49.098,6.303,7.446,32.932,10.076,5.097,0.994,10.88,4.665,49.099000000000004
Serbia,SRB,1998,Delta Cluster,7765929.0,50248494231.0,6470.377752745358,51.691,6.656,5.281,37.162,8.841,4.576,1.113,10.92,4.256,51.692
Serbia,SRB,1999,Delta Cluster,7734367.0,42108008598.0,5444.273409575729,35.652,4.609,-31.029,27.388,4.18,3.306,0.778,9.795,3.888,35.652
Serbia,SRB,2000,Delta Cluster,7694608.0,45972177454.0,5974.596425704857,39.606,5.147,11.093,31.14,3.923,3.498,1.046,9.498,3.604,39.607
Serbia,SRB,2001,Delta Cluster,7651927.0,49551965376.0,6475.7498831340135,42.541,5.56,7.409,30.168,7.226,3.952,1.194,9.024,3.982,42.54
Serbia,SRB,2002,Delta Cluster,7616741.0,54169287385.0,7111.872044093399,45.486,5.972,6.924,31.887,8.439,3.977,1.184,9.02,3.903,45.486999999999995
Serbia,SRB,2003,Delta Cluster,7590946.0,57670215281.0,7597.23692949469,48.649,6.409,6.952,33.984,9.478,4.161,1.025,8.908,3.671,48.648
Serbia,SRB,2004,Delta Cluster,7565843.0,64122161308.0,8475.217012565552,52.942,6.998,8.825,35.464,11.088,5.284,1.107,8.657,4.685,52.943
Serbia,SRB,2005,Delta Cluster,7539139.0,69083768076.0,9163.349830265764,50.058,6.64,-5.447,31.795,12.687,4.452,1.124,7.953,4.364,50.058
Serbia,SRB,2006,Delta Cluster,7511395.0,74079355840.0,9862.263379838232,53.721,7.152,7.317,34.45,13.446,4.558,1.267,8.046,3.987,53.721000000000004
Serbia,SRB,2007,Delta Cluster,7482996.0,80235729936.0,10722.407166327497,52.16,6.97,-2.906,34.174,12.062,4.602,1.322,8.133,4.387,52.16
Serbia,SRB,2008,Delta Cluster,7454285.0,86433151884.0,11595.096227740152,51.737,6.941,-0.811,35.479,10.274,4.58,1.404,8.052,3.845,51.736999999999995
Serbia,SRB,2009,Delta Cluster,7425346.0,85543117613.0,11520.421757181417,45.92,6.184,-11.243,31.476,10.154,3.192,1.098,7.755,4.417,45.919999999999995
Serbia,SRB,2010,Delta Cluster,7395872.0,88047936265.0,11905.010831041966,45.694,6.178,-0.491,30.814,9.585,4.243,1.052,7.654,3.68,45.694
Serbia,SRB,2011,Delta Cluster,7364858.0,91032746041.0,12360.421075464048,48.956,6.647,7.138,34.273,9.296,4.353,1.035,7.668,3.817,48.957
Serbia,SRB,2012,Delta Cluster,7324624.0,90412315334.0,12343.611813248024,43.764,5.975,-10.607,30.107,8.893,3.84,0.904,7.514,4.307,43.74400000000001
Serbia,SRB,2013,Delta Cluster,7276183.0,93027618312.0,12785.222459633025,44.576,6.126,1.857,31.28,8.215,4.272,0.786,7.467,4.332,44.553000000000004
Serbia,SRB,2014,Delta Cluster,7227203.0,91548933459.0,12667.270237047444,37.331,5.165,-16.253,24.622,8.215,3.682,0.793,7.321,3.631,37.312000000000005
Serbia,SRB,2015,Delta Cluster,7177257.0,93202353035.0,12985.790119400768,43.897,6.116,17.588,30.558,8.489,4.005,0.817,7.436,3.461,43.869
Serbia,SRB,2016,Delta Cluster,7126083.0,96313997829.0,13515.699694909532,45.193,6.342,2.952,31.077,8.89,4.328,0.89,7.359,3.792,45.185
Serbia,SRB,2017,Delta Cluster,7073507.0,98337716405.0,13902.257593722605,45.673,6.457,1.062,31.012,8.874,4.844,0.942,7.315,3.501,45.672000000000004
Serbia,SRB,2018,Delta Cluster,7020014.0,102758122729.0,14637.880028301937,44.478,6.336,-2.615,29.595,8.969,4.88,1.034,7.145,3.06,44.478
Serbia,SRB,2019,Delta Cluster,6966155.0,107209329080.0,15390.029231333498,44.445,6.38,-0.075,29.597,9.223,4.562,1.063,7.208,3.146,44.445
Serbia,SRB,2020,Delta Cluster,6907814.0,106240984752.0,15379.827070039813,45.356,6.566,2.051,31.032,8.602,4.554,1.168,7.471,3.873,45.356
Serbia,SRB,2021,Delta Cluster,6835429.0,114262090563.0,16716.154986468297,43.886,6.42,-3.241,27.463,9.65,5.481,1.289,7.234,3.002,43.883
Serbia,SRB,2022,Delta Cluster,6791215.0,116834638171.0,17203.790215889203,44.462,6.547,1.313,27.112,10.755,5.298,1.297,7.08,3.79,44.461999999999996
Serbia,SRB,2023,Delta Cluster,6773204.0,,,42.907,6.335,-3.498,25.68,10.617,5.314,1.297,6.928,3.79,42.907999999999994
Serbia,SRB,2024,Delta Cluster,6736217.0,,,42.019,6.238,-2.069,24.752,10.791,5.18,1.297,6.899,3.882,42.019999999999996
Seychelles,SYC,1990,Delta Cluster,74000.0,584969000.0,7904.986486486487,0.15,2.03,-35.938,,0.15,,0.0,0.041,0.013,0.15
Seychelles,SYC,1991,Delta Cluster,74838.0,617088515.0,8245.657486838238,0.172,2.301,14.634,,0.172,,0.0,0.042,0.015,0.172
Seychelles,SYC,1992,Delta Cluster,75630.0,679250956.0,8981.23702234563,0.172,2.277,0.0,,0.172,,0.0,0.043,0.014,0.172
Seychelles,SYC,1993,Delta Cluster,76420.0,730723726.0,9561.943548809213,0.183,2.397,6.383,,0.183,,0.0,0.044,0.014,0.183
Seychelles,SYC,1994,Delta Cluster,77279.0,744501064.0,9633.93760271225,0.202,2.608,10.0,,0.202,,0.0,0.044,0.014,0.202
Seychelles,SYC,1995,Delta Cluster,78144.0,760132177.0,9727.326179873055,0.198,2.532,-1.818,,0.198,,0.0,0.044,0.015,0.198
Seychelles,SYC,1996,Delta Cluster,78901.0,795643257.0,10084.070632818342,0.234,2.972,18.519,,0.234,,0.0,0.045,0.015,0.234
Seychelles,SYC,1997,Delta Cluster,79670.0,929711785.0,11669.534140830927,0.271,3.403,15.625,,0.271,,0.0,0.046,0.015,0.271
Seychelles,SYC,1998,Delta Cluster,80738.0,1062691437.0,13162.221469444376,0.289,3.585,6.757,,0.289,,0.0,0.047,0.015,0.289
Seychelles,SYC,1999,Delta Cluster,82033.0,1110391394.0,13535.91108456353,0.304,3.707,5.063,,0.304,,0.0,0.048,0.015,0.304
Seychelles,SYC,2000,Delta Cluster,83339.0,1136006730.0,13631.153841538775,0.319,3.825,4.819,,0.319,,0.0,0.049,0.02,0.319
Seychelles,SYC,2001,Delta Cluster,84621.0,1137693046.0,13444.571040285507,0.341,4.027,6.897,,0.341,,0.0,0.049,0.02,0.341
Seychelles,SYC,2002,Delta Cluster,85878.0,1181094301.0,13753.164966580498,0.348,4.053,2.151,,0.348,,0.0,0.05,0.019,0.348
Seychelles,SYC,2003,Delta Cluster,87056.0,1134551439.0,13032.432445782026,0.341,3.914,-2.105,,0.341,,0.0,0.051,0.019,0.341
Seychelles,SYC,2004,Delta Cluster,88175.0,1140079489.0,12929.736195066629,0.377,4.28,10.753,,0.377,,0.0,0.052,0.023,0.377
Seychelles,SYC,2005,Delta Cluster,89288.0,1274495332.0,14273.982304453006,0.381,4.268,0.971,,0.381,,0.0,0.053,0.022,0.381
Seychelles,SYC,2006,Delta Cluster,90391.0,1430092128.0,15821.17830314965,0.385,4.256,0.962,,0.385,,0.0,0.054,0.023,0.385
Seychelles,SYC,2007,Delta Cluster,91483.0,1619623050.0,17704.087644699015,0.403,4.406,4.762,,0.403,,0.0,0.056,0.02,0.403
Seychelles,SYC,2008,Delta Cluster,92563.0,1625802984.0,17564.285772933028,0.414,4.473,2.727,,0.414,,0.0,0.056,0.021,0.414
Seychelles,SYC,2009,Delta Cluster,93644.0,1630727660.0,17414.117936012986,0.443,4.734,7.08,,0.443,,0.0,0.057,0.023,0.443
Seychelles,SYC,2010,Delta Cluster,94993.0,1772951640.0,18664.024085985282,0.44,4.629,-0.826,,0.44,,0.0,0.057,0.021,0.44
Seychelles,SYC,2011,Delta Cluster,97041.0,1917505000.0,19759.740728145836,0.403,4.153,-8.333,,0.403,,0.0,0.058,0.02,0.403
Seychelles,SYC,2012,Delta Cluster,99565.0,1991700000.0,20004.01747602069,0.418,4.195,3.636,,0.418,,0.0,0.059,0.022,0.418
Seychelles,SYC,2013,Delta Cluster,102108.0,2096276000.0,20529.987855995612,0.414,4.055,-0.877,,0.414,,0.0,0.06,0.02,0.414
Seychelles,SYC,2014,Delta Cluster,104663.0,2231000000.0,21316.033364226136,0.458,4.376,10.619,,0.458,,0.0,0.062,0.023,0.458
Seychelles,SYC,2015,Delta Cluster,107247.0,2363480000.0,22037.725996997586,0.498,4.646,8.8,,0.498,,0.0,0.063,0.024,0.498
Seychelles,SYC,2016,Delta Cluster,109836.0,2658740126.0,24206.4544047489,0.553,5.037,11.029,,0.553,,0.0,0.065,0.029,0.553
Seychelles,SYC,2017,Delta Cluster,112443.0,2824383463.0,25118.357416646657,0.575,5.116,3.974,,0.575,,0.0,0.066,0.03,0.575
Seychelles,SYC,2018,Delta Cluster,115053.0,2983293782.0,25929.73483524984,0.597,5.191,3.822,,0.597,,0.0,0.067,0.027,0.597
Seychelles,SYC,2019,Delta Cluster,117662.0,3137071789.0,26661.724167530723,0.59,5.014,-1.227,,0.59,,0.0,0.068,0.029,0.59
Seychelles,SYC,2020,Delta Cluster,120299.0,2871729130.0,23871.596023242088,0.597,4.965,1.242,,0.597,,0.0,0.07,0.031,0.597
Seychelles,SYC,2021,Delta Cluster,123000.0,2944095268.0,23935.733886178863,0.612,4.975,2.454,,0.612,,0.0,0.071,0.032,0.612
Seychelles,SYC,2022,Delta Cluster,125533.0,3053368129.0,24323.23077597126,0.629,5.01,2.786,,0.629,,0.0,0.073,0.033,0.629
Seychelles,SYC,2023,Delta Cluster,127961.0,,,0.641,5.012,1.967,,0.641,,0.0,0.074,0.034,0.641
Seychelles,SYC,2024,Delta Cluster,130436.0,,,0.653,5.003,1.756,,0.653,,0.0,0.076,0.036,0.653
Sierra Leone,SLE,1990,Delta Cluster,4196834.0,6912780000.0,1647.1416310485477,0.498,0.119,33.333,,0.498,,0.0,2.96,0.798,0.498
Sierra Leone,SLE,1991,Delta Cluster,4246268.0,6361130421.0,1498.0520355757103,0.557,0.131,11.765,,0.557,,0.0,2.931,0.794,0.557
Sierra Leone,SLE,1992,Delta Cluster,4166368.0,5753194720.0,1380.865713254326,0.282,0.068,-49.342,,0.282,,0.0,2.902,0.789,0.282
Sierra Leone,SLE,1993,Delta Cluster,4157128.0,5761167651.0,1385.8528414328352,0.264,0.063,-6.494,,0.264,,0.0,2.962,0.787,0.264
Sierra Leone,SLE,1994,Delta Cluster,4173111.0,5967832311.0,1430.0679543391009,0.275,0.066,4.167,,0.275,,0.0,2.896,0.815,0.275
Sierra Leone,SLE,1995,Delta Cluster,4179178.0,5367842746.0,1284.4254889358624,0.224,0.053,-18.667,,0.224,,0.0,2.879,0.814,0.224
Sierra Leone,SLE,1996,Delta Cluster,4199215.0,4041803222.0,962.5139989259898,0.231,0.055,3.279,,0.231,,0.0,2.727,0.665,0.231
Sierra Leone,SLE,1997,Delta Cluster,4253710.0,3333148709.0,783.5862597591279,0.205,0.048,-11.111,,0.205,,0.0,2.837,0.652,0.205
Sierra Leone,SLE,1998,Delta Cluster,4295783.0,3306704220.0,769.7558791959464,0.22,0.051,7.143,,0.22,,0.0,2.834,0.63,0.22
Sierra Leone,SLE,1999,Delta Cluster,4318047.0,3041564615.0,704.3843235147741,0.176,0.041,-20.0,,0.176,,0.0,2.855,0.623,0.176
Sierra Leone,SLE,2000,Delta Cluster,4423615.0,3156875905.0,713.641649420214,0.271,0.061,54.167,,0.271,,0.0,2.866,0.591,0.271
Sierra Leone,SLE,2001,Delta Cluster,4692715.0,3731874073.0,795.2483952253652,0.374,0.08,37.838,,0.374,,0.0,2.99,0.617,0.374
Sierra Leone,SLE,2002,Delta Cluster,4971435.0,4723203819.0,950.0685051700365,0.502,0.101,34.314,0.015,0.487,,0.0,3.277,0.667,0.502
Sierra Leone,SLE,2003,Delta Cluster,5177686.0,5165014591.0,997.552688788003,0.539,0.104,7.299,0.0,0.539,,0.0,3.57,0.883,0.539
Sierra Leone,SLE,2004,Delta Cluster,5355715.0,5509297894.0,1028.676450109836,0.52,0.097,-3.401,0.0,0.52,,0.0,3.876,0.965,0.52
Sierra Leone,SLE,2005,Delta Cluster,5501707.0,5761186841.0,1047.1635150690504,0.432,0.079,-16.901,,0.432,,0.0,4.143,0.973,0.432
Sierra Leone,SLE,2006,Delta Cluster,5624464.0,6009264027.0,1068.4154129175686,0.575,0.102,33.051,,0.575,,0.0,4.73,1.34,0.575
Sierra Leone,SLE,2007,Delta Cluster,5749353.0,6495486321.0,1129.7769194203242,0.487,0.085,-15.287,,0.487,,0.0,4.127,1.237,0.487
Sierra Leone,SLE,2008,Delta Cluster,5894728.0,6848797957.0,1161.8513961967371,0.506,0.086,3.759,,0.506,,0.0,4.087,1.038,0.506
Sierra Leone,SLE,2009,Delta Cluster,6055655.0,7073732794.0,1168.1201775860745,0.502,0.083,-0.725,,0.502,,0.0,4.309,1.118,0.502
Sierra Leone,SLE,2010,Delta Cluster,6222715.0,7455363914.0,1198.0886018401936,0.546,0.088,8.759,,0.546,,0.0,4.368,1.066,0.546
Sierra Leone,SLE,2011,Delta Cluster,6387258.0,7933356000.0,1242.059738310242,0.714,0.112,30.872,,0.714,,0.0,4.607,1.162,0.714
Sierra Leone,SLE,2012,Delta Cluster,6551078.0,9134190000.0,1394.3033497693052,0.832,0.127,16.41,,0.832,,0.0,5.083,1.383,0.832
Sierra Leone,SLE,2013,Delta Cluster,6714057.0,11029545000.0,1642.754149987109,1.052,0.157,26.432,,1.052,,0.0,5.023,1.358,1.052
Sierra Leone,SLE,2014,Delta Cluster,6876385.0,11528208000.0,1676.4925175073822,1.129,0.164,7.317,,1.129,,0.0,5.241,1.421,1.129
Sierra Leone,SLE,2015,Delta Cluster,7037660.0,9188877000.0,1305.6721978612209,1.084,0.154,-3.931,,1.084,,0.0,5.007,1.492,1.084
Sierra Leone,SLE,2016,Delta Cluster,7205339.0,9765347713.0,1355.2933058389065,1.14,0.158,5.106,,1.14,,0.0,5.196,1.4,1.14
Sierra Leone,SLE,2017,Delta Cluster,7379300.0,10128155156.0,1372.5089311994363,1.096,0.148,-3.859,,1.096,,0.0,5.132,1.386,1.096
Sierra Leone,SLE,2018,Delta Cluster,7554568.0,10480967104.0,1387.3681597677062,1.037,0.137,-5.351,,1.037,,0.0,5.795,1.347,1.037
Sierra Leone,SLE,2019,Delta Cluster,7731994.0,11031662186.0,1426.7551405239062,1.118,0.145,7.774,,1.118,,0.0,4.864,1.229,1.118
Sierra Leone,SLE,2020,Delta Cluster,7912557.0,10814455084.0,1366.745931056168,1.187,0.15,6.23,,1.187,,0.0,4.935,1.264,1.187
Sierra Leone,SLE,2021,Delta Cluster,8094603.0,11258356071.0,1390.8472189432885,1.484,0.183,24.974,,1.484,,0.0,5.583,1.373,1.484
Sierra Leone,SLE,2022,Delta Cluster,8276809.0,11681270534.0,1411.3253711665934,1.444,0.174,-2.696,,1.444,,0.0,5.162,1.377,1.444
Sierra Leone,SLE,2023,Delta Cluster,8460523.0,,,1.38,0.163,-4.377,,1.38,,0.0,5.2,1.394,1.38
Sierra Leone,SLE,2024,Delta Cluster,8642029.0,,,1.434,0.166,3.901,,1.434,,0.0,5.418,1.46,1.434
Singapore,SGP,1990,Delta Cluster,3039593.0,69065570813.0,22721.979821969588,43.536,14.323,6.174,0.077,43.459,,0.0,1.292,3.674,43.536
Singapore,SGP,1991,Delta Cluster,3136294.0,74103369043.0,23627.685747254563,44.235,14.104,1.608,0.044,44.192,,0.0,1.307,4.976,44.236
Singapore,SGP,1992,Delta Cluster,3226461.0,80052595653.0,24811.270197594207,47.441,14.704,7.248,0.066,46.46,0.916,0.0,1.336,6.206,47.442
Singapore,SGP,1993,Delta Cluster,3317892.0,89698198294.0,27034.695009361367,49.662,14.968,4.68,0.073,46.863,2.726,0.0,1.415,0.811,49.662
Singapore,SGP,1994,Delta Cluster,3417818.0,100708565980.0,29465.748609200375,60.086,17.58,20.99,0.088,56.748,3.25,0.0,1.684,1.239,60.086
Singapore,SGP,1995,Delta Cluster,3533624.0,109097198275.0,30874.02572401591,40.546,11.474,-32.52,0.04,37.124,3.382,0.0,1.68,2.876,40.546
Singapore,SGP,1996,Delta Cluster,3664566.0,120135527253.0,32783.01639348288,48.013,13.102,18.416,0.0,44.997,3.016,0.0,1.739,3.482,48.013
Singapore,SGP,1997,Delta Cluster,3796629.0,132363368332.0,34863.392849814925,56.737,14.944,18.17,0.0,53.762,2.975,0.0,1.992,5.038,56.737
Singapore,SGP,1998,Delta Cluster,3901418.0,131914179626.0,33811.8549783694,47.412,12.153,-16.435,0.0,44.155,3.257,0.0,2.033,10.576,47.412
Singapore,SGP,1999,Delta Cluster,3966562.0,139187634120.0,35090.24543672833,49.2,12.404,3.771,0.0,46.547,2.653,0.0,1.984,7.888,49.199999999999996
Singapore,SGP,2000,Delta Cluster,4035251.0,152153574500.0,37706.09919928153,37.369,9.261,-24.048,0.0,34.661,2.708,0.0,1.927,7.898,37.369
Singapore,SGP,2001,Delta Cluster,4116169.0,152550774197.0,37061.34859793172,38.525,9.359,3.095,0.0,34.437,4.089,0.0,2.214,8.579,38.525999999999996
Singapore,SGP,2002,Delta Cluster,4146898.0,157982989858.0,38096.666437901295,40.208,9.696,4.369,0.0,33.573,6.636,0.0,2.445,1.022,40.209
Singapore,SGP,2003,Delta Cluster,4138241.0,160287778605.0,38733.311715049946,39.534,9.553,-1.677,0.029,29.241,10.264,0.0,2.716,1.271,39.534
Singapore,SGP,2004,Delta Cluster,4172767.0,175483138246.0,42054.38219914987,41.0,9.826,3.708,0.04,28.861,12.099,0.0,3.024,1.256,41.0
Singapore,SGP,2005,Delta Cluster,4268363.0,190691514722.0,44675.56173690007,39.6,9.278,-3.415,0.04,28.084,11.476,0.0,3.127,1.126,39.6
Singapore,SGP,2006,Delta Cluster,4407064.0,211578605777.0,48008.970547511904,40.6,9.212,2.525,0.033,28.194,12.373,0.0,3.195,1.161,40.6
Singapore,SGP,2007,Delta Cluster,4596516.0,237920174358.0,51760.98035077002,41.1,8.942,1.232,0.055,27.794,13.251,0.0,3.311,1.161,41.1
Singapore,SGP,2008,Delta Cluster,4806742.0,252508208683.0,52532.09110932103,40.2,8.363,-2.19,0.033,26.603,13.564,0.0,3.2,0.897,40.2
Singapore,SGP,2009,Delta Cluster,4968574.0,256114472232.0,51546.87687694699,40.8,8.212,1.493,0.026,27.064,13.711,0.0,3.16,0.74,40.801
Singapore,SGP,2010,Delta Cluster,5077020.0,297586792174.0,58614.46127334539,44.4,8.745,8.824,0.051,29.49,14.859,0.0,3.663,1.326,44.4
Singapore,SGP,2011,Delta Cluster,5182242.0,319718127421.0,61694.943505339965,47.0,9.069,5.856,0.029,31.963,15.008,0.0,3.715,1.204,47.0
Singapore,SGP,2012,Delta Cluster,5293345.0,333899221028.0,63079.058899051546,46.1,8.709,-1.915,0.095,29.73,16.274,0.0,3.751,1.074,46.099000000000004
Singapore,SGP,2013,Delta Cluster,5385589.0,349985256634.0,64985.51163744579,47.0,8.727,1.952,1.0,27.676,18.324,0.0,4.352,1.144,47.0
Singapore,SGP,2014,Delta Cluster,5457899.0,363759075569.0,66648.18743787674,47.6,8.721,1.277,1.473,26.912,19.215,0.0,4.53,1.199,47.599999999999994
Singapore,SGP,2015,Delta Cluster,5525343.0,374587437267.0,67794.42240364083,49.4,8.941,3.782,1.539,28.305,19.556,0.0,4.718,1.197,49.400000000000006
Singapore,SGP,2016,Delta Cluster,5577936.0,388078809982.0,69573.9086970521,49.1,8.803,-0.607,1.616,27.438,20.046,0.0,4.482,1.194,49.099999999999994
Singapore,SGP,2017,Delta Cluster,5604087.0,405715948493.0,72396.44004331125,50.1,8.94,2.037,3.404,26.542,20.155,0.0,4.937,1.324,50.101
Singapore,SGP,2018,Delta Cluster,5634366.0,420221993120.0,74581.94819434875,50.3,8.927,0.399,1.81,27.907,20.583,0.0,4.928,1.328,50.3
Singapore,SGP,2019,Delta Cluster,5669562.0,425816263950.0,75105.67199900099,49.0,8.643,-2.584,1.737,26.375,20.888,0.0,5.07,1.352,49.0
Singapore,SGP,2020,Delta Cluster,5620151.0,409204971045.0,72810.31613652373,46.7,8.309,-4.694,1.641,23.943,21.116,0.0,4.85,1.337,46.7
Singapore,SGP,2021,Delta Cluster,5546291.0,445551993008.0,80333.32419954165,50.1,9.033,7.281,1.759,26.789,21.553,0.0,5.113,1.358,50.101
Singapore,SGP,2022,Delta Cluster,5649888.0,461801118473.0,81736.33149418182,48.934,8.661,-2.328,1.572,26.282,21.08,0.0,5.33,1.328,48.934
Singapore,SGP,2023,Delta Cluster,5789092.0,,,51.068,8.821,4.36,1.275,29.888,19.905,0.0,5.783,1.329,51.068
Singapore,SGP,2024,Delta Cluster,5832387.0,,,53.919,9.245,5.584,1.143,31.822,20.955,0.0,5.801,1.337,53.919999999999995
Sint Maarten (Dutch part),SXM,1990,Delta Cluster,28079.0,,,0.534,19.024,7.091,0.0,0.534,0.0,0.0,,,0.534
Sint Maarten (Dutch part),SXM,1991,Delta Cluster,30063.0,,,0.426,14.178,-20.203,0.0,0.426,0.0,0.0,,,0.426
Sint Maarten (Dutch part),SXM,1992,Delta Cluster,31589.0,,,0.351,11.117,-17.612,0.0,0.351,0.0,0.0,,,0.351
Sint Maarten (Dutch part),SXM,1993,Delta Cluster,32050.0,,,0.542,16.914,54.368,0.0,0.542,0.0,0.0,,,0.542
Sint Maarten (Dutch part),SXM,1994,Delta Cluster,31941.0,,,0.52,16.271,-4.128,0.0,0.52,0.0,0.0,,,0.52
Sint Maarten (Dutch part),SXM,1995,Delta Cluster,31796.0,,,0.514,16.175,-1.042,0.0,0.514,0.0,0.0,,,0.514
Sint Maarten (Dutch part),SXM,1996,Delta Cluster,31622.0,,,0.481,15.214,-6.456,0.0,0.481,0.0,0.0,,,0.481
Sint Maarten (Dutch part),SXM,1997,Delta Cluster,31421.0,,,0.503,16.024,4.651,0.0,0.503,0.0,0.0,,,0.503
Sint Maarten (Dutch part),SXM,1998,Delta Cluster,31215.0,,,0.028,0.89,-94.48,0.0,0.028,0.0,0.0,,,0.028
Sint Maarten (Dutch part),SXM,1999,Delta Cluster,30998.0,,,0.208,6.718,649.347,0.0,0.208,0.0,0.0,,,0.208
Sint Maarten (Dutch part),SXM,2000,Delta Cluster,30796.0,,,0.553,17.943,165.338,0.0,0.553,0.0,0.0,,,0.553
Sint Maarten (Dutch part),SXM,2001,Delta Cluster,30751.0,,,0.563,18.298,1.829,0.0,0.563,0.0,0.0,,,0.563
Sint Maarten (Dutch part),SXM,2002,Delta Cluster,30986.0,,,0.542,17.507,-3.592,0.0,0.542,0.0,0.0,,,0.542
Sint Maarten (Dutch part),SXM,2003,Delta Cluster,31346.0,,,0.543,17.317,0.067,0.0,0.543,0.0,0.0,,,0.543
Sint Maarten (Dutch part),SXM,2004,Delta Cluster,31714.0,,,0.57,17.958,4.92,0.0,0.57,0.0,0.0,,,0.57
Sint Maarten (Dutch part),SXM,2005,Delta Cluster,32083.0,,,0.564,17.594,-0.887,0.0,0.564,0.0,0.0,,,0.564
Sint Maarten (Dutch part),SXM,2006,Delta Cluster,32448.0,,,0.588,18.131,4.22,0.0,0.588,0.0,0.0,,,0.588
Sint Maarten (Dutch part),SXM,2007,Delta Cluster,32811.0,,,0.662,20.185,12.577,0.0,0.662,0.0,0.0,,,0.662
Sint Maarten (Dutch part),SXM,2008,Delta Cluster,33165.0,,,0.637,19.208,-3.815,0.0,0.637,0.0,0.0,,,0.637
Sint Maarten (Dutch part),SXM,2009,Delta Cluster,33514.0,,,0.652,19.449,2.323,0.0,0.652,0.0,0.0,,,0.652
Sint Maarten (Dutch part),SXM,2010,Delta Cluster,33814.0,,,0.449,13.278,-31.118,0.0,0.449,0.0,0.0,,,0.449
Sint Maarten (Dutch part),SXM,2011,Delta Cluster,34288.0,,,0.573,16.705,27.572,0.0,0.573,0.0,0.0,,,0.573
Sint Maarten (Dutch part),SXM,2012,Delta Cluster,35040.0,,,0.7,19.972,22.18,,0.7,,0.0,,,0.7
Sint Maarten (Dutch part),SXM,2013,Delta Cluster,35871.0,,,0.714,19.918,2.094,,0.714,,0.0,,,0.714
Sint Maarten (Dutch part),SXM,2014,Delta Cluster,36695.0,,,0.725,19.77,1.538,,0.725,,0.0,,,0.725
Sint Maarten (Dutch part),SXM,2015,Delta Cluster,37490.0,,,0.744,19.84,2.525,,0.744,,0.0,,,0.744
Sint Maarten (Dutch part),SXM,2016,Delta Cluster,38274.0,,,0.747,19.529,0.493,,0.747,,0.0,,,0.747
Sint Maarten (Dutch part),SXM,2017,Delta Cluster,39012.0,,,0.703,18.033,-5.882,,0.703,,0.0,,,0.703
Sint Maarten (Dutch part),SXM,2018,Delta Cluster,39736.0,,,0.685,17.243,-2.604,,0.685,,0.0,,,0.685
Sint Maarten (Dutch part),SXM,2019,Delta Cluster,40410.0,,,0.689,17.046,0.535,,0.689,,0.0,,,0.689
Sint Maarten (Dutch part),SXM,2020,Delta Cluster,41027.0,,,0.652,15.897,-5.319,,0.652,,0.0,,,0.652
Sint Maarten (Dutch part),SXM,2021,Delta Cluster,41593.0,,,0.682,16.385,4.494,,0.682,,0.0,,,0.682
Sint Maarten (Dutch part),SXM,2022,Delta Cluster,42163.0,,,0.692,16.424,1.613,,0.692,,0.0,,,0.692
Sint Maarten (Dutch part),SXM,2023,Delta Cluster,42775.0,,,0.691,16.157,-0.202,,0.691,,0.0,,,0.691
Sint Maarten (Dutch part),SXM,2024,Delta Cluster,43372.0,,,0.718,16.546,3.842,,0.718,,0.0,,,0.718
Slovakia,SVK,1990,Delta Cluster,5266077.0,65119612994.0,12365.867987498093,61.529,11.684,11.32,33.59,12.778,12.317,1.464,10.026,3.936,60.149
Slovakia,SVK,1991,Delta Cluster,5284876.0,55297380289.0,10463.325968102185,53.334,10.092,-13.318,28.848,10.413,12.032,1.038,9.047,3.158,52.33099999999999
Slovakia,SVK,1992,Delta Cluster,5306445.0,51864851101.0,9773.93548807158,48.931,9.221,-8.255,25.832,8.85,12.131,1.307,8.211,2.918,48.120000000000005
Slovakia,SVK,1993,Delta Cluster,5326363.0,55439229551.0,10408.458745864673,46.394,8.71,-5.184,24.649,8.14,11.678,1.029,7.748,2.672,45.495999999999995
Slovakia,SVK,1994,Delta Cluster,5343230.0,58762730616.0,10997.604560537353,43.804,8.198,-5.584,22.188,8.311,11.278,1.115,7.578,2.821,42.892
Slovakia,SVK,1995,Delta Cluster,5354287.0,63261333115.0,11815.080722232484,44.194,8.254,0.892,21.334,8.156,12.516,1.155,7.247,2.886,43.161
Slovakia,SVK,1996,Delta Cluster,5362430.0,67378056744.0,12564.836602808802,44.076,8.219,-0.268,20.727,8.089,13.136,1.1,7.436,3.068,43.052
Slovakia,SVK,1997,Delta Cluster,5369781.0,71311497148.0,13280.150000158294,44.147,8.221,0.162,20.47,8.072,13.399,1.215,7.122,2.977,43.156
Slovakia,SVK,1998,Delta Cluster,5374801.0,74015465370.0,13770.828979528731,43.878,8.164,-0.611,19.133,8.012,13.792,1.822,7.043,2.853,42.759
Slovakia,SVK,1999,Delta Cluster,5378105.0,73695869861.0,13702.94366900609,43.088,8.012,-1.799,18.345,7.753,14.002,1.827,7.034,2.483,41.927
Slovakia,SVK,2000,Delta Cluster,5380001.0,74595099937.0,13865.257634152857,41.187,7.656,-4.413,17.69,7.346,13.809,1.19,6.686,2.686,40.035
Slovakia,SVK,2001,Delta Cluster,5379439.0,76744257548.0,14266.219497609323,43.273,8.044,5.064,18.319,7.964,14.544,1.209,6.706,2.859,42.036
Slovakia,SVK,2002,Delta Cluster,5377685.0,80059373942.0,14887.330504110969,42.034,7.816,-2.863,17.89,7.94,13.724,1.165,6.593,2.707,40.719
Slovakia,SVK,2003,Delta Cluster,5376197.0,84281952821.0,15676.872112573255,42.359,7.879,0.774,18.818,8.016,13.375,0.922,6.709,2.766,41.131
Slovakia,SVK,2004,Delta Cluster,5376038.0,88594621302.0,16479.537775216617,42.857,7.972,1.174,18.865,8.238,13.16,1.217,6.725,2.957,41.48
Slovakia,SVK,2005,Delta Cluster,5376697.0,94444699022.0,17565.560979538182,42.857,7.971,0.002,17.631,9.202,13.389,1.256,6.604,2.828,41.477999999999994
Slovakia,SVK,2006,Delta Cluster,5376847.0,102275719553.0,19021.504527281508,42.639,7.93,-0.508,18.644,8.811,12.475,1.389,6.713,3.024,41.319
Slovakia,SVK,2007,Delta Cluster,5376993.0,113160253049.0,21045.266945484214,41.032,7.631,-3.77,17.428,9.165,11.648,1.485,6.796,2.809,39.726
Slovakia,SVK,2008,Delta Cluster,5379127.0,119380219073.0,22193.233041904383,41.425,7.701,0.959,16.928,9.497,12.035,1.604,6.724,2.833,40.064
Slovakia,SVK,2009,Delta Cluster,5385074.0,112760232233.0,20939.402547300186,37.681,6.997,-9.038,15.909,8.886,10.646,1.213,6.646,2.581,36.654
Slovakia,SVK,2010,Delta Cluster,5391857.0,118344324253.0,21948.71344937375,38.464,7.134,2.079,15.945,9.229,11.259,0.86,6.426,2.776,37.293
Slovakia,SVK,2011,Delta Cluster,5398105.0,120554965758.0,22332.83082822583,38.045,7.048,-1.09,16.191,8.75,10.649,1.262,6.396,3.058,36.852
Slovakia,SVK,2012,Delta Cluster,5404877.0,122144694992.0,22598.97773658864,35.961,6.654,-5.477,14.461,9.003,10.299,1.096,6.009,2.981,34.858999999999995
Slovakia,SVK,2013,Delta Cluster,5410422.0,122917618179.0,22718.67484255387,35.622,6.584,-0.945,14.153,8.868,10.482,1.135,5.921,3.128,34.638
Slovakia,SVK,2014,Delta Cluster,5415238.0,126232947119.0,23310.692368276334,33.708,6.225,-5.372,13.966,8.748,8.721,1.267,5.587,3.145,32.702
Slovakia,SVK,2015,Delta Cluster,5420278.0,132755573802.0,24492.392051108818,34.528,6.37,2.432,13.797,9.528,8.957,1.309,5.707,3.224,33.591
Slovakia,SVK,2016,Delta Cluster,5427262.0,135336424966.0,24936.40899702281,34.978,6.445,1.302,13.701,9.897,9.105,1.341,5.807,3.263,34.044000000000004
Slovakia,SVK,2017,Delta Cluster,5435702.0,139312659832.0,25629.19376963638,36.184,6.657,3.449,14.158,10.011,9.642,1.367,5.859,3.197,35.17799999999999
Slovakia,SVK,2018,Delta Cluster,5443229.0,144927513498.0,26625.283172543357,36.184,6.648,0.0,14.095,10.124,9.581,1.347,5.699,3.287,35.147
Slovakia,SVK,2019,Delta Cluster,5450627.0,148579167627.0,27259.096545590077,33.853,6.211,-6.442,11.674,10.222,9.578,1.404,5.715,3.262,32.878
Slovakia,SVK,2020,Delta Cluster,5455028.0,143565091421.0,26317.938500224012,31.176,5.715,-7.908,9.854,9.518,9.492,1.443,5.783,3.279,30.307000000000002
Slovakia,SVK,2021,Delta Cluster,5442766.0,147892579134.0,27172.31994430773,35.251,6.477,13.071,12.076,10.145,10.609,1.453,5.974,3.353,34.283
Slovakia,SVK,2022,Delta Cluster,5473195.0,150360426456.0,27472.1486181289,31.589,5.772,-10.388,9.926,10.349,8.886,1.49,5.783,3.231,30.650999999999996
Slovakia,SVK,2023,Delta Cluster,5518057.0,,,30.766,5.576,-2.606,10.152,10.119,8.403,1.294,5.727,3.273,29.968
Slovakia,SVK,2024,Delta Cluster,5506759.0,,,29.091,5.283,-5.445,8.203,10.099,8.696,1.294,5.804,3.272,28.291999999999998
Slovenia,SVN,1990,Delta Cluster,1998010.0,36026961823.0,18031.422176565684,15.097,7.556,-8.136,7.128,5.386,1.74,0.47,4.579,1.099,14.724
Slovenia,SVN,1991,Delta Cluster,1999191.0,32795388629.0,16404.32986593077,13.977,6.991,-7.424,6.36,5.123,1.768,0.417,4.35,0.971,13.668000000000001
Slovenia,SVN,1992,Delta Cluster,1995862.0,30913203776.0,15488.647900506146,13.886,6.957,-0.648,6.818,4.91,1.478,0.385,4.071,0.901,13.591
Slovenia,SVN,1993,Delta Cluster,1990815.0,31743130038.0,15944.791473843627,14.254,7.16,2.652,6.298,5.908,1.477,0.289,3.843,0.879,13.972
Slovenia,SVN,1994,Delta Cluster,1988262.0,33346742100.0,16771.80477220809,14.639,7.363,2.7,5.965,6.475,1.519,0.383,3.719,0.904,14.341999999999999
Slovenia,SVN,1995,Delta Cluster,1988098.0,35684022325.0,17948.824617800532,15.357,7.724,4.904,6.07,7.06,1.532,0.406,3.693,0.855,15.068
Slovenia,SVN,1996,Delta Cluster,1986792.0,36825997171.0,18535.406409427862,16.003,8.054,4.204,5.591,8.071,1.634,0.436,3.674,0.809,15.732
Slovenia,SVN,1997,Delta Cluster,1984404.0,38526556210.0,19414.67373075241,16.513,8.321,3.186,6.022,8.203,1.567,0.441,3.724,0.862,16.233
Slovenia,SVN,1998,Delta Cluster,1980071.0,39631442356.0,20015.16226236332,16.045,8.103,-2.834,6.181,7.505,1.627,0.46,3.729,0.865,15.773000000000001
Slovenia,SVN,1999,Delta Cluster,1981198.0,41542298475.0,20968.2719622168,15.419,7.782,-3.901,5.563,7.45,1.669,0.465,3.544,0.834,15.147
Slovenia,SVN,2000,Delta Cluster,1986817.0,43078787444.0,21682.312686070232,15.06,7.58,-2.328,5.819,6.795,1.705,0.491,3.602,0.859,14.81
Slovenia,SVN,2001,Delta Cluster,1989684.0,44148368411.0,22188.63317541881,16.309,8.197,8.296,6.488,7.289,1.75,0.505,3.626,0.878,16.032
Slovenia,SVN,2002,Delta Cluster,1991571.0,45659924240.0,22926.586217614135,16.571,8.321,1.605,6.897,7.239,1.714,0.443,3.827,0.856,16.293
Slovenia,SVN,2003,Delta Cluster,1992499.0,46758348275.0,23467.18782543931,16.278,8.17,-1.767,6.484,7.161,1.884,0.451,3.886,0.861,15.98
Slovenia,SVN,2004,Delta Cluster,1993548.0,48578174459.0,24367.697421381377,16.711,8.382,2.658,6.686,7.357,1.898,0.473,3.8,0.822,16.413999999999998
Slovenia,SVN,2005,Delta Cluster,1996915.0,50309132737.0,25193.42723000228,16.942,8.484,1.384,6.649,7.543,1.928,0.487,3.817,0.815,16.607
Slovenia,SVN,2006,Delta Cluster,2003116.0,52944721543.0,26431.18099151522,17.184,8.579,1.429,6.697,7.71,1.902,0.512,3.829,0.815,16.821
Slovenia,SVN,2007,Delta Cluster,2014159.0,56590130937.0,28096.15871289208,17.349,8.614,0.96,6.941,7.608,1.886,0.543,3.693,0.824,16.977999999999998
Slovenia,SVN,2008,Delta Cluster,2025090.0,57981920900.0,28631.774834698706,18.285,9.029,5.392,6.68,8.785,1.878,0.593,3.757,0.835,17.936
Slovenia,SVN,2009,Delta Cluster,2035610.0,53266134006.0,26167.160706618655,16.209,7.963,-11.349,6.141,7.57,1.785,0.422,3.645,0.805,15.918000000000001
Slovenia,SVN,2010,Delta Cluster,2044611.0,53649775101.0,26239.600149368267,16.466,8.053,1.58,6.284,7.622,1.882,0.358,3.489,0.815,16.145999999999997
Slovenia,SVN,2011,Delta Cluster,2048805.0,53761447942.0,26240.39278603869,16.364,7.987,-0.615,6.327,7.654,1.751,0.306,3.399,0.814,16.038
Slovenia,SVN,2012,Delta Cluster,2053322.0,52342432631.0,25491.58516345707,15.765,7.678,-3.661,5.992,7.459,1.684,0.316,3.304,0.797,15.451
Slovenia,SVN,2013,Delta Cluster,2056452.0,51803647300.0,25190.78845506727,15.137,7.361,-3.985,5.741,7.085,1.646,0.391,3.167,0.791,14.863000000000001
Slovenia,SVN,2014,Delta Cluster,2058395.0,53237651266.0,25863.67109616959,13.568,6.592,-10.362,4.505,6.924,1.491,0.418,2.86,0.796,13.338
Slovenia,SVN,2015,Delta Cluster,2059946.0,54414237086.0,26415.37063884199,13.659,6.631,0.666,4.615,6.844,1.587,0.367,2.954,0.795,13.413
Slovenia,SVN,2016,Delta Cluster,2061379.0,56151179265.0,27239.619334920942,14.468,7.019,5.925,4.964,7.216,1.689,0.344,2.894,0.803,14.213
Slovenia,SVN,2017,Delta Cluster,2062410.0,58855036945.0,28537.02074029897,14.637,7.097,1.169,4.907,7.284,1.769,0.41,2.931,0.802,14.37
Slovenia,SVN,2018,Delta Cluster,2069484.0,61476689663.0,29706.288941108025,14.563,7.037,-0.504,4.792,7.331,1.732,0.45,2.848,0.792,14.305
Slovenia,SVN,2019,Delta Cluster,2083438.0,63598215879.0,30525.610015272832,14.053,6.745,-3.504,4.53,7.034,1.761,0.478,2.847,0.794,13.802999999999999
Slovenia,SVN,2020,Delta Cluster,2102421.0,60849951865.0,28942.800640309433,12.873,6.123,-8.397,4.391,5.996,1.763,0.475,2.828,0.786,12.625
Slovenia,SVN,2021,Delta Cluster,2113495.0,65846342756.0,31155.192113537058,13.076,6.187,1.578,3.99,6.515,1.857,0.469,2.673,0.796,12.830999999999998
Slovenia,SVN,2022,Delta Cluster,2115231.0,69385349463.0,32802.729093418166,12.728,6.017,-2.664,3.242,7.117,1.67,0.49,2.531,0.776,12.519
Slovenia,SVN,2023,Delta Cluster,2118394.0,,,12.012,5.67,-5.623,3.101,6.619,1.617,0.455,2.457,0.751,11.792
Slovenia,SVN,2024,Delta Cluster,2118692.0,,,12.751,6.018,6.152,3.755,6.57,1.751,0.455,2.344,0.751,12.530999999999999
Solomon Islands,SLB,1990,Delta Cluster,331448.0,,,0.147,0.442,-9.091,,0.147,,0.0,0.131,0.027,0.147
Solomon Islands,SLB,1991,Delta Cluster,341743.0,,,0.154,0.45,5.0,,0.154,,0.0,0.136,0.027,0.154
Solomon Islands,SLB,1992,Delta Cluster,352215.0,,,0.161,0.458,4.762,,0.161,,0.0,0.139,0.028,0.161
Solomon Islands,SLB,1993,Delta Cluster,362850.0,,,0.172,0.475,6.818,,0.172,,0.0,0.143,0.028,0.172
Solomon Islands,SLB,1994,Delta Cluster,373685.0,,,0.183,0.49,6.383,,0.183,,0.0,0.145,0.028,0.183
Solomon Islands,SLB,1995,Delta Cluster,384744.0,,,0.191,0.495,4.0,,0.191,,0.0,0.15,0.028,0.191
Solomon Islands,SLB,1996,Delta Cluster,396017.0,,,0.198,0.5,3.846,,0.198,,0.0,0.153,0.029,0.198
Solomon Islands,SLB,1997,Delta Cluster,407480.0,,,0.205,0.504,3.704,,0.205,,0.0,0.155,0.029,0.205
Solomon Islands,SLB,1998,Delta Cluster,419078.0,,,0.213,0.507,3.571,,0.213,,0.0,0.156,0.029,0.213
Solomon Islands,SLB,1999,Delta Cluster,430511.0,,,0.22,0.511,3.448,,0.22,,0.0,0.16,0.03,0.22
Solomon Islands,SLB,2000,Delta Cluster,440481.0,,,0.227,0.516,3.333,,0.227,,0.0,0.163,0.029,0.227
Solomon Islands,SLB,2001,Delta Cluster,449137.0,,,0.238,0.53,4.839,,0.238,,0.0,0.162,0.03,0.238
Solomon Islands,SLB,2002,Delta Cluster,457676.0,,,0.245,0.536,3.077,,0.245,,0.0,0.165,0.03,0.245
Solomon Islands,SLB,2003,Delta Cluster,466164.0,,,0.256,0.55,4.478,,0.256,,0.0,0.17,0.03,0.256
Solomon Islands,SLB,2004,Delta Cluster,474618.0,,,0.275,0.579,7.143,,0.275,,0.0,0.176,0.031,0.275
Solomon Islands,SLB,2005,Delta Cluster,483090.0,,,0.282,0.584,2.667,,0.282,,0.0,0.182,0.031,0.282
Solomon Islands,SLB,2006,Delta Cluster,491602.0,,,0.293,0.596,3.896,,0.293,,0.0,0.187,0.032,0.293
Solomon Islands,SLB,2007,Delta Cluster,500168.0,,,0.3,0.601,2.5,,0.3,,0.0,0.192,0.033,0.3
Solomon Islands,SLB,2008,Delta Cluster,508802.0,,,0.311,0.612,3.659,,0.311,,0.0,0.199,0.034,0.311
Solomon Islands,SLB,2009,Delta Cluster,518150.0,,,0.322,0.622,3.529,,0.322,,0.0,0.202,0.034,0.322
Solomon Islands,SLB,2010,Delta Cluster,532976.0,,,0.333,0.626,3.409,,0.333,,0.0,0.208,0.034,0.333
Solomon Islands,SLB,2011,Delta Cluster,552958.0,,,0.348,0.629,4.396,,0.348,,0.0,0.215,0.034,0.348
Solomon Islands,SLB,2012,Delta Cluster,573623.0,,,0.344,0.6,-1.053,,0.344,,0.0,0.222,0.035,0.344
Solomon Islands,SLB,2013,Delta Cluster,594952.0,,,0.377,0.634,9.574,,0.377,,0.0,0.23,0.035,0.377
Solomon Islands,SLB,2014,Delta Cluster,616915.0,,,0.33,0.535,-12.621,,0.33,,0.0,0.236,0.035,0.33
Solomon Islands,SLB,2015,Delta Cluster,639423.0,,,0.297,0.464,-10.0,,0.297,,0.0,0.242,0.033,0.297
Solomon Islands,SLB,2016,Delta Cluster,662387.0,,,0.293,0.443,-1.235,,0.293,,0.0,0.247,0.035,0.293
Solomon Islands,SLB,2017,Delta Cluster,685677.0,,,0.289,0.422,-1.25,,0.289,,0.0,0.253,0.038,0.289
Solomon Islands,SLB,2018,Delta Cluster,709109.0,,,0.293,0.413,1.266,,0.293,,0.0,0.259,0.04,0.293
Solomon Islands,SLB,2019,Delta Cluster,728156.0,,,0.297,0.408,1.25,,0.297,,0.0,0.264,0.034,0.297
Solomon Islands,SLB,2020,Delta Cluster,744505.0,,,0.293,0.394,-1.235,,0.293,,0.0,0.27,0.034,0.293
Solomon Islands,SLB,2021,Delta Cluster,762594.0,,,0.289,0.38,-1.25,,0.289,,0.0,0.275,0.034,0.289
Solomon Islands,SLB,2022,Delta Cluster,781075.0,,,0.283,0.362,-2.197,,0.283,,0.0,0.281,0.034,0.283
Solomon Islands,SLB,2023,Delta Cluster,800014.0,,,0.282,0.352,-0.472,,0.282,,0.0,0.286,0.035,0.282
Solomon Islands,SLB,2024,Delta Cluster,819206.0,,,0.295,0.36,4.574,,0.295,,0.0,0.292,0.035,0.295
Somalia,SOM,1990,Delta Cluster,7082816.0,,,0.782,0.11,-17.843,,0.766,,0.016,20.239,6.36,0.782
Somalia,SOM,1991,Delta Cluster,6813762.0,,,0.708,0.104,-9.539,,0.703,,0.004,18.254,5.425,0.707
Somalia,SOM,1992,Delta Cluster,6495109.0,,,0.666,0.103,-5.865,,0.656,,0.01,16.963,4.795,0.666
Somalia,SOM,1993,Delta Cluster,6681406.0,,,0.626,0.094,-6.053,,0.616,,0.01,18.36,5.444,0.626
Somalia,SOM,1994,Delta Cluster,7026804.0,,,0.618,0.088,-1.173,,0.608,,0.01,19.717,6.076,0.618
Somalia,SOM,1995,Delta Cluster,7285013.0,,,0.585,0.08,-5.335,,0.575,,0.01,20.307,6.263,0.585
Somalia,SOM,1996,Delta Cluster,7554476.0,,,0.575,0.076,-1.74,,0.575,,0.0,20.839,6.417,0.575
Somalia,SOM,1997,Delta Cluster,7824531.0,,,0.535,0.068,-7.006,,0.535,,0.0,21.322,6.551,0.535
Somalia,SOM,1998,Delta Cluster,8155414.0,,,0.506,0.062,-5.479,,0.506,,0.0,21.498,6.438,0.506
Somalia,SOM,1999,Delta Cluster,8492066.0,,,0.487,0.057,-3.623,,0.487,,0.0,22.091,6.43,0.487
Somalia,SOM,2000,Delta Cluster,8838714.0,,,0.509,0.058,4.511,,0.509,,0.0,22.412,6.53,0.509
Somalia,SOM,2001,Delta Cluster,9198495.0,,,0.542,0.059,6.475,,0.542,,0.0,22.765,6.646,0.542
Somalia,SOM,2002,Delta Cluster,9550069.0,,,0.575,0.06,6.081,,0.575,,0.0,23.146,6.735,0.575
Somalia,SOM,2003,Delta Cluster,9909161.0,,,0.605,0.061,5.096,,0.605,,0.0,23.598,6.824,0.605
Somalia,SOM,2004,Delta Cluster,10281001.0,,,0.627,0.061,3.636,,0.627,,0.0,23.929,6.917,0.627
Somalia,SOM,2005,Delta Cluster,10644234.0,,,0.649,0.061,3.509,,0.649,,0.0,24.405,7.073,0.649
Somalia,SOM,2006,Delta Cluster,10975502.0,,,0.671,0.061,3.39,,0.671,,0.0,23.759,6.67,0.671
Somalia,SOM,2007,Delta Cluster,11322581.0,,,0.692,0.061,3.279,,0.692,,0.0,22.845,6.238,0.692
Somalia,SOM,2008,Delta Cluster,11663090.0,,,0.722,0.062,4.233,,0.722,,0.0,23.26,6.261,0.722
Somalia,SOM,2009,Delta Cluster,11961205.0,,,0.744,0.062,3.046,,0.744,,0.0,23.582,6.283,0.744
Somalia,SOM,2010,Delta Cluster,12261761.0,,,0.777,0.063,4.434,,0.777,,0.0,23.824,6.339,0.777
Somalia,SOM,2011,Delta Cluster,12348829.0,,,0.81,0.066,4.245,,0.81,,0.0,24.103,6.363,0.81
Somalia,SOM,2012,Delta Cluster,12461163.0,,,0.832,0.067,2.715,,0.832,,0.0,24.311,6.431,0.832
Somalia,SOM,2013,Delta Cluster,12869599.0,,,0.857,0.067,3.084,,0.857,,0.0,24.355,6.439,0.857
Somalia,SOM,2014,Delta Cluster,13339497.0,,,0.887,0.066,3.419,,0.887,,0.0,24.449,6.445,0.887
Somalia,SOM,2015,Delta Cluster,13806969.0,,,0.923,0.067,4.132,,0.923,,0.0,24.354,6.42,0.923
Somalia,SOM,2016,Delta Cluster,14348741.0,,,0.956,0.067,3.571,,0.956,,0.0,24.491,6.387,0.956
Somalia,SOM,2017,Delta Cluster,14916630.0,,,0.993,0.067,3.831,,0.993,,0.0,24.528,6.329,0.993
Somalia,SOM,2018,Delta Cluster,15452489.0,,,1.033,0.067,4.059,,1.033,,0.0,24.781,6.345,1.033
Somalia,SOM,2019,Delta Cluster,16030969.0,,,1.07,0.067,3.546,,1.07,,0.0,25.14,6.347,1.07
Somalia,SOM,2020,Delta Cluster,16651200.0,,,1.14,0.068,6.507,,1.14,,0.0,25.398,6.399,1.14
Somalia,SOM,2021,Delta Cluster,17271435.0,,,1.154,0.067,1.286,,1.154,,0.0,25.143,6.296,1.154
Somalia,SOM,2022,Delta Cluster,17801895.0,,,1.271,0.071,10.159,,1.271,,0.0,25.239,6.222,1.271
Somalia,SOM,2023,Delta Cluster,18358622.0,,,1.296,0.071,1.967,,1.296,,0.0,25.279,6.197,1.296
Somalia,SOM,2024,Delta Cluster,19009155.0,,,1.319,0.069,1.756,,1.319,,0.0,25.275,6.149,1.319
South Africa,ZAF,1990,Delta Cluster,40746274.0,235128506976.0,5770.552344884344,312.934,7.68,-8.154,265.101,40.615,3.444,3.773,69.564,18.64,312.93300000000005
South Africa,ZAF,1991,Delta Cluster,41687903.0,237880804016.0,5706.230990222752,326.03,7.821,4.185,277.717,41.238,3.492,3.584,70.069,18.644,326.031
South Africa,ZAF,1992,Delta Cluster,42443510.0,238567245851.0,5620.818020257985,301.329,7.1,-7.576,259.671,34.753,3.517,3.387,68.916,20.229,301.328
South Africa,ZAF,1993,Delta Cluster,43297155.0,247203444018.0,5709.461603608828,320.353,7.399,6.313,289.731,23.156,3.924,3.541,71.063,20.236,320.352
South Africa,ZAF,1994,Delta Cluster,44004140.0,261851802567.0,5950.617432064347,338.701,7.697,5.728,299.206,31.646,3.924,3.801,71.232,20.135,338.577
South Africa,ZAF,1995,Delta Cluster,44541557.0,277583803133.0,6232.01840773101,361.712,8.121,6.794,319.548,33.767,3.924,4.357,73.278,20.285,361.596
South Africa,ZAF,1996,Delta Cluster,45123023.0,296908021392.0,6579.9674235478415,363.732,8.061,0.559,324.11,31.65,3.532,4.318,74.259,22.243,363.60999999999996
South Africa,ZAF,1997,Delta Cluster,45666835.0,311987478453.0,6831.817410884726,385.215,8.435,5.906,333.288,44.243,3.155,4.324,78.18,22.381,385.01
South Africa,ZAF,1998,Delta Cluster,46223888.0,320149741740.0,6926.066923232421,377.273,8.162,-2.062,325.832,44.587,2.656,3.952,79.421,22.371,377.027
South Africa,ZAF,1999,Delta Cluster,46730331.0,334638442219.0,7161.054395677189,374.869,8.022,-0.637,336.725,30.69,3.473,3.777,79.06,21.584,374.665
South Africa,ZAF,2000,Delta Cluster,47159715.0,356072104365.0,7550.344703419009,378.333,8.022,0.924,337.909,33.302,3.199,3.672,77.98,20.286,378.08200000000005
South Africa,ZAF,2001,Delta Cluster,47566805.0,374889022813.0,7881.316031484562,371.602,7.812,-1.779,337.671,25.886,4.155,3.636,77.52,20.47,371.348
South Africa,ZAF,2002,Delta Cluster,48019414.0,396137571619.0,8249.52948444977,356.501,7.424,-4.064,325.506,22.449,4.122,4.205,77.387,21.878,356.282
South Africa,ZAF,2003,Delta Cluster,48500351.0,413710071358.0,8530.04283119518,404.406,8.338,13.438,357.442,39.743,2.47,4.458,79.97,20.958,404.11300000000006
South Africa,ZAF,2004,Delta Cluster,48991420.0,439265862379.0,8966.1794326231,449.322,9.171,11.107,384.101,54.238,6.364,4.335,80.587,21.029,449.03799999999995
South Africa,ZAF,2005,Delta Cluster,49490041.0,470188845104.0,9500.676006794984,416.205,8.41,-7.37,376.721,27.832,6.313,5.068,81.855,21.204,415.93399999999997
South Africa,ZAF,2006,Delta Cluster,49998271.0,505574497707.0,10111.839621554112,446.744,8.935,7.338,381.99,53.08,6.126,5.333,81.391,20.112,446.529
South Africa,ZAF,2007,Delta Cluster,50528575.0,542976204451.0,10745.923558125278,465.034,9.203,4.094,392.159,59.334,7.892,5.491,82.957,20.709,464.876
South Africa,ZAF,2008,Delta Cluster,51114595.0,571660802378.0,11183.90554357322,494.673,9.678,6.373,418.275,62.764,8.119,5.343,85.087,20.27,494.50100000000003
South Africa,ZAF,2009,Delta Cluster,51728518.0,574768021657.0,11111.240837346239,474.512,9.173,-4.075,390.664,71.07,7.038,5.571,84.236,19.944,474.343
South Africa,ZAF,2010,Delta Cluster,52344047.0,607601612432.0,11607.845538423882,467.353,8.928,-1.509,406.924,46.324,8.867,5.045,84.606,20.385,467.16
South Africa,ZAF,2011,Delta Cluster,52995212.0,645388107070.0,12178.234272749018,474.273,8.949,1.481,400.454,60.247,8.801,4.638,84.478,20.247,474.14
South Africa,ZAF,2012,Delta Cluster,53782570.0,660853021773.0,12287.494289934453,461.438,8.58,-2.706,398.009,49.468,9.255,4.633,87.855,20.651,461.365
South Africa,ZAF,2013,Delta Cluster,54678789.0,677278303675.0,12386.490558066309,456.188,8.343,-1.138,392.345,49.515,9.384,4.893,87.75,20.235,456.137
South Africa,ZAF,2014,Delta Cluster,55594840.0,686853872664.0,12354.633499511825,481.638,8.663,5.579,413.196,54.539,8.94,4.911,88.512,20.32,481.586
South Africa,ZAF,2015,Delta Cluster,56723536.0,695933197143.0,12268.861326681044,457.473,8.065,-5.017,387.494,54.688,9.827,5.419,87.344,19.368,457.428
South Africa,ZAF,2016,Delta Cluster,57259550.0,700558003750.0,12234.78011528208,457.05,7.982,-0.093,384.489,59.012,7.815,5.691,85.799,18.589,457.00699999999995
South Africa,ZAF,2017,Delta Cluster,57635158.0,708670169977.0,12295.796429967279,440.01,7.634,-3.728,369.903,57.257,7.339,5.481,87.121,20.244,439.98
South Africa,ZAF,2018,Delta Cluster,58613001.0,719458334697.0,12274.722713771302,453.766,7.742,3.126,384.222,54.275,9.746,5.466,86.077,20.24,453.70899999999995
South Africa,ZAF,2019,Delta Cluster,59587880.0,721641639539.0,12110.54394851772,470.727,7.9,3.738,405.224,50.167,9.842,5.453,85.415,20.009,470.6859999999999
South Africa,ZAF,2020,Delta Cluster,60562374.0,675871755463.0,11159.928365143018,435.298,7.188,-7.527,374.003,46.606,9.563,5.071,83.513,19.836,435.243
South Africa,ZAF,2021,Delta Cluster,61502602.0,709077881289.0,11529.233857276478,439.464,7.145,0.957,366.528,59.91,7.104,5.869,81.623,21.217,439.41099999999994
South Africa,ZAF,2022,Delta Cluster,62378417.0,723559323969.0,11599.514042958159,428.782,6.874,-2.431,357.02,59.159,6.931,5.634,81.235,19.901,428.74399999999997
South Africa,ZAF,2023,Delta Cluster,63212386.0,,,436.604,6.907,1.824,363.604,59.618,7.703,5.634,81.081,20.109,436.55899999999997
South Africa,ZAF,2024,Delta Cluster,64007187.0,,,439.831,6.872,0.739,371.358,55.087,7.746,5.634,79.29,20.294,439.825
South Korea,KOR,1990,Delta Cluster,44081425.0,594764506000.0,13492.406518164964,250.511,5.683,12.08,94.308,130.947,6.433,15.873,32.472,10.084,247.56099999999998
South Korea,KOR,1991,Delta Cluster,44439146.0,651871510125.0,14668.857725686268,275.688,6.204,10.05,94.094,151.671,7.441,18.962,32.062,13.464,272.168
South Korea,KOR,1992,Delta Cluster,44653699.0,687368661445.0,15393.31963170621,299.905,6.716,8.784,91.32,173.971,9.733,21.129,30.581,14.762,296.153
South Korea,KOR,1993,Delta Cluster,44887721.0,729369247675.0,16248.747573417684,330.174,7.356,10.093,99.62,189.427,12.159,24.7,29.242,13.076,325.906
South Korea,KOR,1994,Delta Cluster,45130842.0,791073852664.0,17528.453217513645,355.695,7.881,7.73,101.801,206.573,16.186,26.84,28.476,14.22,351.4
South Korea,KOR,1995,Delta Cluster,45368425.0,860793752056.0,18973.41051746892,383.665,8.457,7.864,105.3,226.079,19.574,28.105,28.249,14.879,379.05800000000005
South Korea,KOR,1996,Delta Cluster,45638701.0,919812618896.0,20154.2243477964,420.996,9.225,9.73,122.689,239.471,25.859,28.309,29.306,16.699,416.328
South Korea,KOR,1997,Delta Cluster,45941541.0,967604910890.0,21061.65552631332,444.968,9.686,5.694,133.313,246.07,31.427,29.32,29.535,20.356,440.13
South Korea,KOR,1998,Delta Cluster,46230885.0,908368091121.0,19648.511836210793,378.038,8.177,-15.042,137.598,183.586,29.399,22.879,28.531,17.198,373.46200000000005
South Korea,KOR,1999,Delta Cluster,46500382.0,1004162502333.0,21594.715121544592,410.519,8.828,8.592,145.635,200.628,35.797,23.719,28.101,17.309,405.77899999999994
South Korea,KOR,2000,Delta Cluster,46766660.0,1086261690312.0,23227.266824528415,439.981,9.408,7.177,163.883,206.229,40.204,24.756,29.844,16.51,435.072
South Korea,KOR,2001,Delta Cluster,47043467.0,1127616204375.0,23969.666274277788,455.631,9.685,3.557,174.626,206.083,44.163,25.665,29.549,16.203,450.53700000000003
South Korea,KOR,2002,Delta Cluster,47299118.0,1203066586464.0,25435.285843258218,476.065,10.065,4.485,187.637,207.116,49.069,27.107,27.652,12.923,470.9290000000001
South Korea,KOR,2003,Delta Cluster,47514158.0,1229830453921.0,25883.452547364934,485.213,10.212,1.922,195.319,205.372,51.401,27.92,27.804,12.626,480.01200000000006
South Korea,KOR,2004,Delta Cluster,47697076.0,1281243847324.0,26862.104656562176,491.389,10.302,1.273,203.138,196.256,60.234,26.124,28.199,13.087,485.752
South Korea,KOR,2005,Delta Cluster,47851646.0,1322354601142.0,27634.464259432163,498.688,10.422,1.485,209.293,195.069,65.27,23.326,28.38,13.129,492.95799999999997
South Korea,KOR,2006,Delta Cluster,48006518.0,1381281470156.0,28772.790189782147,503.478,10.488,0.96,216.428,190.054,67.995,23.14,28.957,12.41,497.61699999999996
South Korea,KOR,2007,Delta Cluster,48178122.0,1446721509093.0,30028.599061893696,521.709,10.829,3.621,228.427,187.258,73.37,26.275,29.265,12.355,515.33
South Korea,KOR,2008,Delta Cluster,48356485.0,1477425172333.0,30552.782575760004,532.651,11.015,2.097,253.041,171.088,75.924,26.08,26.301,11.627,526.133
South Korea,KOR,2009,Delta Cluster,48546690.0,1477640571750.0,30437.51431354022,537.82,11.078,0.97,262.395,172.708,72.171,24.553,26.965,11.467,531.827
South Korea,KOR,2010,Delta Cluster,48769329.0,1562822824921.0,32045.1984262691,594.339,12.187,10.509,295.05,176.156,91.541,24.297,27.436,12.142,587.0440000000001
South Korea,KOR,2011,Delta Cluster,49127640.0,1609219825000.0,32755.89515392964,623.443,12.69,4.897,320.169,171.469,98.513,24.721,27.545,12.674,614.872
South Korea,KOR,2012,Delta Cluster,49599580.0,1647889319531.0,33223.85632158579,627.943,12.66,0.722,316.99,170.817,106.566,24.849,28.264,12.902,619.2220000000001
South Korea,KOR,2013,Delta Cluster,50071168.0,1700045113031.0,33952.57552272398,634.581,12.674,1.057,320.644,168.582,111.531,25.05,28.333,12.757,625.807
South Korea,KOR,2014,Delta Cluster,50539055.0,1754480590300.0,34715.342229885384,629.366,12.453,-0.822,331.304,161.534,101.445,25.412,28.679,12.244,619.6949999999999
South Korea,KOR,2015,Delta Cluster,50983909.0,1803763858886.0,35379.08124867397,634.177,12.439,0.764,335.411,170.594,92.589,25.779,29.313,12.443,624.373
South Korea,KOR,2016,Delta Cluster,51297836.0,1856920794289.0,36198.813421466744,637.914,12.435,0.589,320.697,184.034,96.655,26.672,29.334,14.04,628.058
South Korea,KOR,2017,Delta Cluster,51486268.0,1915599559593.0,37206.02859762529,654.537,12.713,2.606,337.669,179.413,100.861,26.351,29.824,14.613,644.294
South Korea,KOR,2018,Delta Cluster,51640894.0,1971285914824.0,38172.96259092649,670.169,12.977,2.388,340.348,177.633,117.173,24.702,29.995,14.716,659.856
South Korea,KOR,2019,Delta Cluster,51767844.0,2015521635585.0,38933.85313834975,646.102,12.481,-3.591,321.606,175.797,113.586,24.93,30.135,14.536,635.919
South Korea,KOR,2020,Delta Cluster,51858481.0,2001231642062.0,38590.24798782672,597.634,11.524,-7.502,282.883,165.068,116.635,22.866,32.963,14.269,587.452
South Korea,KOR,2021,Delta Cluster,51848401.0,2084182684453.0,40197.62700980885,616.075,11.882,3.086,283.908,171.484,126.79,23.704,36.495,14.397,605.886
South Korea,KOR,2022,Delta Cluster,51782515.0,2137558645699.0,41279.54475944245,606.877,11.72,-1.493,272.884,173.664,126.732,23.409,37.113,14.014,596.689
South Korea,KOR,2023,Delta Cluster,51748744.0,,,589.178,11.385,-2.916,263.886,170.359,122.051,22.694,36.455,13.804,578.99
South Korea,KOR,2024,Delta Cluster,51717587.0,,,583.679,11.286,-0.933,247.465,176.143,129.312,20.571,39.67,13.689,573.4910000000001
South Sudan,SSD,1990,Delta Cluster,4737637.0,,,0.419,0.089,38.732,0.0,0.419,0.0,0.0,20.073,14.443,0.419
South Sudan,SSD,1991,Delta Cluster,4836686.0,,,0.393,0.081,-6.329,0.0,0.393,0.0,0.0,20.496,14.742,0.393
South Sudan,SSD,1992,Delta Cluster,4909746.0,,,0.351,0.072,-10.586,0.0,0.351,0.0,0.0,21.647,15.301,0.351
South Sudan,SSD,1993,Delta Cluster,4956006.0,,,0.242,0.049,-31.066,0.0,0.242,0.0,0.0,22.641,15.753,0.242
South Sudan,SSD,1994,Delta Cluster,5071191.0,,,0.333,0.066,37.515,0.0,0.333,0.0,0.0,23.639,16.37,0.333
South Sudan,SSD,1995,Delta Cluster,5225840.0,,,0.344,0.066,3.366,0.0,0.344,0.0,0.0,24.051,16.529,0.344
South Sudan,SSD,1996,Delta Cluster,5356925.0,,,0.355,0.066,3.171,0.0,0.355,0.0,0.0,25.593,17.76,0.355
South Sudan,SSD,1997,Delta Cluster,5509142.0,,,0.435,0.079,22.425,0.0,0.435,0.0,0.0,26.375,17.97,0.435
South Sudan,SSD,1998,Delta Cluster,5620077.0,,,0.377,0.067,-13.297,0.0,0.377,0.0,0.0,28.17,19.648,0.377
South Sudan,SSD,1999,Delta Cluster,5771632.0,,,0.409,0.071,8.451,0.0,0.409,0.0,0.0,28.777,19.766,0.409
South Sudan,SSD,2000,Delta Cluster,6032274.0,,,0.445,0.074,8.73,0.0,0.445,0.0,0.0,30.929,21.277,0.445
South Sudan,SSD,2001,Delta Cluster,6308399.0,,,0.511,0.081,15.063,0.0,0.511,0.0,0.0,25.815,16.314,0.511
South Sudan,SSD,2002,Delta Cluster,6596810.0,,,0.652,0.099,27.451,0.0,0.652,0.0,0.0,28.801,18.768,0.652
South Sudan,SSD,2003,Delta Cluster,6903129.0,,,0.728,0.106,11.719,0.0,0.728,0.0,0.0,28.92,18.506,0.728
South Sudan,SSD,2004,Delta Cluster,7233040.0,,,0.92,0.127,26.367,0.0,0.92,0.0,0.0,29.784,19.074,0.92
South Sudan,SSD,2005,Delta Cluster,7590147.0,,,0.882,0.116,-4.199,0.0,0.882,0.0,0.0,31.115,20.224,0.882
South Sudan,SSD,2006,Delta Cluster,7976532.0,,,0.965,0.121,9.502,0.0,0.965,0.0,0.0,28.886,17.824,0.965
South Sudan,SSD,2007,Delta Cluster,8388785.0,,,1.134,0.135,17.476,0.0,1.134,0.0,0.0,31.416,19.998,1.134
South Sudan,SSD,2008,Delta Cluster,8817645.0,,,1.198,0.136,5.618,0.0,1.198,0.0,0.0,30.976,19.434,1.198
South Sudan,SSD,2009,Delta Cluster,9243560.0,,,1.248,0.135,4.162,0.0,1.248,0.0,0.0,31.843,20.124,1.248
South Sudan,SSD,2010,Delta Cluster,9745955.0,,,1.27,0.13,1.749,0.0,1.27,0.0,0.0,29.508,17.597,1.27
South Sudan,SSD,2011,Delta Cluster,10288112.0,,,1.239,0.12,-2.44,0.0,1.239,0.0,0.0,30.387,18.612,1.239
South Sudan,SSD,2012,Delta Cluster,10756245.0,,,1.33,0.124,7.383,,1.33,,0.0,31.612,19.769,1.33
South Sudan,SSD,2013,Delta Cluster,11166280.0,,,1.444,0.129,8.54,,1.444,,0.0,31.284,19.14,1.444
South Sudan,SSD,2014,Delta Cluster,11235071.0,,,1.499,0.133,3.807,,1.499,,0.0,31.721,19.309,1.499
South Sudan,SSD,2015,Delta Cluster,11107569.0,,,1.913,0.172,27.628,,1.913,,0.0,31.923,19.554,1.913
South Sudan,SSD,2016,Delta Cluster,10830108.0,,,1.704,0.157,-10.92,,1.704,,0.0,32.376,20.159,1.704
South Sudan,SSD,2017,Delta Cluster,10259150.0,,,1.455,0.142,-14.624,,1.455,,0.0,31.031,19.007,1.455
South Sudan,SSD,2018,Delta Cluster,10122983.0,,,1.737,0.172,19.395,,1.737,,0.0,34.543,21.72,1.737
South Sudan,SSD,2019,Delta Cluster,10423382.0,,,1.77,0.17,1.899,,1.77,,0.0,29.816,17.051,1.77
South Sudan,SSD,2020,Delta Cluster,10698471.0,,,1.707,0.16,-3.52,,1.707,,0.0,33.521,20.39,1.707
South Sudan,SSD,2021,Delta Cluster,10865786.0,,,1.74,0.16,1.931,,1.74,,0.0,32.066,19.168,1.74
South Sudan,SSD,2022,Delta Cluster,11021175.0,,,1.634,0.148,-6.105,,1.634,,0.0,30.823,17.881,1.634
South Sudan,SSD,2023,Delta Cluster,11483370.0,,,1.666,0.145,1.967,,1.666,,0.0,30.917,18.427,1.666
South Sudan,SSD,2024,Delta Cluster,11943410.0,,,1.696,0.142,1.756,,1.696,,0.0,31.28,18.656,1.696
Spain,ESP,1990,Delta Cluster,39084975.0,756125036542.0,19345.670210662793,229.383,5.869,1.996,79.032,121.129,12.061,12.279,40.31,22.21,224.501
Spain,ESP,1991,Delta Cluster,39201750.0,786757895205.0,20069.45851154604,239.291,6.104,4.319,81.631,127.647,13.462,11.701,40.488,21.878,234.441
Spain,ESP,1992,Delta Cluster,39420344.0,803260934603.0,20376.811896999174,247.687,6.283,3.509,84.817,132.92,14.57,10.438,40.89,20.378,242.74499999999995
Spain,ESP,1993,Delta Cluster,39651627.0,794221319057.0,20029.98058710176,239.099,6.03,-3.467,81.632,128.46,14.168,9.914,40.3,20.796,234.174
Spain,ESP,1994,Delta Cluster,39858721.0,820138301435.0,20576.131919411062,251.388,6.307,5.14,82.225,137.068,15.212,11.499,40.669,21.313,246.004
Spain,ESP,1995,Delta Cluster,40052733.0,855020227557.0,21347.362926694666,265.069,6.618,5.442,85.124,143.411,18.878,12.365,41.082,21.075,259.778
Spain,ESP,1996,Delta Cluster,40237375.0,885027554238.0,21995.161320488725,252.562,6.277,-4.718,71.959,141.98,21.289,12.115,42.012,23.109,247.34300000000002
Spain,ESP,1997,Delta Cluster,40423823.0,925901360531.0,22904.84402059152,264.899,6.553,4.885,74.57,144.648,27.489,12.752,43.988,22.841,259.459
Spain,ESP,1998,Delta Cluster,40617436.0,976805803240.0,24048.92822973858,273.65,6.737,3.303,72.72,152.912,28.462,13.809,44.554,23.917,267.903
Spain,ESP,1999,Delta Cluster,40812855.0,1031651264612.0,25277.60590657037,297.025,7.278,8.542,82.676,161.338,32.502,14.432,45.022,23.988,290.94800000000004
Spain,ESP,2000,Delta Cluster,41019772.0,1094998702299.0,26694.412204412056,309.26,7.539,4.119,87.404,163.449,37.153,14.728,45.728,24.344,302.73400000000004
Spain,ESP,2001,Delta Cluster,41245602.0,1147959133197.0,27832.279746989752,311.031,7.541,0.573,80.276,169.381,39.97,15.014,46.678,23.877,304.64099999999996
Spain,ESP,2002,Delta Cluster,41755703.0,1191323484900.0,28530.79697640344,331.028,7.928,6.429,89.977,173.902,45.027,15.53,47.206,23.405,324.436
Spain,ESP,2003,Delta Cluster,42506540.0,1239651963472.0,29163.793700263537,335.539,7.894,1.363,83.433,178.237,51.279,16.038,47.092,24.52,328.987
Spain,ESP,2004,Delta Cluster,43234562.0,1289831715789.0,29833.34758402317,352.139,8.145,4.947,86.472,183.588,58.727,16.292,47.019,23.92,345.07899999999995
Spain,ESP,2005,Delta Cluster,43958883.0,1348839731490.0,30684.12205765101,367.447,8.359,4.347,86.873,187.742,68.893,16.792,46.895,22.43,360.30000000000007
Spain,ESP,2006,Delta Cluster,44695446.0,1415738502534.0,31675.22934068048,358.869,8.029,-2.334,77.171,183.435,73.998,16.745,46.748,22.522,351.349
Spain,ESP,2007,Delta Cluster,45516501.0,1481143208580.0,32540.79676686923,366.469,8.051,2.117,83.696,182.931,75.616,16.824,47.691,23.077,359.067
Spain,ESP,2008,Delta Cluster,46235055.0,1510615290401.0,32672.509860775554,335.284,7.252,-8.509,58.726,173.2,82.518,14.389,46.432,20.659,328.83299999999997
Spain,ESP,2009,Delta Cluster,46635182.0,1468765814163.0,31494.8018035611,296.159,6.351,-11.669,44.668,161.09,73.68,11.402,49.206,20.371,290.84
Spain,ESP,2010,Delta Cluster,46840469.0,1480376411582.0,31604.645367278452,282.585,6.033,-4.583,35.997,156.331,73.623,11.197,47.536,21.081,277.14799999999997
Spain,ESP,2011,Delta Cluster,46998040.0,1477187548437.0,31430.833039782083,283.275,6.027,0.244,53.685,146.012,68.024,9.523,46.791,20.306,277.244
Spain,ESP,2012,Delta Cluster,47018323.0,1433478645419.0,30487.660000527878,277.432,5.901,-2.063,62.626,134.672,65.077,8.754,45.211,19.768,271.129
Spain,ESP,2013,Delta Cluster,46860394.0,1413362053623.0,30161.121855334804,252.109,5.38,-9.128,48.724,129.976,59.055,7.642,43.305,20.636,245.397
Spain,ESP,2014,Delta Cluster,46720187.0,1433089409797.0,30673.880003883547,253.658,5.429,0.614,53.621,129.905,54.251,8.897,44.21,21.064,246.674
Spain,ESP,2015,Delta Cluster,46683683.0,1488098863146.0,31876.209577252077,270.248,5.789,6.54,61.246,136.365,56.603,9.216,45.507,21.53,263.43
Spain,ESP,2016,Delta Cluster,46732768.0,1533303930046.0,32810.03877292267,259.555,5.554,-3.957,45.478,140.305,57.653,9.414,45.157,21.256,252.85
Spain,ESP,2017,Delta Cluster,46868594.0,1578931492849.0,33688.47575946059,273.484,5.835,5.367,53.499,141.123,62.512,9.449,45.153,21.637,266.583
Spain,ESP,2018,Delta Cluster,47092817.0,1615001473949.0,34294.008658454215,268.521,5.702,-1.815,47.904,142.106,61.825,9.667,46.051,21.806,261.50199999999995
Spain,ESP,2019,Delta Cluster,47435121.0,1647042667976.0,34722.008361188746,250.674,5.285,-6.646,23.528,140.044,71.16,9.064,45.547,21.281,243.796
Spain,ESP,2020,Delta Cluster,47679482.0,1460507935923.0,30631.791174304286,211.765,4.441,-15.522,14.23,118.78,64.231,8.192,46.022,21.774,205.433
Spain,ESP,2021,Delta Cluster,47735670.0,1541121952313.0,32284.494012821022,228.806,4.793,8.047,16.011,129.714,68.103,8.472,45.944,21.788,222.29999999999998
Spain,ESP,2022,Delta Cluster,47828386.0,1625139888517.0,33978.56428851686,234.223,4.897,2.368,17.703,135.029,67.262,7.715,44.986,19.814,227.709
Spain,ESP,2023,Delta Cluster,47911583.0,,,215.461,4.497,-8.011,12.536,131.246,58.169,7.48,44.667,19.092,209.431
Spain,ESP,2024,Delta Cluster,47910533.0,,,220.341,4.599,2.265,11.299,139.475,55.699,7.838,44.595,18.848,214.311
Sri Lanka,LKA,1990,Delta Cluster,16352460.0,67098669421.0,4103.276780435482,3.802,0.233,11.193,0.004,3.664,,0.134,9.933,1.89,3.802
Sri Lanka,LKA,1991,Delta Cluster,16475354.0,73808548639.0,4479.937040442348,4.107,0.249,8.007,0.007,3.968,,0.131,9.429,1.833,4.106
Sri Lanka,LKA,1992,Delta Cluster,16739297.0,71237383826.0,4255.697466028591,5.036,0.301,22.624,0.004,4.771,,0.262,9.63,1.93,5.036999999999999
Sri Lanka,LKA,1993,Delta Cluster,17025924.0,76317434648.0,4482.425426543664,4.912,0.289,-2.458,0.004,4.697,,0.211,9.809,2.023,4.912
Sri Lanka,LKA,1994,Delta Cluster,17275777.0,82083780545.0,4751.379955008681,5.342,0.309,8.744,0.007,5.053,,0.282,10.092,2.085,5.342
Sri Lanka,LKA,1995,Delta Cluster,17564065.0,86882842988.0,4946.62499757317,5.717,0.325,7.031,0.004,5.448,,0.265,10.092,2.051,5.717
Sri Lanka,LKA,1996,Delta Cluster,17905020.0,96972233018.0,5415.92430603261,6.863,0.383,20.04,0.004,6.591,,0.268,9.438,2.085,6.8629999999999995
Sri Lanka,LKA,1997,Delta Cluster,18248205.0,106468157343.0,5834.445488912471,7.401,0.406,7.842,0.007,7.123,,0.271,9.469,2.096,7.401
Sri Lanka,LKA,1998,Delta Cluster,18596006.0,104039873858.0,5594.742971044428,7.621,0.41,2.977,0.004,7.379,,0.238,8.624,2.078,7.620999999999999
Sri Lanka,LKA,1999,Delta Cluster,18944734.0,106224336044.0,5607.064002271027,8.381,0.442,9.972,0.004,8.119,,0.258,8.963,2.26,8.381
Sri Lanka,LKA,2000,Delta Cluster,19293056.0,114541758869.0,5936.942227763191,9.99,0.518,19.198,0.004,9.728,,0.259,8.925,2.248,9.991
Sri Lanka,LKA,2001,Delta Cluster,19600361.0,111509565283.0,5689.158749831189,10.158,0.518,1.675,0.004,9.878,,0.276,8.712,2.205,10.158
Sri Lanka,LKA,2002,Delta Cluster,19805750.0,114770992462.0,5794.831928202669,10.787,0.545,6.193,0.004,10.538,,0.245,8.813,2.394,10.786999999999999
Sri Lanka,LKA,2003,Delta Cluster,19951521.0,121043287225.0,6066.870151152887,10.761,0.539,-0.235,0.231,10.259,,0.271,9.154,2.214,10.761000000000001
Sri Lanka,LKA,2004,Delta Cluster,20087608.0,127113013921.0,6327.931823490383,11.908,0.593,10.657,0.231,11.362,,0.315,8.763,2.291,11.908
Sri Lanka,LKA,2005,Delta Cluster,20216531.0,134388316813.0,6647.446924153308,11.67,0.577,-2.003,0.231,11.113,,0.326,9.471,2.473,11.67
Sri Lanka,LKA,2006,Delta Cluster,20352416.0,144414690368.0,7095.7025626834675,11.503,0.565,-1.429,0.227,10.941,,0.335,9.514,2.415,11.503000000000002
Sri Lanka,LKA,2007,Delta Cluster,20492546.0,153829219297.0,7506.59382670167,11.844,0.578,2.962,0.161,11.34,,0.343,9.346,2.363,11.844
Sri Lanka,LKA,2008,Delta Cluster,20629377.0,162474916511.0,7875.900300382314,11.648,0.565,-1.65,0.22,11.08,,0.348,10.198,2.667,11.648000000000001
Sri Lanka,LKA,2009,Delta Cluster,20756438.0,167647716585.0,8076.902047692383,12.572,0.606,7.934,0.223,11.996,,0.353,9.842,2.483,12.572000000000001
Sri Lanka,LKA,2010,Delta Cluster,20879092.0,180642805306.0,8651.851589427357,12.697,0.608,0.989,0.227,12.161,,0.309,10.512,2.512,12.697
Sri Lanka,LKA,2011,Delta Cluster,21009054.0,195461606183.0,9303.684315486076,14.476,0.689,14.015,1.132,13.007,,0.337,10.314,2.732,14.475999999999999
Sri Lanka,LKA,2012,Delta Cluster,21169461.0,212333854625.0,10030.196547044821,15.389,0.727,6.308,1.92,13.102,,0.367,10.434,2.502,15.389
Sri Lanka,LKA,2013,Delta Cluster,21358829.0,220937614421.0,10344.088359010693,14.143,0.662,-8.098,2.019,11.761,,0.363,10.691,2.289,14.142999999999999
Sri Lanka,LKA,2014,Delta Cluster,21547454.0,235029015924.0,10907.507491325889,17.076,0.792,20.737,3.877,12.827,,0.372,9.677,2.795,17.076
Sri Lanka,LKA,2015,Delta Cluster,21729975.0,244914328998.0,11270.805833784898,19.179,0.883,12.315,5.218,13.593,,0.368,10.647,2.455,19.179
Sri Lanka,LKA,2016,Delta Cluster,21910763.0,257292293131.0,11742.735436963103,22.339,1.02,16.477,5.524,16.438,,0.377,10.266,2.275,22.339
Sri Lanka,LKA,2017,Delta Cluster,22087525.0,273915973018.0,12401.388250516977,22.168,1.004,-0.766,5.722,16.079,,0.367,9.272,2.084,22.168000000000003
Sri Lanka,LKA,2018,Delta Cluster,22253116.0,280243422762.0,12593.446363286832,20.137,0.905,-9.163,5.53,14.241,,0.366,10.204,1.95,20.137
Sri Lanka,LKA,2019,Delta Cluster,22410552.0,279626891521.0,12477.46559393093,21.106,0.942,4.811,5.903,14.832,,0.371,9.982,2.413,21.105999999999998
Sri Lanka,LKA,2020,Delta Cluster,22561808.0,269918239631.0,11963.502199424798,20.412,0.905,-3.284,7.094,12.956,,0.363,10.423,2.989,20.413
Sri Lanka,LKA,2021,Delta Cluster,22700377.0,278898406287.0,12286.069358539728,20.823,0.917,2.012,6.185,14.268,,0.371,10.71,2.355,20.823999999999998
Sri Lanka,LKA,2022,Delta Cluster,22834965.0,254748598293.0,11156.07570640025,18.377,0.805,-11.747,5.882,11.997,,0.498,10.682,2.218,18.377
Sri Lanka,LKA,2023,Delta Cluster,22971615.0,,,19.166,0.834,4.294,5.282,13.386,,0.498,10.812,2.158,19.166
Sri Lanka,LKA,2024,Delta Cluster,23103561.0,,,20.826,0.901,8.659,6.232,14.095,,0.498,11.097,2.042,20.825000000000003
Sudan,SDN,1990,Delta Cluster,22021484.0,,,4.783,0.217,39.001,0.0,4.713,0.0,0.07,31.681,14.295,4.783
Sudan,SDN,1991,Delta Cluster,22470676.0,,,4.48,0.199,-6.341,0.0,4.41,0.0,0.07,32.911,14.94,4.48
Sudan,SDN,1992,Delta Cluster,22927356.0,,,4.001,0.175,-10.683,0.0,3.898,0.0,0.103,36.199,16.328,4.001
Sudan,SDN,1993,Delta Cluster,23445599.0,,,2.755,0.117,-31.156,0.0,2.652,0.0,0.103,39.1,17.498,2.7550000000000003
Sudan,SDN,1994,Delta Cluster,24043951.0,,,3.838,0.16,39.32,0.0,3.73,0.0,0.067,42.221,19.303,3.797
Sudan,SDN,1995,Delta Cluster,24672144.0,,,3.963,0.161,3.248,0.0,3.755,0.0,0.16,43.434,19.637,3.915
Sudan,SDN,1996,Delta Cluster,25231534.0,,,4.096,0.162,3.369,0.0,3.883,0.0,0.157,44.922,20.651,4.04
Sudan,SDN,1997,Delta Cluster,25799826.0,,,5.023,0.195,22.624,0.0,4.841,0.0,0.114,46.469,20.057,4.955
Sudan,SDN,1998,Delta Cluster,26458999.0,,,4.372,0.165,-12.947,0.0,4.217,0.0,0.081,48.232,21.875,4.298
Sudan,SDN,1999,Delta Cluster,27130619.0,,,4.753,0.175,8.715,0.0,4.566,0.0,0.093,50.321,22.307,4.659
Sudan,SDN,2000,Delta Cluster,27816748.0,,,5.292,0.19,11.322,0.0,5.011,0.0,0.06,53.065,23.28,5.071
Sudan,SDN,2001,Delta Cluster,28516774.0,,,6.018,0.211,13.719,0.0,5.757,0.0,0.078,54.062,23.616,5.835
Sudan,SDN,2002,Delta Cluster,29228728.0,,,7.634,0.261,26.856,0.0,7.357,0.0,0.083,55.791,24.193,7.44
Sudan,SDN,2003,Delta Cluster,29896038.0,,,8.515,0.285,11.551,0.0,8.2,0.0,0.11,57.518,24.729,8.309999999999999
Sudan,SDN,2004,Delta Cluster,30556641.0,,,10.866,0.356,27.605,0.0,10.378,0.0,0.124,58.359,25.182,10.502
Sudan,SDN,2005,Delta Cluster,31262447.0,,,10.558,0.338,-2.833,0.0,9.926,0.0,0.132,59.424,25.944,10.058
Sudan,SDN,2006,Delta Cluster,31992438.0,,,11.545,0.361,9.343,0.0,10.938,0.0,0.079,59.658,25.155,11.017000000000001
Sudan,SDN,2007,Delta Cluster,32764139.0,,,13.564,0.414,17.49,0.0,12.817,0.0,0.127,60.898,26.091,12.944
Sudan,SDN,2008,Delta Cluster,33623980.0,,,14.179,0.422,4.535,0.0,13.578,0.0,0.097,61.216,26.095,13.674999999999999
Sudan,SDN,2009,Delta Cluster,34569114.0,,,14.805,0.428,4.417,0.0,13.989,0.0,0.243,61.982,26.819,14.232000000000001
Sudan,SDN,2010,Delta Cluster,35414403.0,,,15.07,0.426,1.788,0.0,13.695,0.0,0.747,61.95,25.972,14.442
Sudan,SDN,2011,Delta Cluster,36140808.0,,,14.711,0.407,-2.379,0.0,12.911,0.0,1.149,60.701,25.61,14.059999999999999
Sudan,SDN,2012,Delta Cluster,36923175.0,,,15.763,0.427,7.148,,13.747,,1.341,62.33,27.207,15.088
Sudan,SDN,2013,Delta Cluster,37785852.0,,,17.374,0.46,10.222,,15.165,,1.377,63.207,27.374,16.541999999999998
Sudan,SDN,2014,Delta Cluster,38823324.0,,,13.095,0.337,-24.631,,10.856,,1.348,63.788,27.139,12.204
Sudan,SDN,2015,Delta Cluster,40024433.0,,,14.247,0.356,8.795,,11.787,,1.436,64.676,27.405,13.223
Sudan,SDN,2016,Delta Cluster,41259892.0,,,19.737,0.478,38.541,,17.455,,1.556,65.234,28.884,19.011
Sudan,SDN,2017,Delta Cluster,42714311.0,,,20.306,0.475,2.882,,18.031,,1.556,65.961,28.424,19.587
Sudan,SDN,2018,Delta Cluster,44230597.0,,,20.516,0.464,1.033,,18.276,,1.556,66.508,29.238,19.832
Sudan,SDN,2019,Delta Cluster,45548179.0,,,22.007,0.483,7.268,,19.928,,1.556,67.248,28.095,21.484
Sudan,SDN,2020,Delta Cluster,46789237.0,,,19.8,0.423,-10.029,,19.346,,,68.294,29.884,19.346
Sudan,SDN,2021,Delta Cluster,48066930.0,,,19.208,0.4,-2.989,,18.752,,,68.835,28.858,18.752
Sudan,SDN,2022,Delta Cluster,49383344.0,,,17.529,0.355,-8.744,,17.129,,,68.906,28.512,17.129
Sudan,SDN,2023,Delta Cluster,50042800.0,,,17.716,0.354,1.066,,17.466,,,69.004,28.659,17.466
Sudan,SDN,2024,Delta Cluster,50448960.0,,,17.795,0.353,0.448,,17.773,,,69.695,28.728,17.773
Suriname,SUR,1990,Delta Cluster,412500.0,,,1.738,4.214,-6.172,,1.715,,0.024,0.79,0.161,1.739
Suriname,SUR,1991,Delta Cluster,415021.0,,,2.024,4.877,16.436,,2.001,,0.023,0.851,0.187,2.024
Suriname,SUR,1992,Delta Cluster,417602.0,,,2.031,4.864,0.358,,2.008,,0.023,0.967,0.23,2.031
Suriname,SUR,1993,Delta Cluster,419357.0,,,2.039,4.861,0.357,,2.015,,0.023,0.875,0.225,2.0380000000000003
Suriname,SUR,1994,Delta Cluster,422382.0,,,2.043,4.837,0.225,,2.015,,0.028,0.912,0.165,2.043
Suriname,SUR,1995,Delta Cluster,429611.0,,,2.061,4.798,0.892,,2.034,,0.028,0.948,0.167,2.062
Suriname,SUR,1996,Delta Cluster,438834.0,,,2.083,4.747,1.062,,2.056,,0.028,0.956,0.187,2.084
Suriname,SUR,1997,Delta Cluster,448068.0,,,2.105,4.698,1.051,,2.077,,0.028,0.879,0.216,2.105
Suriname,SUR,1998,Delta Cluster,457413.0,,,2.105,4.602,-0.004,,2.077,,0.028,0.894,0.21,2.105
Suriname,SUR,1999,Delta Cluster,466925.0,,,2.123,4.547,0.866,,2.096,,0.027,0.939,0.192,2.123
Suriname,SUR,2000,Delta Cluster,476647.0,,,2.193,4.601,3.274,,2.165,,0.027,0.854,0.255,2.192
Suriname,SUR,2001,Delta Cluster,486566.0,,,2.363,4.857,7.782,,2.327,0.007,0.029,0.902,0.175,2.363
Suriname,SUR,2002,Delta Cluster,496566.0,,,1.561,3.143,-33.961,0.0,1.524,0.007,0.029,0.749,0.154,1.5599999999999998
Suriname,SUR,2003,Delta Cluster,506421.0,,,1.539,3.038,-1.417,0.0,1.502,0.007,0.029,0.834,0.164,1.5379999999999998
Suriname,SUR,2004,Delta Cluster,513928.0,,,1.553,3.022,0.94,0.0,1.517,0.007,0.029,0.824,0.189,1.5529999999999997
Suriname,SUR,2005,Delta Cluster,519321.0,,,1.586,3.054,2.111,0.0,1.55,0.007,0.029,0.785,0.167,1.5859999999999999
Suriname,SUR,2006,Delta Cluster,525003.0,,,1.74,3.314,9.714,0.0,1.704,0.007,0.029,0.808,0.194,1.7399999999999998
Suriname,SUR,2007,Delta Cluster,531026.0,,,1.758,3.311,1.034,0.0,1.722,0.007,0.029,0.811,0.175,1.7579999999999998
Suriname,SUR,2008,Delta Cluster,537252.0,,,1.941,3.613,10.406,0.0,1.905,0.007,0.028,0.856,0.228,1.94
Suriname,SUR,2009,Delta Cluster,543580.0,,,1.989,3.659,2.48,0.0,1.96,0.007,0.022,0.959,0.204,1.9889999999999999
Suriname,SUR,2010,Delta Cluster,549931.0,,,2.375,4.319,19.422,,2.349,0.007,0.019,0.952,0.219,2.3750000000000004
Suriname,SUR,2011,Delta Cluster,556279.0,,,2.758,4.958,16.105,,2.719,0.007,0.032,0.986,0.215,2.758
Suriname,SUR,2012,Delta Cluster,562640.0,,,2.494,4.432,-9.578,,2.44,0.007,0.046,0.953,0.224,2.493
Suriname,SUR,2013,Delta Cluster,569024.0,,,3.151,5.538,26.371,,3.092,0.007,0.052,0.981,0.195,3.1510000000000002
Suriname,SUR,2014,Delta Cluster,575380.0,,,3.201,5.563,1.571,,3.166,0.007,0.028,1.013,0.229,3.201
Suriname,SUR,2015,Delta Cluster,581634.0,,,2.714,4.666,-15.224,,2.678,0.007,0.028,0.992,0.215,2.713
Suriname,SUR,2016,Delta Cluster,587765.0,,,2.914,4.957,7.367,,2.898,0.007,0.008,1.004,0.255,2.9130000000000003
Suriname,SUR,2017,Delta Cluster,593720.0,,,2.43,4.093,-16.59,,2.411,0.007,0.012,0.984,0.25,2.43
Suriname,SUR,2018,Delta Cluster,599519.0,,,2.093,3.491,-13.871,,2.07,0.011,0.012,0.956,0.203,2.093
Suriname,SUR,2019,Delta Cluster,605779.0,,,2.632,4.345,25.762,,2.601,0.011,0.02,1.001,0.227,2.632
Suriname,SUR,2020,Delta Cluster,612320.0,,,2.922,4.772,10.998,,2.887,0.015,0.02,0.975,0.259,2.922
Suriname,SUR,2021,Delta Cluster,617905.0,,,2.647,4.284,-9.406,,2.616,0.011,0.02,0.965,0.23,2.6470000000000002
Suriname,SUR,2022,Delta Cluster,623172.0,,,2.828,4.537,6.822,,2.789,0.015,0.02,0.95,0.228,2.8240000000000003
Suriname,SUR,2023,Delta Cluster,628892.0,,,2.869,4.561,1.45,,2.832,0.016,0.02,0.937,0.231,2.868
Suriname,SUR,2024,Delta Cluster,634438.0,,,2.988,4.709,4.155,,2.945,0.022,0.02,0.92,0.228,2.9869999999999997
Sweden,SWE,1990,Delta Cluster,8558571.0,240234012000.0,28069.406913841107,57.417,6.709,3.414,11.759,41.886,1.589,1.272,12.272,6.516,56.506
Sweden,SWE,1991,Delta Cluster,8616955.0,237950140941.0,27614.179363940046,57.664,6.692,0.431,11.845,42.145,1.717,1.137,11.928,6.316,56.844
Sweden,SWE,1992,Delta Cluster,8667576.0,235756851945.0,27199.859792980184,57.51,6.635,-0.267,11.1,42.541,1.995,1.089,11.874,6.407,56.724999999999994
Sweden,SWE,1993,Delta Cluster,8718038.0,231558425903.0,26560.841545196294,57.517,6.597,0.012,11.046,42.452,2.067,1.092,12.023,6.678,56.657
Sweden,SWE,1994,Delta Cluster,8780190.0,241524284977.0,27507.86543081642,59.997,6.833,4.313,11.233,44.718,2.029,1.109,11.996,6.826,59.089000000000006
Sweden,SWE,1995,Delta Cluster,8826298.0,251741126533.0,28521.711654535116,59.487,6.74,-0.85,11.221,44.007,2.063,1.296,11.673,6.574,58.586999999999996
Sweden,SWE,1996,Delta Cluster,8840330.0,256498914326.0,29014.631164899954,63.349,7.166,6.492,12.384,46.605,2.226,1.225,11.342,6.932,62.44
Sweden,SWE,1997,Delta Cluster,8845525.0,264171121939.0,29864.945488142308,58.355,6.597,-7.883,10.78,43.256,2.255,1.105,12.111,6.654,57.396
Sweden,SWE,1998,Delta Cluster,8850606.0,276040695651.0,31188.90340966483,58.767,6.64,0.706,11.104,43.277,2.231,1.133,11.098,6.567,57.745000000000005
Sweden,SWE,1999,Delta Cluster,8857691.0,289702793085.0,32706.355763031246,55.937,6.315,-4.817,10.043,41.542,2.174,1.139,11.24,6.419,54.898
Sweden,SWE,2000,Delta Cluster,8872099.0,303452362920.0,34202.995584246746,54.892,6.187,-1.867,10.104,40.406,2.082,1.288,10.953,6.508,53.879999999999995
Sweden,SWE,2001,Delta Cluster,8896018.0,308398096624.0,34666.98208389417,55.782,6.27,1.621,10.944,40.116,2.4,1.332,10.946,6.101,54.792
Sweden,SWE,2002,Delta Cluster,8925045.0,317463771012.0,35569.99107701978,56.634,6.345,1.526,11.422,40.439,2.444,1.28,11.161,6.248,55.58500000000001
Sweden,SWE,2003,Delta Cluster,8958434.0,326402407102.0,36435.20810690797,57.221,6.387,1.037,11.545,41.14,2.269,1.206,11.217,6.232,56.160000000000004
Sweden,SWE,2004,Delta Cluster,8993805.0,341901244849.0,38015.19433087553,56.428,6.274,-1.387,11.811,40.088,2.198,1.284,11.538,6.212,55.381
Sweden,SWE,2005,Delta Cluster,9029771.0,354496929423.0,39258.684347919785,53.787,5.957,-4.679,10.949,38.542,1.869,1.315,9.793,6.06,52.675
Sweden,SWE,2006,Delta Cluster,9080628.0,372234670461.0,40992.17261856779,53.651,5.908,-0.254,10.681,37.987,2.056,1.442,9.902,5.991,52.166
Sweden,SWE,2007,Delta Cluster,9148280.0,387881844813.0,42399.42861532441,52.879,5.78,-1.439,10.765,37.014,2.165,1.339,9.603,6.018,51.283
Sweden,SWE,2008,Delta Cluster,9219903.0,388980516356.0,42189.22003365979,50.765,5.506,-3.997,10.334,35.579,1.893,1.396,9.334,6.17,49.202
Sweden,SWE,2009,Delta Cluster,9298738.0,373026350439.0,40115.8039337166,47.143,5.07,-7.135,7.365,34.615,2.487,1.263,9.263,5.883,45.730000000000004
Sweden,SWE,2010,Delta Cluster,9378234.0,399838964466.0,42634.78224855554,53.029,5.654,12.484,10.311,36.433,3.434,1.324,8.888,6.163,51.501999999999995
Sweden,SWE,2011,Delta Cluster,9449263.0,397617949429.0,42079.25522117439,49.114,5.198,-7.382,9.467,34.027,2.721,1.361,8.887,6.151,47.576
Sweden,SWE,2012,Delta Cluster,9519477.0,395278763366.0,41523.15966160746,46.607,4.896,-5.104,8.637,32.626,2.359,1.479,8.814,6.019,45.101
Sweden,SWE,2013,Delta Cluster,9600620.0,399973749048.0,41661.24157064856,45.106,4.698,-3.221,8.736,31.245,2.362,1.402,8.523,6.065,43.745000000000005
Sweden,SWE,2014,Delta Cluster,9696438.0,410604225974.0,42345.88268124851,43.385,4.474,-3.816,8.284,30.292,2.058,1.399,8.22,6.165,42.033
Sweden,SWE,2015,Delta Cluster,9799483.0,429037422635.0,43781.638545115085,43.31,4.42,-0.172,8.016,30.38,1.97,1.537,8.035,6.214,41.903
Sweden,SWE,2016,Delta Cluster,9923281.0,437921057919.0,44130.67189360051,43.308,4.364,-0.004,8.021,30.237,2.267,1.554,8.028,6.174,42.079
Sweden,SWE,2017,Delta Cluster,10057864.0,449166531542.0,44658.24269864854,42.355,4.211,-2.2,8.307,29.316,1.816,1.484,8.096,6.317,40.923
Sweden,SWE,2018,Delta Cluster,10175400.0,457925387676.0,45003.18293885253,41.856,4.113,-1.179,8.087,28.894,1.889,1.607,8.039,6.169,40.477
Sweden,SWE,2019,Delta Cluster,10279120.0,467020665386.0,45433.91510031987,40.772,3.967,-2.589,8.108,28.464,1.777,1.357,7.938,6.314,39.706
Sweden,SWE,2020,Delta Cluster,10353682.0,456885314424.0,44127.810224806984,36.622,3.537,-10.179,6.641,26.282,1.446,1.272,7.964,6.506,35.641
Sweden,SWE,2021,Delta Cluster,10416134.0,481492421258.0,46225.63623490251,38.568,3.703,5.313,6.984,27.891,1.9,1.259,7.942,6.362,38.034
Sweden,SWE,2022,Delta Cluster,10487335.0,494214521158.0,47124.891229087276,36.342,3.465,-5.771,6.54,25.627,1.163,1.234,7.94,6.247,34.564
Sweden,SWE,2023,Delta Cluster,10551493.0,,,36.709,3.479,1.008,6.508,25.949,1.388,1.165,7.923,6.057,35.01
Sweden,SWE,2024,Delta Cluster,10606993.0,,,38.097,3.592,3.781,6.546,27.149,1.503,1.2,7.925,6.066,36.398
Switzerland,CHE,1990,Delta Cluster,6713168.0,234154439697.0,34879.871872266565,44.149,6.576,12.085,1.467,35.932,3.91,2.55,7.452,2.796,43.858999999999995
Switzerland,CHE,1991,Delta Cluster,6796942.0,236201938759.0,34751.207051494624,46.131,6.787,4.489,1.211,38.033,4.369,2.222,7.381,2.796,45.835
Switzerland,CHE,1992,Delta Cluster,6875049.0,239958549277.0,34902.81295115133,46.018,6.693,-0.244,0.896,38.169,4.581,2.083,7.148,2.773,45.729
Switzerland,CHE,1993,Delta Cluster,6938106.0,243429634467.0,35085.89151952997,43.61,6.286,-5.234,0.763,35.868,4.794,1.89,6.823,2.711,43.315
Switzerland,CHE,1994,Delta Cluster,6993594.0,250752168329.0,35854.550368379976,42.668,6.101,-2.159,0.778,34.797,4.721,2.085,6.675,2.713,42.38099999999999
Switzerland,CHE,1995,Delta Cluster,7040481.0,257142565611.0,36523.43719285657,43.414,6.166,1.748,0.797,35.187,5.181,1.966,6.56,2.7,43.13099999999999
Switzerland,CHE,1996,Delta Cluster,7071885.0,263448607219.0,37252.954087771504,44.107,6.237,1.596,0.576,35.857,5.622,1.77,6.507,2.678,43.825
Switzerland,CHE,1997,Delta Cluster,7089161.0,274617021730.0,38737.59133556143,43.046,6.072,-2.404,0.5,35.249,5.439,1.588,6.266,2.601,42.776
Switzerland,CHE,1998,Delta Cluster,7110294.0,287985364256.0,40502.59584990438,44.622,6.276,3.662,0.439,36.724,5.6,1.588,6.152,2.59,44.351
Switzerland,CHE,1999,Delta Cluster,7144119.0,298226666662.0,41744.35877425894,44.447,6.221,-0.394,0.453,36.327,5.807,1.587,5.957,2.548,44.17400000000001
Switzerland,CHE,2000,Delta Cluster,7184003.0,315545366882.0,43923.33450890819,43.621,6.072,-1.858,0.645,35.211,5.788,1.704,5.823,2.491,43.348000000000006
Switzerland,CHE,2001,Delta Cluster,7226391.0,325520166982.0,45046.02186374914,45.085,6.239,3.357,0.654,36.394,6.025,1.737,5.86,2.515,44.81
Switzerland,CHE,2002,Delta Cluster,7278744.0,331802188855.0,45585.0884239094,43.467,5.972,-3.588,0.594,35.018,5.921,1.671,5.77,2.391,43.204
Switzerland,CHE,2003,Delta Cluster,7333451.0,337991874208.0,46089.06150842216,44.651,6.089,2.723,0.602,35.898,6.255,1.634,5.649,2.358,44.389
Switzerland,CHE,2004,Delta Cluster,7384196.0,353894703206.0,47925.96285445294,45.231,6.125,1.3,0.588,36.158,6.466,1.731,5.608,2.35,44.943000000000005
Switzerland,CHE,2005,Delta Cluster,7431824.0,371135459405.0,49938.67715449128,45.776,6.159,1.205,0.633,36.37,6.634,1.825,5.678,2.382,45.462
Switzerland,CHE,2006,Delta Cluster,7478514.0,393075108386.0,52560.59002978399,45.365,6.066,-0.898,0.68,36.104,6.459,1.831,5.716,2.382,45.074
Switzerland,CHE,2007,Delta Cluster,7545386.0,416832821635.0,55243.405921844154,43.359,5.746,-4.421,0.741,34.172,6.296,1.863,5.705,2.34,43.071999999999996
Switzerland,CHE,2008,Delta Cluster,7641730.0,433739216893.0,56759.29624482938,44.701,5.85,3.094,0.681,35.209,6.702,1.834,5.854,2.396,44.426
Switzerland,CHE,2009,Delta Cluster,7737644.0,431737407420.0,55797.011004900196,43.526,5.625,-2.629,0.636,34.404,6.423,1.825,5.475,2.351,43.28800000000001
Switzerland,CHE,2010,Delta Cluster,7825750.0,451139715920.0,57648.11243906335,45.034,5.755,3.464,0.649,35.013,7.179,1.932,5.526,2.356,44.773
Switzerland,CHE,2011,Delta Cluster,7914379.0,467103594697.0,59019.61413485505,40.973,5.177,-9.016,0.608,31.814,6.383,1.902,5.467,2.296,40.707
Switzerland,CHE,2012,Delta Cluster,7998927.0,472611933649.0,59084.416403475116,42.242,5.281,3.097,0.557,32.669,6.978,1.786,5.478,2.257,41.99
Switzerland,CHE,2013,Delta Cluster,8091199.0,481081829913.0,59457.42156545649,43.183,5.337,2.227,0.583,33.233,7.332,1.811,5.518,2.303,42.958999999999996
Switzerland,CHE,2014,Delta Cluster,8190238.0,492386642888.0,60118.72217730425,39.244,4.792,-9.121,0.602,30.183,6.373,1.858,5.544,2.294,39.016
Switzerland,CHE,2015,Delta Cluster,8283940.0,500484653705.0,60416.25768716336,38.756,4.678,-1.244,0.56,29.499,6.798,1.695,5.584,2.271,38.552
Switzerland,CHE,2016,Delta Cluster,8374903.0,510838097521.0,60996.300198462,39.225,4.684,1.209,0.525,29.605,7.145,1.748,5.63,2.283,39.022999999999996
Switzerland,CHE,2017,Delta Cluster,8453630.0,517799793781.0,61251.76921405361,38.234,4.523,-2.526,0.503,28.684,7.104,1.739,5.658,2.265,38.03
Switzerland,CHE,2018,Delta Cluster,8516341.0,532611137213.0,62539.902666297654,36.945,4.338,-3.371,0.475,27.851,6.703,1.718,5.695,2.231,36.747
Switzerland,CHE,2019,Delta Cluster,8577525.0,538693495449.0,62802.90590222704,36.822,4.293,-0.332,0.431,27.584,6.897,1.712,5.684,2.18,36.624
Switzerland,CHE,2020,Delta Cluster,8640582.0,525896489462.0,60863.549406972816,34.343,3.975,-6.732,0.414,25.416,6.67,1.658,5.719,2.186,34.158
Switzerland,CHE,2021,Delta Cluster,8707019.0,548098275898.0,62949.015719157156,35.902,4.123,4.54,0.423,26.31,7.272,1.711,5.842,2.199,35.715999999999994
Switzerland,CHE,2022,Delta Cluster,8792180.0,559384947989.0,63623.00908182043,32.951,3.748,-8.222,0.434,24.636,6.023,1.667,5.879,2.162,32.76
Switzerland,CHE,2023,Delta Cluster,8870564.0,,,31.977,3.605,-2.953,0.354,24.382,5.563,1.506,5.953,2.201,31.805
Switzerland,CHE,2024,Delta Cluster,8921979.0,,,32.072,3.595,0.295,0.355,24.391,5.647,1.506,6.025,2.191,31.899
Syria,SYR,1990,Delta Cluster,12579212.0,113006349079.0,8983.579343364274,37.265,2.962,8.089,0.0,28.381,3.133,1.68,26.432,4.259,33.194
Syria,SYR,1991,Delta Cluster,12980824.0,121259151277.0,9341.406314190841,42.425,3.268,13.847,0.004,32.104,3.657,1.674,31.908,4.083,37.439
Syria,SYR,1992,Delta Cluster,13385570.0,132464551230.0,9896.071010050375,42.803,3.198,0.893,0.004,31.375,3.781,1.763,31.459,4.18,36.923
Syria,SYR,1993,Delta Cluster,13795687.0,137136399700.0,9940.527042980897,45.522,3.3,6.35,0.004,32.751,3.745,2.136,34.386,4.151,38.635999999999996
Syria,SYR,1994,Delta Cluster,14208585.0,139462673349.0,9815.380866497262,45.956,3.234,0.954,0.004,32.841,4.059,2.128,35.093,4.435,39.032
Syria,SYR,1995,Delta Cluster,14616804.0,141596267280.0,9687.2248735086,46.392,3.174,0.949,0.015,32.415,5.119,2.103,34.812,4.688,39.652
Syria,SYR,1996,Delta Cluster,15018110.0,140380949913.0,9347.444512858143,47.446,3.159,2.271,0.011,33.206,5.453,2.113,34.625,4.826,40.78300000000001
Syria,SYR,1997,Delta Cluster,15417539.0,133631083179.0,8667.471713805946,49.605,3.217,4.552,0.011,32.599,8.457,2.264,33.505,4.848,43.331
Syria,SYR,1998,Delta Cluster,15820409.0,135803038435.0,8584.04093313896,53.496,3.381,7.844,0.011,34.504,10.941,2.147,32.502,5.14,47.603
Syria,SYR,1999,Delta Cluster,16228064.0,126804505194.0,7813.902212488193,55.534,3.422,3.809,0.011,36.032,11.201,2.384,32.548,5.067,49.628
Syria,SYR,2000,Delta Cluster,16637884.0,125214242976.0,7525.851422933349,54.527,3.277,-1.814,0.011,34.842,11.314,2.142,33.839,4.935,48.309000000000005
Syria,SYR,2001,Delta Cluster,17051337.0,125631935247.0,7367.864188421119,51.343,3.011,-5.839,0.011,34.306,10.365,2.288,26.587,4.633,46.97
Syria,SYR,2002,Delta Cluster,17468335.0,128996142855.0,7384.570015115923,40.727,2.331,-20.677,0.007,22.97,12.611,2.114,21.942,5.018,37.702
Syria,SYR,2003,Delta Cluster,17889297.0,122501642286.0,6847.761669226018,55.377,3.096,35.972,0.011,37.626,12.703,2.154,21.878,5.319,52.494
Syria,SYR,2004,Delta Cluster,18336879.0,126515329154.0,6899.501772030017,51.692,2.819,-6.656,0.011,33.988,13.167,2.099,19.998,5.496,49.265
Syria,SYR,2005,Delta Cluster,18814092.0,129657010670.0,6891.483823402161,51.162,2.719,-1.025,0.011,35.432,11.314,2.048,20.522,6.096,48.80500000000001
Syria,SYR,2006,Delta Cluster,19637016.0,132870748696.0,6766.34111292673,54.04,2.752,5.626,0.011,38.242,11.684,2.072,19.61,6.417,52.009
Syria,SYR,2007,Delta Cluster,20884136.0,138933398255.0,6652.580612145027,66.973,3.207,23.931,0.011,51.34,11.498,2.16,19.788,6.475,65.009
Syria,SYR,2008,Delta Cluster,21636566.0,140064268758.0,6473.498093828753,68.084,3.147,1.66,0.011,52.974,11.201,2.239,18.265,6.073,66.42500000000001
Syria,SYR,2009,Delta Cluster,21976971.0,141886525419.0,6456.145636220751,63.261,2.879,-7.084,0.011,45.314,13.761,2.154,19.7,5.656,61.239999999999995
Syria,SYR,2010,Delta Cluster,22482417.0,143781004115.0,6395.264535614654,62.057,2.76,-1.903,0.011,39.842,17.858,2.487,19.204,4.991,60.198
Syria,SYR,2011,Delta Cluster,22878104.0,134274046453.0,5869.10726749909,59.078,2.582,-4.801,0.011,40.348,15.059,2.063,18.615,5.464,57.481
Syria,SYR,2012,Delta Cluster,22759763.0,98907693956.0,4345.72600584637,46.339,2.036,-21.564,0.004,30.581,11.962,2.458,13.561,5.155,45.004999999999995
Syria,SYR,2013,Delta Cluster,21666921.0,72894799336.0,3364.335861842114,34.257,1.581,-26.073,0.004,22.011,9.829,1.61,10.681,4.406,33.454
Syria,SYR,2014,Delta Cluster,20273661.0,65379097607.0,3224.829378719512,34.869,1.72,1.789,0.004,24.301,9.086,0.747,9.96,4.224,34.138
Syria,SYR,2015,Delta Cluster,19424615.0,63295273863.0,3258.5085399633404,31.115,1.602,-10.766,0.004,21.412,7.973,0.747,9.5,4.004,30.136
Syria,SYR,2016,Delta Cluster,19193835.0,59731474595.0,3112.0135499237126,29.162,1.519,-6.278,0.004,20.474,6.954,0.99,9.283,3.854,28.422
Syria,SYR,2017,Delta Cluster,19224671.0,59296820428.0,3084.412754215664,34.473,1.793,18.214,0.004,24.513,6.862,0.856,8.782,3.503,32.23500000000001
Syria,SYR,2018,Delta Cluster,19577849.0,60171975441.0,3073.4722410516088,31.771,1.623,-7.838,0.004,22.878,6.826,0.724,7.033,3.539,30.432000000000002
Syria,SYR,2019,Delta Cluster,20353536.0,62427096792.0,3067.1376606010867,33.492,1.645,5.414,0.004,24.356,6.547,0.834,6.971,3.959,31.741000000000003
Syria,SYR,2020,Delta Cluster,21049431.0,55872251610.0,2654.335483462712,32.344,1.537,-3.425,0.004,23.772,5.749,0.982,7.058,4.0,30.506999999999998
Syria,SYR,2021,Delta Cluster,21628837.0,54251957890.0,2508.31599914503,32.508,1.503,0.507,0.004,23.072,6.119,1.357,6.581,3.809,30.552
Syria,SYR,2022,Delta Cluster,22462170.0,52353139385.0,2330.7249203883684,31.423,1.399,-3.338,0.004,23.198,5.007,1.212,6.335,3.899,29.421000000000003
Syria,SYR,2023,Delta Cluster,23594623.0,,,31.674,1.342,0.797,0.006,23.461,4.959,1.212,6.431,4.172,29.637999999999998
Syria,SYR,2024,Delta Cluster,24672758.0,,,31.778,1.288,0.331,0.007,23.583,4.833,1.212,6.135,4.065,29.635
Taiwan,TWN,1990,Delta Cluster,20594907.0,319544652000.0,15515.71230693103,124.258,6.033,8.041,42.935,67.581,3.06,9.093,10.491,4.202,122.66900000000001
Taiwan,TWN,1991,Delta Cluster,20781752.0,345211462786.0,16611.27814372917,133.631,6.43,7.543,46.533,70.96,5.44,9.535,10.591,4.411,132.468
Taiwan,TWN,1992,Delta Cluster,20982088.0,372503882517.0,17753.422944227477,142.432,6.788,6.586,53.93,71.124,5.523,10.333,10.733,4.59,140.91
Taiwan,TWN,1993,Delta Cluster,21174678.0,396575970496.0,18728.783998321014,154.046,7.275,8.154,59.317,75.594,5.256,11.676,10.703,4.731,151.843
Taiwan,TWN,1994,Delta Cluster,21357145.0,425304537408.0,19913.92283041577,161.564,7.565,4.88,62.47,78.584,7.251,11.129,10.775,4.875,159.434
Taiwan,TWN,1995,Delta Cluster,21534497.0,451738410710.0,20977.430339329494,170.064,7.897,5.261,65.445,84.093,7.76,10.93,11.103,4.989,168.228
Taiwan,TWN,1996,Delta Cluster,21709270.0,477921929086.0,22014.647617630624,178.059,8.202,4.701,73.952,83.303,8.159,10.611,11.133,4.898,176.02499999999998
Taiwan,TWN,1997,Delta Cluster,21885332.0,504501700824.0,23052.046951995064,190.782,8.717,7.145,83.914,84.115,9.36,10.644,11.303,5.028,188.03300000000002
Taiwan,TWN,1998,Delta Cluster,22049226.0,524131056297.0,23770.950340705836,200.546,9.095,5.118,90.347,86.825,11.809,9.975,11.415,4.972,198.956
Taiwan,TWN,1999,Delta Cluster,22203788.0,557640971015.0,25114.677325103265,208.023,9.369,3.728,94.085,91.347,11.846,9.262,11.523,4.976,206.54
Taiwan,TWN,2000,Delta Cluster,22332873.0,591153923509.0,26470.12426520314,226.934,10.161,9.091,110.895,92.142,13.411,8.824,11.717,5.174,225.272
Taiwan,TWN,2001,Delta Cluster,22446254.0,582366336280.0,25944.923205448893,231.431,10.31,1.982,118.133,88.183,15.141,9.086,12.717,5.512,230.543
Taiwan,TWN,2002,Delta Cluster,22566898.0,612808812199.0,27155.20813711304,238.567,10.572,3.083,125.727,85.26,16.931,9.774,12.645,5.811,237.69200000000004
Taiwan,TWN,2003,Delta Cluster,22664130.0,636240085985.0,28072.557207578673,249.129,10.992,4.427,135.62,85.301,17.867,9.313,12.865,5.547,248.10099999999997
Taiwan,TWN,2004,Delta Cluster,22745432.0,675272430215.0,29688.265767605557,259.367,11.403,4.11,141.041,86.759,20.875,9.546,13.157,5.556,258.221
Taiwan,TWN,2005,Delta Cluster,22824932.0,709313986797.0,31076.28039360643,266.888,11.693,2.9,145.935,87.816,21.88,9.977,13.454,5.377,265.608
Taiwan,TWN,2006,Delta Cluster,22914644.0,745965982529.0,32554.116159474266,276.552,12.069,3.621,153.557,88.935,23.031,9.812,13.504,5.918,275.335
Taiwan,TWN,2007,Delta Cluster,23006921.0,791900583149.0,34420.102679059055,280.08,12.174,1.276,160.562,84.166,24.981,9.484,14.444,5.938,279.193
Taiwan,TWN,2008,Delta Cluster,23086238.0,794389614968.0,34409.66063712936,266.975,11.564,-4.679,154.853,75.889,26.853,8.504,13.838,5.546,266.09900000000005
Taiwan,TWN,2009,Delta Cluster,23164353.0,779014502319.0,33629.88391339918,253.028,10.923,-5.224,147.445,70.98,26.14,7.865,14.319,5.358,252.43
Taiwan,TWN,2010,Delta Cluster,23224049.0,859487483344.0,37008.51145052269,270.718,11.657,6.991,157.049,72.398,32.653,8.105,14.517,5.701,270.20500000000004
Taiwan,TWN,2011,Delta Cluster,23273078.0,888546864638.0,38179.17271785021,276.771,11.892,2.236,162.701,68.657,35.839,8.512,14.227,5.566,275.709
Taiwan,TWN,2012,Delta Cluster,23345963.0,908290377366.0,38905.67192991782,273.282,11.706,-1.261,160.364,65.86,37.726,7.996,14.43,5.66,271.94599999999997
Taiwan,TWN,2013,Delta Cluster,23416870.0,930852328389.0,39751.35568455562,274.576,11.726,0.473,163.101,64.128,37.48,8.03,14.888,5.495,272.739
Taiwan,TWN,2014,Delta Cluster,23472811.0,974779255338.0,41528.01534243172,276.959,11.799,0.868,164.219,64.377,39.636,7.088,15.108,5.395,275.32000000000005
Taiwan,TWN,2015,Delta Cluster,23529260.0,989069527295.0,42035.72604047046,276.264,11.741,-0.251,160.696,64.288,42.933,6.313,15.119,5.368,274.22999999999996
Taiwan,TWN,2016,Delta Cluster,23586140.0,1010482869589.0,42842.231479546885,280.197,11.88,1.424,161.76,66.724,44.596,5.395,15.349,5.463,278.47499999999997
Taiwan,TWN,2017,Delta Cluster,23632950.0,1043939947916.0,44173.06971478381,285.736,12.091,1.977,164.346,66.051,49.07,5.357,15.277,5.624,284.824
Taiwan,TWN,2018,Delta Cluster,23659308.0,1073034529603.0,45353.588938569126,284.151,12.01,-0.555,165.841,62.118,49.783,5.378,15.542,5.702,283.12
Taiwan,TWN,2019,Delta Cluster,23674137.0,1105912366266.0,46713.94637388472,274.704,11.604,-3.325,161.552,57.936,48.715,5.508,15.616,5.773,273.71099999999996
Taiwan,TWN,2020,Delta Cluster,23663461.0,1143369531447.0,48317.93335078922,272.464,11.514,-0.815,156.384,55.162,54.412,5.673,15.403,6.037,271.631
Taiwan,TWN,2021,Delta Cluster,23558330.0,1218008773904.0,51701.83004924373,283.821,12.048,4.168,167.94,49.903,59.21,5.82,15.707,6.064,282.873
Taiwan,TWN,2022,Delta Cluster,23420107.0,1247874288934.0,53282.17710252135,273.989,11.699,-3.464,154.672,52.858,59.999,5.457,15.644,5.578,272.986
Taiwan,TWN,2023,Delta Cluster,23317145.0,,,267.127,11.456,-2.504,147.375,54.125,59.617,4.982,15.36,5.716,266.09900000000005
Taiwan,TWN,2024,Delta Cluster,23213964.0,,,262.345,11.301,-1.79,141.109,51.598,63.85,4.802,15.465,5.727,261.35900000000004
Tajikistan,TJK,1990,Delta Cluster,5398773.0,25321416000.0,4690.216832602519,12.307,2.28,-4.274,1.736,6.058,3.889,0.527,4.784,1.76,12.209999999999999
Tajikistan,TJK,1991,Delta Cluster,5541200.0,23089121806.0,4166.8089594311705,10.015,1.807,-18.621,1.51,4.693,3.222,0.5,4.548,1.636,9.924999999999999
Tajikistan,TJK,1992,Delta Cluster,5649397.0,15578962563.0,2757.6328169183366,7.333,1.298,-26.784,0.934,2.957,3.221,0.221,3.969,1.431,7.333
Tajikistan,TJK,1993,Delta Cluster,5725001.0,13768160225.0,2404.918396520804,5.153,0.9,-29.73,0.52,1.798,2.706,0.129,3.639,1.21,5.1530000000000005
Tajikistan,TJK,1994,Delta Cluster,5825371.0,10806547225.0,1855.0830882702578,2.345,0.403,-54.488,0.114,0.656,1.488,0.088,3.497,1.151,2.346
Tajikistan,TJK,1995,Delta Cluster,5948588.0,9460376115.0,1590.3565879835685,2.435,0.409,3.826,0.051,0.671,1.674,0.039,3.341,1.103,2.435
Tajikistan,TJK,1996,Delta Cluster,6066524.0,8989080428.0,1481.7513996482994,2.824,0.465,15.971,0.022,0.63,2.147,0.024,3.194,1.021,2.823
Tajikistan,TJK,1997,Delta Cluster,6139829.0,9105132518.0,1482.9619062680736,2.15,0.35,-23.842,0.062,0.63,1.44,0.018,3.148,1.061,2.1499999999999995
Tajikistan,TJK,1998,Delta Cluster,6176403.0,9509161527.0,1539.595380515164,2.497,0.404,16.098,0.048,0.967,1.473,0.009,3.069,0.957,2.497
Tajikistan,TJK,1999,Delta Cluster,6208373.0,9907046803.0,1595.7557322989453,2.519,0.406,0.894,0.033,1.004,1.466,0.016,3.113,0.848,2.519
Tajikistan,TJK,2000,Delta Cluster,6284737.0,10735320878.0,1708.1575375389614,2.236,0.356,-11.213,0.044,0.729,1.436,0.027,3.225,0.844,2.236
Tajikistan,TJK,2001,Delta Cluster,6407376.0,11697951502.0,1825.7008020131798,2.287,0.357,2.277,0.066,0.78,1.407,0.034,3.274,0.873,2.287
Tajikistan,TJK,2002,Delta Cluster,6531674.0,12792791823.0,1958.5778198666987,1.872,0.287,-18.143,0.081,0.769,0.978,0.044,3.38,0.928,1.8719999999999999
Tajikistan,TJK,2003,Delta Cluster,6658575.0,14027448844.0,2106.6743025347014,2.072,0.311,10.644,0.106,0.832,1.052,0.082,3.516,0.922,2.072
Tajikistan,TJK,2004,Delta Cluster,6790555.0,15391086914.0,2266.5432963874086,2.562,0.377,23.643,0.161,1.077,1.227,0.096,3.722,0.983,2.561
Tajikistan,TJK,2005,Delta Cluster,6924722.0,16469329106.0,2378.337947140694,2.441,0.352,-4.723,0.169,0.917,1.229,0.125,3.955,1.012,2.4400000000000004
Tajikistan,TJK,2006,Delta Cluster,7057566.0,17531184155.0,2484.026951359718,2.656,0.376,8.839,0.176,1.11,1.231,0.139,4.156,1.14,2.6560000000000006
Tajikistan,TJK,2007,Delta Cluster,7194479.0,18731098417.0,2603.5378540961756,3.229,0.449,21.555,0.311,1.524,1.238,0.155,4.36,1.169,3.2279999999999998
Tajikistan,TJK,2008,Delta Cluster,7338402.0,20202934540.0,2753.042765986382,2.897,0.395,-10.275,0.341,1.473,0.989,0.094,4.89,1.329,2.897
Tajikistan,TJK,2009,Delta Cluster,7490232.0,20969201626.0,2799.539670600323,2.445,0.326,-15.604,0.308,1.598,0.443,0.096,5.169,1.427,2.4450000000000003
Tajikistan,TJK,2010,Delta Cluster,7652144.0,22275913223.0,2911.068221272365,2.535,0.331,3.674,0.338,1.688,0.367,0.142,5.26,1.451,2.5349999999999997
Tajikistan,TJK,2011,Delta Cluster,7824788.0,23719353153.0,3031.309366209027,2.342,0.299,-7.588,0.367,1.457,0.371,0.148,5.439,1.473,2.3430000000000004
Tajikistan,TJK,2012,Delta Cluster,8014087.0,25498307279.0,3181.6858587884058,2.934,0.366,25.274,0.703,1.836,0.271,0.124,5.814,1.587,2.934
Tajikistan,TJK,2013,Delta Cluster,8216733.0,27385180748.0,3332.8551320823008,2.908,0.354,-0.893,0.876,1.836,0.007,0.19,6.049,1.672,2.9090000000000003
Tajikistan,TJK,2014,Delta Cluster,8425559.0,29219994834.0,3468.018541440396,4.606,0.547,58.383,1.479,2.552,0.007,0.568,6.332,1.738,4.606
Tajikistan,TJK,2015,Delta Cluster,8643839.0,30973186706.0,3583.2674238842255,5.307,0.614,15.204,1.757,2.841,0.007,0.7,6.646,1.82,5.305
Tajikistan,TJK,2016,Delta Cluster,8865623.0,33110336724.0,3734.688100768553,6.016,0.679,13.367,2.241,2.779,0.007,0.988,6.957,1.832,6.014999999999999
Tajikistan,TJK,2017,Delta Cluster,9085942.0,35461181351.0,3902.8623945651425,6.879,0.757,14.355,2.962,2.372,0.004,1.542,7.218,1.867,6.879999999999999
Tajikistan,TJK,2018,Delta Cluster,9307345.0,38156222428.0,4099.581827900438,8.081,0.868,17.463,3.142,2.93,0.11,1.899,7.328,1.884,8.081
Tajikistan,TJK,2019,Delta Cluster,9529970.0,40979787244.0,4300.096143429622,8.714,0.914,7.837,3.424,2.936,0.279,2.076,7.491,2.284,8.715
Tajikistan,TJK,2020,Delta Cluster,9749312.0,42778793597.0,4387.878200738678,9.423,0.967,8.138,3.526,3.358,0.444,2.096,7.64,2.345,9.424
Tajikistan,TJK,2021,Delta Cluster,9966912.0,46800009054.0,4695.5374998796015,9.384,0.942,-0.414,3.67,3.135,0.465,2.114,7.684,2.424,9.384
Tajikistan,TJK,2022,Delta Cluster,10182228.0,50544013546.0,4963.944388791922,10.521,1.033,12.112,4.192,3.706,0.473,2.15,7.876,2.473,10.521
Tajikistan,TJK,2023,Delta Cluster,10389807.0,,,10.264,0.988,-2.439,3.859,3.808,0.447,2.15,7.981,2.519,10.264
Tajikistan,TJK,2024,Delta Cluster,10590930.0,,,10.74,1.014,4.632,4.375,3.767,0.448,2.15,8.099,2.588,10.74
Tanzania,TZA,1990,Delta Cluster,26110210.0,22062497802.0,844.9758849890521,2.112,0.081,-2.28,0.011,1.88,,0.222,25.223,13.071,2.113
Tanzania,TZA,1991,Delta Cluster,26780440.0,23131982096.0,863.7640791562798,2.255,0.084,6.768,0.011,2.023,,0.221,25.415,13.076,2.2550000000000003
Tanzania,TZA,1992,Delta Cluster,27457599.0,23907182271.0,870.6945669575844,2.178,0.079,-3.444,0.011,1.946,,0.221,25.437,13.377,2.178
Tanzania,TZA,1993,Delta Cluster,28332691.0,24857214872.0,877.3333557338411,2.426,0.086,11.409,0.264,1.941,,0.221,25.998,13.643,2.426
Tanzania,TZA,1994,Delta Cluster,29442357.0,25964285650.0,881.8684472170486,2.063,0.07,-14.959,0.15,1.784,,0.129,26.854,13.483,2.0629999999999997
Tanzania,TZA,1995,Delta Cluster,30383496.0,27600945651.0,908.4190196875304,2.434,0.08,17.971,0.114,2.077,,0.243,29.191,14.557,2.4339999999999997
Tanzania,TZA,1996,Delta Cluster,30945761.0,29677337167.0,959.0113866322434,2.527,0.082,3.813,0.15,2.081,,0.295,28.089,13.84,2.526
Tanzania,TZA,1997,Delta Cluster,31578093.0,31560772974.0,999.4515176708106,2.824,0.089,11.78,0.073,2.499,,0.252,27.882,13.676,2.824
Tanzania,TZA,1998,Delta Cluster,32420461.0,33614871213.0,1036.8412470445746,2.481,0.077,-12.159,0.121,2.045,,0.316,30.756,15.193,2.4819999999999998
Tanzania,TZA,1999,Delta Cluster,33300335.0,36215287065.0,1087.5352174385032,2.459,0.074,-0.894,0.198,1.924,0.0,0.337,31.977,15.571,2.459
Tanzania,TZA,2000,Delta Cluster,34260142.0,39001698887.0,1138.398634979388,2.572,0.075,4.599,0.209,2.026,0.0,0.337,31.226,14.549,2.572
Tanzania,TZA,2001,Delta Cluster,35198303.0,42445346863.0,1205.8918540192121,3.041,0.086,18.236,0.205,2.473,0.0,0.362,31.889,14.603,3.04
Tanzania,TZA,2002,Delta Cluster,36121301.0,46583070535.0,1289.6288130651772,3.486,0.096,14.628,0.209,2.865,0.0,0.412,34.656,16.139,3.486
Tanzania,TZA,2003,Delta Cluster,37089555.0,50824600990.0,1370.3211319197549,3.687,0.099,5.784,0.147,3.067,0.0,0.474,37.48,18.192,3.6879999999999997
Tanzania,TZA,2004,Delta Cluster,38109666.0,55891196644.0,1466.5884671883505,4.221,0.111,14.484,0.172,3.294,0.245,0.51,36.868,17.472,4.221
Tanzania,TZA,2005,Delta Cluster,39182083.0,61018758994.0,1557.3127899810738,5.356,0.137,26.877,0.081,4.056,0.678,0.541,38.752,18.644,5.356000000000001
Tanzania,TZA,2006,Delta Cluster,40294900.0,65508013137.0,1625.7147464567477,5.876,0.146,9.717,0.048,4.346,0.945,0.538,37.584,16.921,5.877000000000001
Tanzania,TZA,2007,Delta Cluster,41435508.0,72909539423.0,1759.5908181697687,5.706,0.138,-2.895,0.073,3.984,1.018,0.631,38.839,18.364,5.706
Tanzania,TZA,2008,Delta Cluster,42570728.0,78993514738.0,1855.582895786983,5.989,0.141,4.951,0.278,3.984,1.051,0.675,40.735,18.48,5.988
Tanzania,TZA,2009,Delta Cluster,43633975.0,85446168824.0,1958.248562593713,5.807,0.133,-3.025,0.216,3.602,1.242,0.747,41.23,19.089,5.807
Tanzania,TZA,2010,Delta Cluster,44758491.0,93371216148.0,2086.111798273092,7.194,0.161,23.877,0.264,4.567,1.472,0.892,43.438,19.686,7.195000000000001
Tanzania,TZA,2011,Delta Cluster,46029371.0,103624510902.0,2251.2693232762185,8.44,0.183,17.323,0.461,5.431,1.626,0.921,45.354,19.987,8.439
Tanzania,TZA,2012,Delta Cluster,47374261.0,108951852558.0,2299.8111265102375,10.367,0.219,22.833,0.268,7.252,1.859,0.987,45.986,21.234,10.366
Tanzania,TZA,2013,Delta Cluster,48824134.0,116340969671.0,2382.8578233666162,11.251,0.23,8.526,0.168,8.296,1.868,0.913,48.186,21.917,11.245
Tanzania,TZA,2014,Delta Cluster,50351506.0,124173043529.0,2466.1237248593916,10.997,0.218,-2.258,0.663,7.445,1.799,1.088,49.356,21.989,10.995000000000001
Tanzania,TZA,2015,Delta Cluster,52020958.0,131823350494.0,2534.043115738084,12.783,0.246,16.233,0.916,8.678,1.974,1.215,51.612,22.896,12.783000000000001
Tanzania,TZA,2016,Delta Cluster,53824012.0,140875654933.0,2617.3384275590606,13.529,0.251,5.842,0.894,8.493,2.565,1.577,52.508,23.11,13.529
Tanzania,TZA,2017,Delta Cluster,55652888.0,150417154803.0,2702.773570403031,13.513,0.243,-0.118,1.198,7.977,2.711,1.627,51.846,22.41,13.513000000000002
Tanzania,TZA,2018,Delta Cluster,57437134.0,160884699826.0,2801.057236351661,14.233,0.248,5.325,1.172,8.189,3.144,1.728,52.309,22.509,14.233
Tanzania,TZA,2019,Delta Cluster,59174889.0,172128919031.0,2908.8169313000317,16.191,0.274,13.755,1.385,8.893,3.389,2.524,54.728,23.511,16.191
Tanzania,TZA,2020,Delta Cluster,60972803.0,180418650860.0,2959.0020793369135,15.952,0.262,-1.473,1.231,9.169,3.034,2.517,57.361,24.602,15.951
Tanzania,TZA,2021,Delta Cluster,62830410.0,189343959556.0,3013.571924104904,17.678,0.281,10.815,1.469,10.23,3.448,2.531,58.562,24.675,17.678
Tanzania,TZA,2022,Delta Cluster,64711822.0,198220407805.0,3063.125124262457,19.702,0.304,11.453,1.711,10.847,4.2,2.944,58.696,25.162,19.701999999999998
Tanzania,TZA,2023,Delta Cluster,66617607.0,,,20.31,0.305,3.082,1.978,11.06,4.327,2.944,60.689,25.66,20.309
Tanzania,TZA,2024,Delta Cluster,68560162.0,,,20.018,0.292,-1.434,2.02,11.255,3.8,2.944,61.985,26.18,20.019
Thailand,THA,1990,Delta Cluster,54738329.0,407627796816.0,7446.843998763645,86.563,1.581,20.737,16.594,53.221,10.28,6.468,82.828,15.133,86.563
Thailand,THA,1991,Delta Cluster,55637436.0,437871480572.0,7870.087337813338,95.045,1.708,9.798,19.425,56.495,13.129,5.995,86.944,15.719,95.04400000000001
Thailand,THA,1992,Delta Cluster,56528832.0,473484188457.0,8375.976854731405,105.513,1.867,11.014,20.79,62.417,14.074,8.232,87.181,16.495,105.51299999999999
Thailand,THA,1993,Delta Cluster,57408198.0,509703199590.0,8878.578623735933,121.855,2.123,15.488,23.109,70.672,16.01,12.064,85.665,17.606,121.85500000000002
Thailand,THA,1994,Delta Cluster,58260855.0,545365114818.0,9360.746848256862,136.87,2.349,12.322,26.664,78.419,18.252,13.357,85.307,17.768,136.692
Thailand,THA,1995,Delta Cluster,59098231.0,584005907369.0,9881.95242881297,153.65,2.6,12.26,30.339,88.777,18.956,15.337,83.455,17.338,153.409
Thailand,THA,1996,Delta Cluster,59920059.0,611290639859.0,10201.76965878822,173.566,2.897,12.962,36.777,96.915,22.27,17.355,82.604,17.811,173.317
Thailand,THA,1997,Delta Cluster,60724588.0,589240402273.0,9703.489503675184,181.203,2.984,4.4,38.024,95.44,28.148,19.34,84.684,17.631,180.952
Thailand,THA,1998,Delta Cluster,61522632.0,539314649597.0,8766.117964475252,159.704,2.596,-11.864,30.637,85.415,30.146,13.279,81.309,17.372,159.477
Thailand,THA,1999,Delta Cluster,62299039.0,558464047703.0,8964.24819174177,167.235,2.684,4.715,32.373,84.654,33.856,16.077,83.149,18.095,166.95999999999998
Thailand,THA,2000,Delta Cluster,63007815.0,579217712636.0,9192.79160269246,167.352,2.656,0.07,33.1,79.347,39.32,15.299,82.667,17.217,167.066
Thailand,THA,2001,Delta Cluster,63651137.0,596448007832.0,9370.57900210015,172.267,2.706,2.937,36.81,75.165,42.534,17.47,84.285,17.698,171.979
Thailand,THA,2002,Delta Cluster,64266433.0,630177413705.0,9805.700803481655,184.665,2.873,7.197,39.244,78.938,46.469,19.739,83.555,18.56,184.39000000000001
Thailand,THA,2003,Delta Cluster,64868164.0,672602585235.0,10368.762483165085,191.088,2.946,3.478,39.903,83.86,49.47,17.49,87.695,20.176,190.723
Thailand,THA,2004,Delta Cluster,65452049.0,712165919937.0,10880.727659679531,207.331,3.168,8.5,44.763,91.753,52.102,18.26,89.596,20.47,206.878
Thailand,THA,2005,Delta Cluster,66017415.0,739238460898.0,11197.628094011254,214.325,3.246,3.374,48.333,90.839,54.462,20.236,92.053,19.792,213.87
Thailand,THA,2006,Delta Cluster,66567685.0,773067090714.0,11613.24884159634,215.825,3.242,0.7,51.313,87.308,55.579,21.226,93.174,19.97,215.42600000000002
Thailand,THA,2007,Delta Cluster,67102388.0,811667437725.0,12095.954583985893,224.083,3.339,3.826,57.803,84.633,59.253,22.01,97.886,22.443,223.69899999999996
Thailand,THA,2008,Delta Cluster,67619835.0,822020817321.0,12156.504335170295,224.249,3.316,0.074,62.251,78.484,63.7,19.441,98.921,21.742,223.876
Thailand,THA,2009,Delta Cluster,68121077.0,812859746470.0,11932.573327782236,228.836,3.359,2.046,62.403,79.822,67.513,18.68,101.885,23.68,228.418
Thailand,THA,2010,Delta Cluster,68579443.0,870109340511.0,12687.611658073689,241.019,3.514,5.324,64.008,80.785,77.345,18.486,107.371,24.737,240.624
Thailand,THA,2011,Delta Cluster,69007212.0,873642799890.0,12660.166590848505,244.878,3.549,1.601,65.35,84.609,76.017,18.206,106.081,24.61,244.182
Thailand,THA,2012,Delta Cluster,69436091.0,936920832597.0,13493.283091022506,262.348,3.778,7.134,68.155,90.833,83.615,18.746,106.888,24.787,261.349
Thailand,THA,2013,Delta Cluster,69845112.0,962095812070.0,13774.704979641238,263.754,3.776,0.536,67.149,91.381,85.504,18.914,105.641,25.028,262.948
Thailand,THA,2014,Delta Cluster,70216362.0,971562808709.0,13836.701034283149,272.488,3.881,3.311,73.794,91.137,87.093,19.722,100.16,23.905,271.746
Thailand,THA,2015,Delta Cluster,70540787.0,1002011619070.0,14204.712786518812,277.099,3.928,1.692,72.142,95.218,88.912,20.024,96.053,21.845,276.29600000000005
Thailand,THA,2016,Delta Cluster,70859835.0,1036430730493.0,14626.490881512778,284.045,4.009,2.507,73.6,98.924,87.759,23.053,97.366,23.263,283.336
Thailand,THA,2017,Delta Cluster,71160183.0,1079732734924.0,15173.270913651248,283.348,3.982,-0.246,73.824,101.146,85.289,22.388,96.405,24.498,282.647
Thailand,THA,2018,Delta Cluster,71376081.0,1125329902301.0,15766.20467998236,288.305,4.039,1.75,78.564,102.33,84.332,22.466,93.232,22.803,287.692
Thailand,THA,2019,Delta Cluster,71522264.0,1149130685920.0,16066.754904738475,281.877,3.941,-2.229,70.06,103.652,85.27,22.304,89.534,21.914,281.28599999999994
Thailand,THA,2020,Delta Cluster,71641484.0,1078332670656.0,15051.791370709183,271.923,3.796,-3.531,74.799,96.312,78.28,21.926,92.627,22.769,271.317
Thailand,THA,2021,Delta Cluster,71727338.0,1095187026392.0,15268.75326659969,267.142,3.724,-1.758,76.648,90.92,77.923,21.151,93.565,21.955,266.642
Thailand,THA,2022,Delta Cluster,71735321.0,1124143758569.0,15670.714829156477,272.573,3.8,2.033,69.809,105.828,75.532,20.995,94.947,20.634,272.164
Thailand,THA,2023,Delta Cluster,71702436.0,,,264.734,3.692,-2.876,59.327,104.343,81.421,19.248,93.381,20.493,264.339
Thailand,THA,2024,Delta Cluster,71668010.0,,,267.76,3.736,1.143,60.216,105.336,84.088,17.724,95.815,20.06,267.364
Togo,TGO,1990,Delta Cluster,3998758.0,4744275000.0,1186.4371387315762,0.978,0.244,-4.544,,0.575,,0.402,2.319,1.028,0.977
Togo,TGO,1991,Delta Cluster,4115567.0,4804300007.0,1167.3482674440727,1.05,0.255,7.381,,0.649,,0.401,2.289,0.977,1.05
Togo,TGO,1992,Delta Cluster,4233619.0,4695574340.0,1109.1159454830488,1.03,0.243,-1.839,,0.66,,0.371,2.254,0.916,1.0310000000000001
Togo,TGO,1993,Delta Cluster,4207462.0,3965510675.0,942.4947093996333,1.069,0.254,3.718,,0.689,,0.38,2.296,0.905,1.069
Togo,TGO,1994,Delta Cluster,4222942.0,4562486354.0,1080.4046927473785,1.007,0.238,-5.813,,0.689,,0.318,2.368,0.924,1.007
Togo,TGO,1995,Delta Cluster,4410834.0,4920021949.0,1115.4402883899054,1.175,0.266,16.695,,0.777,,0.398,2.375,0.877,1.175
Togo,TGO,1996,Delta Cluster,4577864.0,5351687437.0,1169.0359165322518,1.265,0.276,7.698,,0.854,,0.411,2.556,0.955,1.265
Togo,TGO,1997,Delta Cluster,4725037.0,5606767164.0,1186.6080972487623,0.879,0.186,-30.524,,0.777,,0.102,2.834,1.021,0.879
Togo,TGO,1998,Delta Cluster,4860915.0,5539430872.0,1139.5860392539264,1.29,0.265,46.756,,0.916,,0.374,3.132,1.222,1.29
Togo,TGO,1999,Delta Cluster,5000270.0,5739978782.0,1147.9337679765292,1.85,0.37,43.448,,1.235,,0.616,3.096,1.09,1.851
Togo,TGO,2000,Delta Cluster,5140046.0,5742626906.0,1117.2325901363529,1.331,0.259,-28.051,,1.011,,0.32,3.217,1.158,1.331
Togo,TGO,2001,Delta Cluster,5277386.0,5728350754.0,1085.4522966483785,1.159,0.22,-12.953,,0.762,,0.397,3.084,1.022,1.159
Togo,TGO,2002,Delta Cluster,5413279.0,5709447507.0,1054.7114802322214,1.322,0.244,14.113,,0.832,,0.491,3.267,1.118,1.323
Togo,TGO,2003,Delta Cluster,5552169.0,6045966479.0,1088.9377609002895,1.805,0.325,36.467,,1.063,,0.742,3.376,1.183,1.805
Togo,TGO,2004,Delta Cluster,5696513.0,6257433355.0,1098.4673176380006,1.744,0.306,-3.369,,0.997,,0.747,3.33,1.071,1.744
Togo,TGO,2005,Delta Cluster,5844637.0,6399681696.0,1094.9664959517588,1.722,0.295,-1.281,,0.938,,0.784,3.846,1.522,1.722
Togo,TGO,2006,Delta Cluster,6010673.0,6714729819.0,1117.1344405193895,1.501,0.25,-12.842,,0.821,,0.68,3.691,1.303,1.501
Togo,TGO,2007,Delta Cluster,6188350.0,6923652593.0,1118.8204598964182,1.517,0.245,1.083,,0.912,,0.604,3.593,1.146,1.516
Togo,TGO,2008,Delta Cluster,6368820.0,7155226201.0,1123.477536027082,1.523,0.239,0.397,,1.052,,0.471,3.77,1.265,1.5230000000000001
Togo,TGO,2009,Delta Cluster,6551868.0,7467517725.0,1139.7539945859714,2.536,0.387,66.515,,1.99,,0.546,4.004,1.374,2.536
Togo,TGO,2010,Delta Cluster,6732596.0,7846071439.0,1165.3857500138133,2.596,0.386,2.368,,2.045,,0.551,4.026,1.366,2.596
Togo,TGO,2011,Delta Cluster,6916478.0,8309244000.0,1201.3692518070613,2.504,0.362,-3.536,,1.865,0.015,0.624,4.361,1.662,2.504
Togo,TGO,2012,Delta Cluster,7100743.0,8791743000.0,1238.144092808316,2.216,0.312,-11.514,,1.576,0.033,0.607,4.368,1.467,2.216
Togo,TGO,2013,Delta Cluster,7285448.0,9242968000.0,1268.68903600712,1.635,0.224,-26.196,,1.129,0.033,0.474,4.603,1.646,1.636
Togo,TGO,2014,Delta Cluster,7472457.0,9806234000.0,1312.3172204269626,1.491,0.199,-8.844,,1.055,0.0,0.435,4.474,1.449,1.49
Togo,TGO,2015,Delta Cluster,7663199.0,10346240000.0,1350.12023046772,1.798,0.235,20.647,,0.936,0.048,0.814,4.79,1.692,1.798
Togo,TGO,2016,Delta Cluster,7858297.0,10960546310.0,1394.7737416898344,2.293,0.292,27.485,,1.466,0.007,0.82,4.817,1.687,2.2929999999999997
Togo,TGO,2017,Delta Cluster,8057138.0,11420230383.0,1417.4053346237833,1.912,0.237,-16.603,,1.075,0.073,0.764,4.903,1.67,1.912
Togo,TGO,2018,Delta Cluster,8258782.0,11989462252.0,1451.7228148170034,2.034,0.246,6.373,,1.359,0.055,0.62,5.07,1.778,2.034
Togo,TGO,2019,Delta Cluster,8463070.0,12579682405.0,1486.420696626638,2.364,0.279,16.219,,1.319,0.125,0.92,5.254,1.715,2.364
Togo,TGO,2020,Delta Cluster,8669721.0,12720130961.0,1467.1903468404578,2.751,0.317,16.397,,1.748,0.139,0.864,5.652,1.92,2.751
Togo,TGO,2021,Delta Cluster,8878382.0,13482266787.0,1518.5499775747428,2.62,0.295,-4.765,,1.414,0.286,0.92,5.731,1.885,2.62
Togo,TGO,2022,Delta Cluster,9089742.0,14265660408.0,1569.4241275494949,2.739,0.301,4.522,,1.46,0.33,0.948,5.998,2.199,2.738
Togo,TGO,2023,Delta Cluster,9304346.0,,,2.671,0.287,-2.47,,1.397,0.327,0.948,6.099,2.258,2.6719999999999997
Togo,TGO,2024,Delta Cluster,9515238.0,,,2.754,0.289,3.091,,1.451,0.355,0.948,6.358,2.405,2.754
Tonga,TON,1990,Delta Cluster,99717.0,,,0.081,0.808,15.789,,0.081,,0.0,0.092,0.02,0.081
Tonga,TON,1991,Delta Cluster,99911.0,,,0.088,0.88,9.091,,0.088,,0.0,0.093,0.02,0.088
Tonga,TON,1992,Delta Cluster,100045.0,,,0.073,0.732,-16.667,,0.073,,0.0,0.095,0.021,0.073
Tonga,TON,1993,Delta Cluster,100120.0,,,0.084,0.842,15.0,,0.084,,0.0,0.095,0.021,0.084
Tonga,TON,1994,Delta Cluster,100187.0,,,0.088,0.878,4.348,,0.088,,0.0,0.094,0.022,0.088
Tonga,TON,1995,Delta Cluster,100240.0,,,0.095,0.95,8.333,,0.095,,0.0,0.09,0.02,0.095
Tonga,TON,1996,Delta Cluster,100294.0,,,0.077,0.767,-19.231,,0.077,,0.0,0.09,0.021,0.077
Tonga,TON,1997,Delta Cluster,100691.0,,,0.095,0.946,23.81,,0.095,,0.0,0.09,0.021,0.095
Tonga,TON,1998,Delta Cluster,101406.0,,,0.092,0.903,-3.846,,0.092,,0.0,0.09,0.022,0.092
Tonga,TON,1999,Delta Cluster,102058.0,,,0.11,1.077,20.0,,0.11,,0.0,0.092,0.022,0.11
Tonga,TON,2000,Delta Cluster,102695.0,,,0.099,0.963,-10.0,,0.099,,0.0,0.094,0.021,0.099
Tonga,TON,2001,Delta Cluster,103305.0,,,0.092,0.887,-7.407,,0.092,,0.0,0.094,0.02,0.092
Tonga,TON,2002,Delta Cluster,103888.0,,,0.095,0.917,4.0,,0.095,,0.0,0.094,0.021,0.095
Tonga,TON,2003,Delta Cluster,104481.0,,,0.117,1.122,23.077,,0.117,,0.0,0.095,0.021,0.117
Tonga,TON,2004,Delta Cluster,105088.0,,,0.114,1.081,-3.125,,0.114,,0.0,0.095,0.021,0.114
Tonga,TON,2005,Delta Cluster,105684.0,,,0.114,1.075,0.0,,0.114,,0.0,0.095,0.021,0.114
Tonga,TON,2006,Delta Cluster,106266.0,,,0.128,1.207,12.903,,0.128,,0.0,0.095,0.021,0.128
Tonga,TON,2007,Delta Cluster,106744.0,,,0.114,1.064,-11.429,,0.114,,0.0,0.096,0.021,0.114
Tonga,TON,2008,Delta Cluster,107036.0,,,0.106,0.993,-6.452,,0.106,,0.0,0.096,0.022,0.106
Tonga,TON,2009,Delta Cluster,107219.0,,,0.121,1.128,13.793,,0.121,,0.0,0.096,0.022,0.121
Tonga,TON,2010,Delta Cluster,107415.0,,,0.117,1.092,-3.03,,0.117,,0.0,0.097,0.021,0.117
Tonga,TON,2011,Delta Cluster,107584.0,,,0.106,0.988,-9.375,,0.106,,0.0,0.097,0.021,0.106
Tonga,TON,2012,Delta Cluster,107476.0,,,0.106,0.989,0.0,,0.106,,0.0,0.098,0.022,0.106
Tonga,TON,2013,Delta Cluster,107093.0,,,0.11,1.026,3.448,,0.11,,0.0,0.098,0.022,0.11
Tonga,TON,2014,Delta Cluster,106627.0,,,0.106,0.997,-3.333,,0.106,,0.0,0.099,0.022,0.106
Tonga,TON,2015,Delta Cluster,106110.0,,,0.106,1.001,0.0,,0.106,,0.0,0.1,0.022,0.106
Tonga,TON,2016,Delta Cluster,105536.0,,,0.139,1.319,31.034,,0.139,,0.0,0.1,0.023,0.139
Tonga,TON,2017,Delta Cluster,105373.0,,,0.143,1.356,2.632,,0.143,,0.0,0.101,0.024,0.143
Tonga,TON,2018,Delta Cluster,105590.0,,,0.132,1.249,-7.692,,0.132,,0.0,0.101,0.023,0.132
Tonga,TON,2019,Delta Cluster,105688.0,,,0.161,1.525,22.222,,0.161,,0.0,0.102,0.024,0.161
Tonga,TON,2020,Delta Cluster,105721.0,,,0.139,1.317,-13.636,,0.139,,0.0,0.103,0.024,0.139
Tonga,TON,2021,Delta Cluster,105504.0,,,0.139,1.32,0.0,,0.139,,0.0,0.103,0.024,0.139
Tonga,TON,2022,Delta Cluster,105053.0,,,0.147,1.395,5.263,,0.147,,0.0,0.104,0.024,0.147
Tonga,TON,2023,Delta Cluster,104613.0,,,0.146,1.394,-0.472,,0.146,,0.0,0.104,0.024,0.146
Tonga,TON,2024,Delta Cluster,104192.0,,,0.153,1.464,4.574,,0.153,,0.0,0.104,0.025,0.153
Trinidad and Tobago,TTO,1990,Delta Cluster,1252215.0,17710560000.0,14143.385920149494,16.978,13.559,5.438,,3.554,10.75,0.186,3.177,1.11,14.49
Trinidad and Tobago,TTO,1991,Delta Cluster,1262174.0,17744930735.0,14059.02097095963,16.964,13.441,-0.083,,3.196,10.848,0.205,3.142,1.12,14.249
Trinidad and Tobago,TTO,1992,Delta Cluster,1271681.0,18033685367.0,14180.981997057439,19.098,15.018,12.579,,4.855,11.109,0.203,3.047,1.13,16.167
Trinidad and Tobago,TTO,1993,Delta Cluster,1280474.0,17565341385.0,13717.843068270031,17.405,13.593,-8.864,,3.609,11.018,0.221,3.193,1.116,14.848
Trinidad and Tobago,TTO,1994,Delta Cluster,1288353.0,17136543834.0,13301.12464052942,15.342,11.908,-11.855,,2.909,11.697,0.243,3.569,1.123,14.848999999999998
Trinidad and Tobago,TTO,1995,Delta Cluster,1295167.0,18276117548.0,14111.012362112377,14.725,11.369,-4.024,,2.755,11.516,0.232,3.464,1.138,14.503
Trinidad and Tobago,TTO,1996,Delta Cluster,1300937.0,19382659994.0,14898.999716358287,18.449,14.181,25.291,,4.551,13.198,0.255,3.455,1.168,18.004
Trinidad and Tobago,TTO,1997,Delta Cluster,1305838.0,20630081772.0,15798.34694043212,18.9,14.473,2.446,,4.514,13.81,0.268,3.31,1.177,18.592000000000002
Trinidad and Tobago,TTO,1998,Delta Cluster,1310226.0,22081300091.0,16853.046795743634,19.892,15.182,5.25,,3.232,16.224,0.282,3.997,1.187,19.738
Trinidad and Tobago,TTO,1999,Delta Cluster,1314711.0,23618240997.0,17964.587652343365,22.58,17.175,13.513,,3.902,18.269,0.28,4.03,1.2,22.451
Trinidad and Tobago,TTO,2000,Delta Cluster,1319781.0,24996996038.0,18940.260572019146,24.35,18.45,7.837,,4.272,19.602,0.3,4.151,1.215,24.174000000000003
Trinidad and Tobago,TTO,2001,Delta Cluster,1325573.0,25814786793.0,19474.436181937923,26.74,20.172,9.814,,3.727,22.548,0.278,4.324,1.202,26.552999999999997
Trinidad and Tobago,TTO,2002,Delta Cluster,1332017.0,27665233734.0,20769.429920188708,28.683,21.533,7.266,,3.613,24.666,0.293,4.545,1.248,28.572
Trinidad and Tobago,TTO,2003,Delta Cluster,1338718.0,31435997895.0,23482.165695090378,32.37,24.18,12.856,,4.477,27.454,0.298,4.896,1.25,32.229
Trinidad and Tobago,TTO,2004,Delta Cluster,1345386.0,33689560531.0,25040.81396045447,32.688,24.297,0.984,,2.568,29.69,0.295,5.203,1.276,32.553000000000004
Trinidad and Tobago,TTO,2005,Delta Cluster,1352040.0,35495977662.0,26253.644612585427,38.205,28.257,16.876,,4.019,33.643,0.26,6.018,1.296,37.922
Trinidad and Tobago,TTO,2006,Delta Cluster,1358706.0,39852731106.0,29331.386706174846,42.708,31.433,11.786,,4.001,38.054,0.34,6.647,1.312,42.395
Trinidad and Tobago,TTO,2007,Delta Cluster,1365381.0,41413662308.0,30331.213271606972,45.564,33.371,6.687,,4.965,39.908,0.343,6.573,1.324,45.21600000000001
Trinidad and Tobago,TTO,2008,Delta Cluster,1372090.0,42494149374.0,30970.38049544855,44.443,32.39,-2.461,,5.016,38.699,0.358,6.318,1.331,44.07299999999999
Trinidad and Tobago,TTO,2009,Delta Cluster,1379056.0,40299152132.0,29222.273883004025,44.417,32.209,-0.056,,4.788,39.085,0.323,6.39,1.344,44.196000000000005
Trinidad and Tobago,TTO,2010,Delta Cluster,1386657.0,41285434067.0,29773.35712220109,47.092,33.961,6.022,,4.639,42.008,0.292,6.502,1.363,46.93900000000001
Trinidad and Tobago,TTO,2011,Delta Cluster,1394990.0,40819362692.0,29261.401653058445,47.043,33.723,-0.104,,4.906,41.448,0.303,6.398,1.462,46.657
Trinidad and Tobago,TTO,2012,Delta Cluster,1403814.0,42669299120.0,30395.265412654382,46.159,32.881,-1.88,,4.723,40.579,0.237,6.037,1.416,45.539
Trinidad and Tobago,TTO,2013,Delta Cluster,1412658.0,44309506041.0,31366.053242186008,45.799,32.421,-0.779,,3.855,41.07,0.287,5.96,1.125,45.211999999999996
Trinidad and Tobago,TTO,2014,Delta Cluster,1421135.0,45781910542.0,32215.032732287924,46.866,32.978,2.329,,4.76,41.301,0.299,5.895,1.325,46.36
Trinidad and Tobago,TTO,2015,Delta Cluster,1429190.0,45435797433.0,31791.29257341571,45.534,31.86,-2.842,,5.133,39.663,0.3,5.854,1.429,45.096
Trinidad and Tobago,TTO,2016,Delta Cluster,1437031.0,42362516644.0,29479.194703524143,39.867,27.743,-12.444,,4.056,35.201,0.257,5.463,1.314,39.513999999999996
Trinidad and Tobago,TTO,2017,Delta Cluster,1445265.0,40368511597.0,27931.563828778806,40.297,27.882,1.077,,5.108,34.58,0.239,5.557,1.352,39.92699999999999
Trinidad and Tobago,TTO,2018,Delta Cluster,1470522.0,40016907555.0,27212.722798434843,40.307,27.41,0.026,,3.931,35.775,0.237,5.562,1.359,39.943
Trinidad and Tobago,TTO,2019,Delta Cluster,1484898.0,40060922958.0,26978.905593515516,40.755,27.446,1.109,,3.748,36.416,0.242,5.598,1.335,40.40599999999999
Trinidad and Tobago,TTO,2020,Delta Cluster,1481026.0,36985045051.0,24972.583230139106,35.043,23.661,-14.014,,3.44,31.001,0.225,5.418,1.327,34.666000000000004
Trinidad and Tobago,TTO,2021,Delta Cluster,1487715.0,36605213818.0,24604.99075293319,36.389,24.46,3.84,,3.144,32.709,0.258,5.297,1.327,36.111000000000004
Trinidad and Tobago,TTO,2022,Delta Cluster,1495923.0,37513383973.0,25077.082157972036,37.493,25.063,3.034,,4.163,32.779,0.252,5.311,1.329,37.19400000000001
Trinidad and Tobago,TTO,2023,Delta Cluster,1502938.0,,,35.536,23.644,-5.22,,4.247,30.765,0.252,5.281,1.334,35.264
Trinidad and Tobago,TTO,2024,Delta Cluster,1507778.0,,,34.576,22.932,-2.7,,4.333,29.813,0.252,5.159,1.331,34.398
Tunisia,TUN,1990,Delta Cluster,8324509.0,43649701957.0,5243.51669954348,14.622,1.757,2.447,0.264,9.023,2.5,2.762,6.616,2.256,14.549
Tunisia,TUN,1991,Delta Cluster,8501826.0,45587109207.0,5362.037426665754,16.755,1.971,14.59,0.271,11.714,1.876,2.81,7.077,2.507,16.671
Tunisia,TUN,1992,Delta Cluster,8682509.0,49384845105.0,5687.854179592558,15.843,1.825,-5.442,0.278,10.149,2.583,2.745,7.259,2.452,15.754999999999999
Tunisia,TUN,1993,Delta Cluster,8857916.0,50757975923.0,5730.239022700148,17.18,1.939,8.435,0.289,11.385,2.487,2.963,7.206,2.442,17.124
Tunisia,TUN,1994,Delta Cluster,9018447.0,52754322601.0,5849.601666561882,16.761,1.858,-2.441,0.264,9.639,3.427,3.006,7.048,2.143,16.336
Tunisia,TUN,1995,Delta Cluster,9161263.0,54252486853.0,5921.9440434141015,16.623,1.815,-0.82,0.238,9.321,3.752,2.908,7.043,2.247,16.219
Tunisia,TUN,1996,Delta Cluster,9294433.0,58083472037.0,6249.275457362488,17.211,1.852,3.537,0.238,9.639,3.991,2.96,7.328,2.597,16.828
Tunisia,TUN,1997,Delta Cluster,9421273.0,61515605479.0,6529.436677930891,17.81,1.89,3.478,0.26,9.999,4.298,2.89,7.304,2.411,17.447
Tunisia,TUN,1998,Delta Cluster,9541669.0,64700491559.0,6780.8358851056355,18.292,1.917,2.709,0.209,9.983,4.808,2.889,7.688,2.59,17.889
Tunisia,TUN,1999,Delta Cluster,9655966.0,68718201843.0,7116.657395334656,18.709,1.938,2.28,0.297,10.303,5.027,2.602,8.16,2.708,18.229000000000003
Tunisia,TUN,2000,Delta Cluster,9764940.0,71818861344.0,7354.7672944227,19.436,1.99,3.885,0.279,10.562,5.336,2.837,8.125,2.772,19.014
Tunisia,TUN,2001,Delta Cluster,9869679.0,75444595962.0,7644.077984907108,20.261,2.053,4.242,0.256,10.849,5.914,2.825,8.201,2.744,19.843999999999998
Tunisia,TUN,2002,Delta Cluster,9971521.0,76877531228.0,7709.709604783463,20.38,2.044,0.59,0.216,10.981,5.914,2.857,8.243,2.594,19.967999999999996
Tunisia,TUN,2003,Delta Cluster,10071638.0,81240064067.0,8066.221608342158,21.042,2.089,3.246,0.062,11.267,6.243,3.07,8.15,2.704,20.642
Tunisia,TUN,2004,Delta Cluster,10166170.0,86232298416.0,8482.27979819342,22.144,2.178,5.24,,11.659,6.515,3.554,8.364,2.812,21.727999999999998
Tunisia,TUN,2005,Delta Cluster,10255474.0,89804282207.0,8756.716872082168,22.516,2.196,1.679,,11.831,6.709,3.496,8.783,2.887,22.035999999999998
Tunisia,TUN,2006,Delta Cluster,10346408.0,95016289901.0,9183.505029088356,22.915,2.215,1.772,,11.836,6.895,3.608,9.301,2.893,22.339000000000002
Tunisia,TUN,2007,Delta Cluster,10441705.0,101101822575.0,9682.501332397344,24.725,2.368,7.9,,12.225,8.051,3.864,9.382,2.956,24.14
Tunisia,TUN,2008,Delta Cluster,10542637.0,105766317552.0,10032.245021051185,25.453,2.414,2.944,,11.97,8.764,3.921,10.179,2.874,24.655
Tunisia,TUN,2009,Delta Cluster,10650682.0,109299724050.0,10262.227719314125,25.353,2.38,-0.392,,11.554,9.121,3.917,10.073,3.071,24.592
Tunisia,TUN,2010,Delta Cluster,10765984.0,112484995734.0,10448.185296764328,27.9,2.591,10.043,0.055,11.498,11.637,4.053,9.606,3.013,27.243
Tunisia,TUN,2011,Delta Cluster,10886041.0,110760053250.0,10174.502672734743,26.429,2.428,-5.271,0.04,10.768,11.267,3.414,9.211,3.047,25.489
Tunisia,TUN,2012,Delta Cluster,11009649.0,115430801370.0,10484.512391811946,28.194,2.561,6.678,0.0,10.823,12.157,3.992,9.153,3.102,26.972
Tunisia,TUN,2013,Delta Cluster,11141365.0,118235775346.0,10612.324014696584,28.773,2.583,2.054,,11.386,12.123,4.156,9.021,2.919,27.665
Tunisia,TUN,2014,Delta Cluster,11274295.0,121889250523.0,10811.252545990681,29.875,2.65,3.828,,11.852,12.057,4.84,8.845,3.067,28.749
Tunisia,TUN,2015,Delta Cluster,11402270.0,123069138453.0,10793.389250824617,31.381,2.752,5.041,,14.004,11.571,4.896,8.659,3.068,30.471
Tunisia,TUN,2016,Delta Cluster,11528676.0,124443824545.0,10794.285878534534,30.971,2.686,-1.304,,13.679,11.935,4.683,8.528,3.201,30.297
Tunisia,TUN,2017,Delta Cluster,11650504.0,127228891219.0,10920.46242969403,31.677,2.719,2.278,,14.314,12.438,4.397,8.298,3.127,31.149
Tunisia,TUN,2018,Delta Cluster,11765515.0,130568635947.0,11097.57082006185,31.122,2.645,-1.753,,13.74,12.582,4.25,8.263,3.154,30.572000000000003
Tunisia,TUN,2019,Delta Cluster,11875084.0,132642060864.0,11169.778745480875,30.579,2.575,-1.745,,13.066,12.644,4.405,8.17,3.179,30.115000000000002
Tunisia,TUN,2020,Delta Cluster,11974058.0,120945694784.0,10100.643807137063,28.845,2.409,-5.67,,12.463,12.057,3.886,8.176,3.048,28.406
Tunisia,TUN,2021,Delta Cluster,12048625.0,126273349199.0,10480.312002323917,31.527,2.617,9.298,,13.506,12.927,4.583,8.503,3.397,31.016
Tunisia,TUN,2022,Delta Cluster,12119338.0,129457959410.0,10681.93323843266,30.785,2.54,-2.353,,13.408,12.642,4.21,8.299,3.273,30.259999999999998
Tunisia,TUN,2023,Delta Cluster,12200434.0,,,31.738,2.601,3.095,,14.462,12.717,4.21,8.291,3.252,31.389000000000003
Tunisia,TUN,2024,Delta Cluster,12277103.0,,,32.664,2.661,2.917,,15.185,12.948,4.21,8.397,3.341,32.343
Turkey,TUR,1990,Delta Cluster,56015627.0,486761175773.0,8689.738950400395,154.572,2.759,12.063,70.393,61.206,8.902,10.845,36.628,26.81,151.34599999999998
Turkey,TUR,1991,Delta Cluster,57009892.0,498030901697.0,8735.868184016206,161.126,2.826,4.24,75.122,59.922,10.391,12.482,35.179,26.46,157.91699999999997
Turkey,TUR,1992,Delta Cluster,57990121.0,535075772045.0,9227.01596095997,167.234,2.884,3.791,75.2,64.451,11.234,13.775,36.382,28.198,164.66000000000003
Turkey,TUR,1993,Delta Cluster,58999164.0,586262069548.0,9936.786045781937,174.291,2.954,4.22,70.693,74.234,12.483,13.549,35.723,29.316,170.959
Turkey,TUR,1994,Delta Cluster,60033832.0,562010879560.0,9361.569315781808,170.592,2.842,-2.122,68.715,71.561,12.768,14.011,35.099,26.007,167.055
Turkey,TUR,1995,Delta Cluster,61024501.0,610881311777.0,10010.426988612327,184.675,3.026,8.255,71.239,79.154,15.957,14.675,36.662,28.268,181.025
Turkey,TUR,1996,Delta Cluster,61951134.0,662700429389.0,10697.147680767232,203.098,3.278,9.976,82.834,83.31,18.352,15.225,40.721,28.745,199.721
Turkey,TUR,1997,Delta Cluster,62852968.0,722433616413.0,11494.02549157265,215.512,3.429,6.112,90.689,83.012,22.32,15.684,45.33,28.151,211.70499999999998
Turkey,TUR,1998,Delta Cluster,63734385.0,754598720693.0,11839.742718047723,215.586,3.383,0.034,94.199,78.611,23.216,15.879,47.3,29.844,211.905
Turkey,TUR,1999,Delta Cluster,64591916.0,725083487631.0,11225.607359766198,211.238,3.27,-2.017,84.441,79.991,28.197,15.15,50.114,29.961,207.77900000000002
Turkey,TUR,2000,Delta Cluster,65425957.0,785054993224.0,11999.136569358856,232.934,3.56,10.271,98.746,83.478,31.52,15.767,53.463,29.785,229.511
Turkey,TUR,2001,Delta Cluster,66245125.0,732284634333.0,11054.166390855176,216.872,3.274,-6.895,84.738,79.198,34.08,15.666,54.26,27.174,213.68199999999996
Turkey,TUR,2002,Delta Cluster,67048792.0,796073298321.0,11873.04460788794,224.32,3.346,3.434,87.46,81.248,36.118,16.109,48.641,27.751,220.935
Turkey,TUR,2003,Delta Cluster,67831735.0,848549642280.0,12509.62609580899,239.849,3.536,6.923,92.222,82.782,44.58,16.637,49.169,28.148,236.221
Turkey,TUR,2004,Delta Cluster,68592621.0,931152861082.0,13575.117082666953,247.843,3.613,3.333,93.6,86.729,45.741,17.868,45.418,28.521,243.938
Turkey,TUR,2005,Delta Cluster,69329557.0,1017383777200.0,14674.60375089372,267.711,3.861,8.016,102.317,85.264,55.996,19.851,47.103,28.385,263.428
Turkey,TUR,2006,Delta Cluster,70045351.0,1096826103018.0,15658.799440065623,285.429,4.075,6.619,111.846,84.056,63.272,21.64,52.969,29.829,280.81399999999996
Turkey,TUR,2007,Delta Cluster,70750593.0,1158406990670.0,16373.106451136035,316.497,4.473,10.885,126.307,88.686,72.95,23.654,56.576,29.161,311.597
Turkey,TUR,2008,Delta Cluster,71562343.0,1179868355277.0,16487.279563736476,312.628,4.369,-1.223,123.11,87.255,72.056,25.804,56.071,27.989,308.22499999999997
Turkey,TUR,2009,Delta Cluster,72464846.0,1122756788420.0,15493.813212823223,318.568,4.396,1.9,130.557,84.008,72.087,28.078,59.277,30.537,314.72999999999996
Turkey,TUR,2010,Delta Cluster,73346766.0,1240496805446.0,16912.767571047374,318.71,4.345,0.045,129.887,81.342,72.076,31.128,64.569,29.807,314.43299999999994
Turkey,TUR,2011,Delta Cluster,74215203.0,1364782716000.0,18389.53018830926,344.215,4.638,8.002,135.545,84.966,86.095,32.661,67.176,29.803,339.267
Turkey,TUR,2012,Delta Cluster,75197196.0,1430132002360.0,19018.421941690485,358.645,4.769,4.192,141.931,90.715,87.321,32.576,72.493,31.362,352.543
Turkey,TUR,2013,Delta Cluster,76403032.0,1551491738617.0,20306.677601708267,350.634,4.589,-2.234,125.758,95.672,87.21,35.215,76.338,33.436,343.855
Turkey,TUR,2014,Delta Cluster,78036154.0,1628131977724.0,20863.816247581857,367.272,4.706,4.745,130.662,100.357,93.898,35.823,80.29,33.435,360.74
Turkey,TUR,2015,Delta Cluster,80014222.0,1727192876718.0,21586.07349475947,387.704,4.845,5.563,139.511,109.354,97.265,35.554,82.37,33.814,381.68399999999997
Turkey,TUR,2016,Delta Cluster,81652087.0,1784590365590.0,21856.028806587638,405.552,4.967,4.604,152.353,116.646,91.833,38.268,85.08,36.617,399.1
Turkey,TUR,2017,Delta Cluster,83083667.0,1918472081554.0,23090.845058078623,430.622,5.183,6.182,158.754,119.63,104.5,40.574,88.521,36.437,423.458
Turkey,TUR,2018,Delta Cluster,84415966.0,1975637604336.0,23403.601213732483,423.818,5.021,-1.58,163.517,116.761,95.751,40.815,96.097,37.105,416.844
Turkey,TUR,2019,Delta Cluster,85357670.0,1991116616493.0,23326.74517114865,406.568,4.763,-4.07,166.01,115.728,84.189,34.256,98.343,38.995,400.183
Turkey,TUR,2020,Delta Cluster,86091691.0,2029749392174.0,23576.60035013135,416.328,4.836,2.401,159.424,115.652,92.305,42.497,101.798,41.981,409.87800000000004
Turkey,TUR,2021,Delta Cluster,86686254.0,2260196231771.0,26073.294524539037,457.377,5.276,9.86,166.276,122.541,115.661,46.306,105.223,41.092,450.784
Turkey,TUR,2022,Delta Cluster,87058469.0,2385996374127.0,27406.826716961907,443.603,5.095,-3.012,166.445,128.859,100.05,42.022,106.863,39.402,437.376
Turkey,TUR,2023,Delta Cluster,87270502.0,,,486.945,5.58,9.77,194.937,133.637,110.09,42.511,108.547,40.057,481.175
Turkey,TUR,2024,Delta Cluster,87473800.0,,,513.035,5.865,5.358,209.284,136.297,119.504,42.181,111.797,40.169,507.266
Turkmenistan,TKM,1990,Delta Cluster,3760561.0,21201768000.0,5637.926894418147,33.361,8.871,-11.388,1.416,14.324,16.75,0.608,13.869,3.16,33.098
Turkmenistan,TKM,1991,Delta Cluster,3855902.0,20437989542.0,5300.443201616638,30.439,7.894,-8.758,1.207,12.003,16.413,0.572,15.118,2.994,30.195
Turkmenistan,TKM,1992,Delta Cluster,3944689.0,17569987922.0,4454.0869817620605,31.994,8.111,5.108,1.59,17.34,12.617,0.447,11.122,2.105,31.994
Turkmenistan,TKM,1993,Delta Cluster,4032415.0,18037537140.0,4473.135116301273,27.516,6.824,-13.996,0.359,8.789,17.922,0.447,11.485,2.465,27.517
Turkmenistan,TKM,1994,Delta Cluster,4116662.0,15091315379.0,3665.9107254858427,34.216,8.312,24.348,0.0,8.813,24.346,0.284,9.631,2.347,33.443
Turkmenistan,TKM,1995,Delta Cluster,4191207.0,14166397093.0,3380.028018897659,34.569,8.248,1.032,0.0,8.111,25.645,0.177,9.208,2.295,33.933
Turkmenistan,TKM,1996,Delta Cluster,4263818.0,13366623522.0,3134.895420489336,31.654,7.424,-8.432,0.264,9.42,20.738,0.183,10.868,2.333,30.604999999999997
Turkmenistan,TKM,1997,Delta Cluster,4336732.0,11995995999.0,2766.13726626409,31.196,7.193,-1.447,0.0,9.209,21.166,0.182,7.779,2.395,30.557
Turkmenistan,TKM,1998,Delta Cluster,4410511.0,12945785203.0,2935.2120883498533,33.446,7.583,7.211,0.0,11.809,20.035,0.182,10.847,2.102,32.026
Turkmenistan,TKM,1999,Delta Cluster,4492174.0,15251899688.0,3395.2156991247443,39.797,8.859,18.99,0.0,12.906,24.518,0.182,14.885,2.405,37.606
Turkmenistan,TKM,2000,Delta Cluster,4582675.0,18299208667.0,3993.1281766653756,39.361,8.589,-1.094,0.0,12.337,24.948,0.181,16.12,2.702,37.465999999999994
Turkmenistan,TKM,2001,Delta Cluster,4675416.0,22282743473.0,4765.938148177616,34.034,7.279,-13.534,0.0,11.611,20.372,0.181,16.317,2.781,32.164
Turkmenistan,TKM,2002,Delta Cluster,4769473.0,26092440396.0,5470.71770738612,30.131,6.317,-11.469,0.0,13.124,14.52,0.18,18.836,3.253,27.823999999999998
Turkmenistan,TKM,2003,Delta Cluster,4863871.0,30907677346.0,6354.542985617834,40.568,8.341,34.638,0.0,14.836,22.552,0.179,22.587,3.702,37.567
Turkmenistan,TKM,2004,Delta Cluster,4958091.0,35857575608.0,7232.1334174786225,49.355,9.954,21.662,0.0,15.345,30.884,0.218,22.859,3.916,46.447
Turkmenistan,TKM,2005,Delta Cluster,5052260.0,41000508021.0,8115.280690423691,47.929,9.487,-2.89,0.0,15.359,29.821,0.256,21.744,4.292,45.436
Turkmenistan,TKM,2006,Delta Cluster,5147103.0,46019998793.0,8940.951598015426,49.5,9.617,3.278,0.0,14.997,31.518,0.359,22.488,5.311,46.874
Turkmenistan,TKM,2007,Delta Cluster,5244047.0,51693703669.0,9857.597323021704,49.183,9.379,-0.64,0.0,15.679,30.718,0.362,21.771,4.956,46.759
Turkmenistan,TKM,2008,Delta Cluster,5345033.0,60001295021.0,11225.617320042738,59.438,11.12,20.852,0.0,16.202,40.073,0.392,23.91,5.143,56.66700000000001
Turkmenistan,TKM,2009,Delta Cluster,5451597.0,64409212896.0,11814.742156472681,52.462,9.623,-11.737,0.0,15.253,34.497,0.42,19.804,5.014,50.17
Turkmenistan,TKM,2010,Delta Cluster,5564356.0,71115148352.0,12780.481398386444,59.184,10.636,12.812,0.0,16.986,39.685,0.439,19.657,5.184,57.11000000000001
Turkmenistan,TKM,2011,Delta Cluster,5683413.0,82520290491.0,14519.495678213074,65.155,11.464,10.089,0.0,17.752,43.327,0.738,21.795,5.069,61.81699999999999
Turkmenistan,TKM,2012,Delta Cluster,5808548.0,87581261691.0,15077.995686873897,66.939,11.524,2.737,0.0,18.576,42.865,0.894,23.299,5.187,62.335
Turkmenistan,TKM,2013,Delta Cluster,5939348.0,87286119372.0,14696.246014208968,64.34,10.833,-3.883,0.0,19.093,40.0,1.013,24.61,5.888,60.106
Turkmenistan,TKM,2014,Delta Cluster,6075286.0,90639646545.0,14919.404048632443,62.799,10.337,-2.394,0.0,19.98,37.97,1.107,25.05,6.076,59.057
Turkmenistan,TKM,2015,Delta Cluster,6215773.0,93346148579.0,15017.625093290892,63.092,10.15,0.466,0.0,18.881,39.487,1.259,25.676,6.619,59.627
Turkmenistan,TKM,2016,Delta Cluster,6360041.0,92434154525.0,14533.578403818467,62.091,9.763,-1.586,0.0,17.971,39.485,1.336,24.682,6.282,58.792
Turkmenistan,TKM,2017,Delta Cluster,6507065.0,96785037864.0,14873.839106263731,62.957,9.675,1.394,0.0,18.965,39.487,1.374,24.146,6.164,59.826
Turkmenistan,TKM,2018,Delta Cluster,6655523.0,97638670425.0,14670.322741728936,61.302,9.211,-2.629,0.0,17.983,39.487,1.03,23.923,6.262,58.5
Turkmenistan,TKM,2019,Delta Cluster,6803943.0,94329707021.0,13863.976670733426,62.254,9.15,1.554,0.0,17.668,41.143,0.916,24.051,6.078,59.727
Turkmenistan,TKM,2020,Delta Cluster,6949915.0,91559235694.0,13174.151870058842,62.905,9.051,1.045,0.0,16.232,42.814,0.725,23.892,6.879,59.771
Turkmenistan,TKM,2021,Delta Cluster,7092042.0,95789282239.0,13506.586994126656,91.694,12.929,45.765,0.0,16.462,72.269,0.763,23.806,6.345,89.49400000000001
Turkmenistan,TKM,2022,Delta Cluster,7230197.0,97502944727.0,13485.517023533384,102.063,14.116,11.309,0.0,17.177,82.073,0.801,23.888,6.973,100.051
Turkmenistan,TKM,2023,Delta Cluster,7364437.0,,,95.421,12.957,-6.508,0.0,15.232,77.176,0.801,23.492,6.948,93.209
Turkmenistan,TKM,2024,Delta Cluster,7494494.0,,,81.006,10.809,-15.107,0.0,15.31,62.365,0.801,23.489,7.195,78.476
Turks and Caicos Islands,TCA,1990,Delta Cluster,11708.0,,,0.059,5.007,,,0.059,,0.0,0.004,0.0,0.059
Turks and Caicos Islands,TCA,1991,Delta Cluster,12328.0,,,0.062,5.053,6.25,,0.062,,0.0,0.005,0.0,0.062
Turks and Caicos Islands,TCA,1992,Delta Cluster,12992.0,,,0.062,4.794,0.0,,0.062,,0.0,0.005,0.0,0.062
Turks and Caicos Islands,TCA,1993,Delta Cluster,13670.0,,,0.066,4.825,5.882,,0.066,,0.0,0.005,0.0,0.066
Turks and Caicos Islands,TCA,1994,Delta Cluster,14368.0,,,0.07,4.845,5.556,,0.07,,0.0,0.006,0.0,0.07
Turks and Caicos Islands,TCA,1995,Delta Cluster,15074.0,,,0.073,4.861,5.263,,0.073,,0.0,0.006,0.0,0.073
Turks and Caicos Islands,TCA,1996,Delta Cluster,15786.0,,,0.073,4.642,0.0,,0.073,,0.0,0.006,0.0,0.073
Turks and Caicos Islands,TCA,1997,Delta Cluster,16505.0,,,0.084,5.106,15.0,,0.084,,0.0,0.006,0.0,0.084
Turks and Caicos Islands,TCA,1998,Delta Cluster,17236.0,,,0.088,5.102,4.348,,0.088,,0.0,0.007,0.0,0.088
Turks and Caicos Islands,TCA,1999,Delta Cluster,17981.0,,,0.099,5.502,12.5,,0.099,,0.0,0.007,0.0,0.099
Turks and Caicos Islands,TCA,2000,Delta Cluster,18754.0,,,0.106,5.666,7.407,,0.106,,0.0,0.008,0.001,0.106
Turks and Caicos Islands,TCA,2001,Delta Cluster,19603.0,,,0.114,5.794,6.897,,0.114,,0.0,0.009,0.001,0.114
Turks and Caicos Islands,TCA,2002,Delta Cluster,20619.0,,,0.15,7.286,32.258,,0.15,,0.0,0.009,0.001,0.15
Turks and Caicos Islands,TCA,2003,Delta Cluster,21749.0,,,0.154,7.076,2.439,,0.154,,0.0,0.004,0.001,0.154
Turks and Caicos Islands,TCA,2004,Delta Cluster,22881.0,,,0.161,7.046,4.762,,0.161,,0.0,0.007,0.001,0.161
Turks and Caicos Islands,TCA,2005,Delta Cluster,24011.0,,,0.187,7.782,15.909,,0.187,,0.0,0.009,0.001,0.187
Turks and Caicos Islands,TCA,2006,Delta Cluster,25146.0,,,0.216,8.597,15.686,,0.216,,0.0,0.008,0.001,0.216
Turks and Caicos Islands,TCA,2007,Delta Cluster,26290.0,,,0.253,9.616,16.949,,0.253,,0.0,0.009,0.001,0.253
Turks and Caicos Islands,TCA,2008,Delta Cluster,27452.0,,,0.264,9.61,4.348,,0.264,,0.0,0.01,0.001,0.264
Turks and Caicos Islands,TCA,2009,Delta Cluster,28610.0,,,0.275,9.605,4.167,,0.275,,0.0,0.01,0.002,0.275
Turks and Caicos Islands,TCA,2010,Delta Cluster,29763.0,,,0.282,9.479,2.667,,0.282,,0.0,0.009,0.002,0.282
Turks and Caicos Islands,TCA,2011,Delta Cluster,30870.0,,,0.282,9.139,0.0,,0.282,,0.0,0.01,0.001,0.282
Turks and Caicos Islands,TCA,2012,Delta Cluster,32152.0,,,0.282,8.775,0.0,,0.282,,0.0,0.011,0.001,0.282
Turks and Caicos Islands,TCA,2013,Delta Cluster,33675.0,,,0.286,8.487,1.299,,0.286,,0.0,0.011,0.002,0.286
Turks and Caicos Islands,TCA,2014,Delta Cluster,35077.0,,,0.308,8.774,7.692,,0.308,,0.0,0.01,0.002,0.308
Turks and Caicos Islands,TCA,2015,Delta Cluster,36632.0,,,0.315,8.602,2.381,,0.315,,0.0,0.01,0.002,0.315
Turks and Caicos Islands,TCA,2016,Delta Cluster,38342.0,,,0.326,8.505,3.488,,0.326,,0.0,0.008,0.002,0.326
Turks and Caicos Islands,TCA,2017,Delta Cluster,39931.0,,,0.352,8.809,7.865,,0.352,,0.0,0.008,0.002,0.352
Turks and Caicos Islands,TCA,2018,Delta Cluster,41580.0,,,0.359,8.636,2.083,,0.359,,0.0,0.008,0.002,0.359
Turks and Caicos Islands,TCA,2019,Delta Cluster,43191.0,,,0.363,8.398,1.02,,0.363,,0.0,0.007,0.002,0.363
Turks and Caicos Islands,TCA,2020,Delta Cluster,44405.0,,,0.359,8.086,-1.01,,0.359,,0.0,0.007,0.002,0.359
Turks and Caicos Islands,TCA,2021,Delta Cluster,45262.0,,,0.366,8.095,2.041,,0.366,,0.0,0.006,0.002,0.366
Turks and Caicos Islands,TCA,2022,Delta Cluster,45869.0,,,0.366,7.97,-0.228,,0.366,,0.0,0.006,0.002,0.366
Turks and Caicos Islands,TCA,2023,Delta Cluster,46221.0,,,0.365,7.893,-0.202,,0.365,,0.0,0.005,0.002,0.365
Turks and Caicos Islands,TCA,2024,Delta Cluster,46563.0,,,0.379,8.136,3.842,,0.379,,0.0,0.004,0.002,0.379
Tuvalu,TUV,1990,Delta Cluster,8821.0,,,0.004,0.415,,,0.004,,0.0,0.006,0.001,0.004
Tuvalu,TUV,1991,Delta Cluster,8953.0,,,0.004,0.409,0.0,,0.004,,0.0,0.006,0.001,0.004
Tuvalu,TUV,1992,Delta Cluster,9060.0,,,0.004,0.404,0.0,,0.004,,0.0,0.006,0.001,0.004
Tuvalu,TUV,1993,Delta Cluster,9146.0,,,0.007,0.801,100.0,,0.007,,0.0,0.006,0.001,0.007
Tuvalu,TUV,1994,Delta Cluster,9231.0,,,0.004,0.397,-50.0,,0.004,,0.0,0.006,0.001,0.004
Tuvalu,TUV,1995,Delta Cluster,9299.0,,,0.004,0.394,0.0,,0.004,,0.0,0.006,0.001,0.004
Tuvalu,TUV,1996,Delta Cluster,9363.0,,,0.004,0.391,0.0,,0.004,,0.0,0.006,0.001,0.004
Tuvalu,TUV,1997,Delta Cluster,9425.0,,,0.007,0.778,100.0,,0.007,,0.0,0.006,0.001,0.007
Tuvalu,TUV,1998,Delta Cluster,9469.0,,,0.007,0.774,0.0,,0.007,,0.0,0.006,0.001,0.007
Tuvalu,TUV,1999,Delta Cluster,9518.0,,,0.007,0.77,0.0,,0.007,,0.0,0.006,0.001,0.007
Tuvalu,TUV,2000,Delta Cluster,9566.0,,,0.007,0.766,0.0,,0.007,,0.0,0.006,0.001,0.007
Tuvalu,TUV,2001,Delta Cluster,9608.0,,,0.007,0.763,0.0,,0.007,,0.0,0.006,0.001,0.007
Tuvalu,TUV,2002,Delta Cluster,9645.0,,,0.011,1.14,50.0,,0.011,,0.0,0.006,0.001,0.011
Tuvalu,TUV,2003,Delta Cluster,9715.0,,,0.011,1.131,0.0,,0.011,,0.0,0.006,0.001,0.011
Tuvalu,TUV,2004,Delta Cluster,9839.0,,,0.011,1.117,0.0,,0.011,,0.0,0.006,0.001,0.011
Tuvalu,TUV,2005,Delta Cluster,9964.0,,,0.011,1.103,0.0,,0.011,,0.0,0.006,0.001,0.011
Tuvalu,TUV,2006,Delta Cluster,10078.0,,,0.011,1.091,0.0,,0.011,,0.0,0.006,0.001,0.011
Tuvalu,TUV,2007,Delta Cluster,10204.0,,,0.011,1.077,0.0,,0.011,,0.0,0.007,0.001,0.011
Tuvalu,TUV,2008,Delta Cluster,10344.0,,,0.007,0.708,-33.333,,0.007,,0.0,0.007,0.001,0.007
Tuvalu,TUV,2009,Delta Cluster,10479.0,,,0.011,1.049,50.0,,0.011,,0.0,0.007,0.001,0.011
Tuvalu,TUV,2010,Delta Cluster,10635.0,,,0.011,1.034,0.0,,0.011,,0.0,0.007,0.001,0.011
Tuvalu,TUV,2011,Delta Cluster,10804.0,,,0.011,1.017,0.0,,0.011,,0.0,0.007,0.001,0.011
Tuvalu,TUV,2012,Delta Cluster,10960.0,,,0.011,1.003,0.0,,0.011,,0.0,0.007,0.001,0.011
Tuvalu,TUV,2013,Delta Cluster,11028.0,,,0.007,0.664,-33.333,,0.007,,0.0,0.007,0.001,0.007
Tuvalu,TUV,2014,Delta Cluster,11007.0,,,0.007,0.666,0.0,,0.007,,0.0,0.007,0.001,0.007
Tuvalu,TUV,2015,Delta Cluster,10985.0,,,0.007,0.667,0.0,,0.007,,0.0,0.007,0.001,0.007
Tuvalu,TUV,2016,Delta Cluster,10951.0,,,0.007,0.669,0.0,,0.007,,0.0,0.007,0.001,0.007
Tuvalu,TUV,2017,Delta Cluster,10892.0,,,0.007,0.673,0.0,,0.007,,0.0,0.007,0.001,0.007
Tuvalu,TUV,2018,Delta Cluster,10775.0,,,0.011,1.02,50.0,,0.011,,0.0,0.007,0.001,0.011
Tuvalu,TUV,2019,Delta Cluster,10603.0,,,0.011,1.037,0.0,,0.011,,0.0,0.007,0.001,0.011
Tuvalu,TUV,2020,Delta Cluster,10423.0,,,0.011,1.055,0.0,,0.011,,0.0,0.007,0.001,0.011
Tuvalu,TUV,2021,Delta Cluster,10214.0,,,0.011,1.076,0.0,,0.011,,0.0,0.007,0.001,0.011
Tuvalu,TUV,2022,Delta Cluster,10012.0,,,0.011,1.098,0.0,,0.011,,0.0,0.007,0.001,0.011
Tuvalu,TUV,2023,Delta Cluster,9837.0,,,0.011,1.112,-0.473,,0.011,,0.0,0.007,0.001,0.011
Tuvalu,TUV,2024,Delta Cluster,9669.0,,,0.011,1.183,4.57,,0.011,,0.0,0.007,0.001,0.011
Uganda,UGA,1990,Epsilon Cluster,17569895.0,16268766281.0,925.9455609154181,0.761,0.043,-5.384,,0.751,,0.01,11.414,4.794,0.761
Uganda,UGA,1991,Epsilon Cluster,18155901.0,16538921393.0,910.9391703006091,0.783,0.043,2.972,,0.766,,0.018,11.828,4.966,0.784
Uganda,UGA,1992,Epsilon Cluster,18785037.0,17483615008.0,930.7202859382178,0.801,0.043,2.296,,0.784,,0.017,12.129,5.053,0.801
Uganda,UGA,1993,Epsilon Cluster,19445161.0,18599694641.0,956.5204752483149,0.797,0.041,-0.499,,0.78,,0.017,12.458,5.174,0.797
Uganda,UGA,1994,Epsilon Cluster,20108804.0,19993293080.0,994.2557041184548,0.712,0.035,-10.736,,0.7,,0.012,12.398,5.092,0.712
Uganda,UGA,1995,Epsilon Cluster,20665673.0,21811147459.0,1055.428848554799,0.925,0.045,30.013,,0.898,,0.028,12.665,5.201,0.926
Uganda,UGA,1996,Epsilon Cluster,21231553.0,23216439568.0,1093.48758275007,1.018,0.048,10.006,,0.938,,0.08,13.086,5.416,1.018
Uganda,UGA,1997,Epsilon Cluster,21856044.0,24283122652.0,1111.048397047517,1.062,0.049,4.307,,0.971,,0.091,13.623,5.734,1.062
Uganda,UGA,1998,Epsilon Cluster,22515809.0,25735377689.0,1142.991472746993,1.209,0.054,13.825,,1.11,,0.099,14.27,6.174,1.209
Uganda,UGA,1999,Epsilon Cluster,23257279.0,27748054330.0,1193.091175025247,1.255,0.054,3.803,,1.15,,0.104,14.093,5.842,1.254
Uganda,UGA,2000,Epsilon Cluster,24000158.0,28839086120.0,1201.6206776638721,1.361,0.057,8.46,,1.253,,0.108,14.323,5.909,1.361
Uganda,UGA,2001,Epsilon Cluster,24745678.0,31387264047.0,1268.3937795925415,1.417,0.057,4.131,,1.293,,0.124,14.557,5.926,1.4169999999999998
Uganda,UGA,2002,Epsilon Cluster,25532872.0,33626854165.0,1317.0024180985201,1.443,0.056,1.797,,1.301,,0.142,15.12,6.132,1.4429999999999998
Uganda,UGA,2003,Epsilon Cluster,26352124.0,35593796200.0,1350.699328828295,1.513,0.057,4.866,,1.374,,0.139,16.22,6.814,1.5130000000000001
Uganda,UGA,2004,Epsilon Cluster,27154513.0,37411396915.0,1377.7229926752875,1.607,0.059,6.263,,1.458,,0.149,16.416,6.712,1.607
Uganda,UGA,2005,Epsilon Cluster,27963287.0,40921116463.0,1463.3872070547357,2.018,0.072,25.534,0.0,1.854,,0.164,17.457,7.434,2.0180000000000002
Uganda,UGA,2006,Epsilon Cluster,28794005.0,43572248099.0,1513.2402768909708,2.387,0.083,18.291,0.0,2.224,,0.163,16.796,6.482,2.387
Uganda,UGA,2007,Epsilon Cluster,29653437.0,46853864818.0,1580.0483707166895,2.706,0.091,13.375,0.0,2.561,,0.145,18.214,7.555,2.706
Uganda,UGA,2008,Epsilon Cluster,30539547.0,51468911832.0,1685.3200812703608,2.78,0.091,2.708,0.0,2.594,,0.186,22.611,9.602,2.78
Uganda,UGA,2009,Epsilon Cluster,31451147.0,55303695281.0,1758.3999490066292,2.996,0.095,7.79,0.0,2.796,,0.201,22.977,9.499,2.997
Uganda,UGA,2010,Epsilon Cluster,32390801.0,59228535712.0,1828.5603900934714,3.57,0.11,19.141,0.0,3.246,,0.323,24.204,10.164,3.569
Uganda,UGA,2011,Epsilon Cluster,33354541.0,62855840742.0,1884.4762619278736,3.828,0.115,7.231,0.0,3.433,,0.395,24.579,9.997,3.828
Uganda,UGA,2012,Epsilon Cluster,34337436.0,64322268140.0,1873.240277462767,3.627,0.106,-5.245,0.0,3.199,,0.428,25.873,10.671,3.627
Uganda,UGA,2013,Epsilon Cluster,35337050.0,66855286085.0,1891.9317284549786,3.755,0.106,3.516,0.0,3.397,,0.358,26.415,10.648,3.755
Uganda,UGA,2014,Epsilon Cluster,36395542.0,70696115682.0,1942.4388756732899,4.09,0.112,8.926,0.0,3.697,,0.393,27.318,10.791,4.09
Uganda,UGA,2015,Epsilon Cluster,37531444.0,76356053069.0,2034.4555106646044,4.529,0.121,10.732,0.0,4.18,,0.349,28.434,11.121,4.529
Uganda,UGA,2016,Epsilon Cluster,38799153.0,76477462940.0,1971.111661638593,4.817,0.124,6.379,0.0,4.444,,0.373,29.74,11.591,4.817
Uganda,UGA,2017,Epsilon Cluster,40177384.0,81700865546.0,2033.5038624217048,5.406,0.135,12.222,0.0,5.031,,0.376,29.934,11.52,5.407
Uganda,UGA,2018,Epsilon Cluster,41565839.0,86196050499.0,2073.7233404334747,5.549,0.133,2.635,0.0,5.166,,0.382,30.869,11.734,5.548
Uganda,UGA,2019,Epsilon Cluster,42999636.0,92903828922.0,2160.572450473767,5.761,0.134,3.831,0.0,5.302,,0.459,32.167,11.417,5.760999999999999
Uganda,UGA,2020,Epsilon Cluster,44457148.0,91695146192.0,2062.551250296128,5.571,0.125,-3.295,0.0,5.012,,0.559,33.424,11.913,5.571
Uganda,UGA,2021,Epsilon Cluster,45910931.0,97200521048.0,2117.154214276334,6.232,0.136,11.863,0.0,5.544,,0.689,35.128,12.287,6.233
Uganda,UGA,2022,Epsilon Cluster,47312718.0,101995416951.0,2155.771666954327,6.128,0.13,-1.67,0.0,5.47,,0.658,35.428,12.073,6.128
Uganda,UGA,2023,Epsilon Cluster,48656606.0,,,6.236,0.128,1.756,0.0,5.578,,0.658,35.657,12.151,6.236000000000001
Uganda,UGA,2024,Epsilon Cluster,50015091.0,,,6.334,0.127,1.571,0.0,5.676,,0.658,37.056,12.457,6.3340000000000005
Ukraine,UKR,1990,Epsilon Cluster,52054096.0,495935180914.0,9527.303690260993,706.526,13.573,3.315,263.168,205.658,216.489,9.401,138.9,47.362,694.716
Ukraine,UKR,1991,Epsilon Cluster,52170967.0,460353469353.0,8823.9397470436,633.194,12.137,-10.379,222.622,167.016,225.154,8.918,130.234,44.391,623.71
Ukraine,UKR,1992,Epsilon Cluster,52323675.0,421710473536.0,8059.649356357328,589.505,11.267,-6.9,245.344,129.091,197.352,8.679,123.505,39.427,580.466
Ukraine,UKR,1993,Epsilon Cluster,52350122.0,367893677382.0,7027.561031892151,510.495,9.752,-13.403,235.88,94.454,166.041,6.398,118.591,34.549,502.773
Ukraine,UKR,1994,Epsilon Cluster,52076000.0,288418666392.0,5538.418204009525,419.63,8.058,-17.799,185.817,77.552,144.444,4.991,109.688,31.497,412.804
Ukraine,UKR,1995,Epsilon Cluster,51665535.0,257477945796.0,4983.553268073194,390.173,7.552,-7.02,174.093,72.284,134.149,3.408,104.026,28.613,383.934
Ukraine,UKR,1996,Epsilon Cluster,51226111.0,235602711740.0,4599.269925839188,351.834,6.868,-9.826,146.215,60.753,137.963,2.161,94.698,25.331,347.09200000000004
Ukraine,UKR,1997,Epsilon Cluster,50786881.0,232333254592.0,4574.670663315591,340.586,6.706,-3.197,154.305,49.44,129.79,2.415,89.779,25.3,335.95
Ukraine,UKR,1998,Epsilon Cluster,50379728.0,231737294856.0,4599.81234626753,328.878,6.528,-3.438,123.079,42.523,155.991,2.788,84.458,22.442,324.38100000000003
Ukraine,UKR,1999,Epsilon Cluster,49976445.0,235148309693.0,4705.1828054796615,298.636,5.976,-9.196,123.714,37.496,130.423,2.535,82.296,21.337,294.16800000000006
Ukraine,UKR,2000,Epsilon Cluster,49556654.0,253196030608.0,5109.223689880273,285.663,5.764,-4.344,122.878,31.578,124.314,2.261,79.51,21.398,281.031
Ukraine,UKR,2001,Epsilon Cluster,49106854.0,281110336028.0,5724.462333262074,303.876,6.188,6.376,131.831,33.959,130.417,2.475,78.868,21.637,298.682
Ukraine,UKR,2002,Epsilon Cluster,48677280.0,301087057315.0,6185.371436427837,295.901,6.079,-2.624,136.228,35.329,116.284,2.817,80.758,22.913,290.658
Ukraine,UKR,2003,Epsilon Cluster,48315133.0,335257370240.0,6938.972314119471,307.245,6.359,3.834,132.444,37.207,128.304,3.612,81.218,22.042,301.567
Ukraine,UKR,2004,Epsilon Cluster,47979502.0,381078098070.0,7942.518829603525,310.626,6.474,1.1,135.323,36.424,128.409,4.264,79.345,21.224,304.42
Ukraine,UKR,2005,Epsilon Cluster,47585558.0,399366244154.0,8392.593487166841,313.513,6.588,0.929,135.906,36.209,130.345,4.785,80.238,21.441,307.24500000000006
Ukraine,UKR,2006,Epsilon Cluster,47278691.0,436786761547.0,9238.554458857585,333.054,7.044,6.233,154.04,40.458,126.73,5.484,78.567,21.802,326.712
Ukraine,UKR,2007,Epsilon Cluster,47062802.0,480580682697.0,10211.476203584309,336.829,7.157,1.133,161.469,43.07,119.453,6.164,80.265,23.611,330.15599999999995
Ukraine,UKR,2008,Epsilon Cluster,46819168.0,499592169886.0,10670.67594806469,325.983,6.963,-3.22,154.64,43.841,114.802,6.294,79.63,24.873,319.577
Ukraine,UKR,2009,Epsilon Cluster,46623731.0,431074416655.0,9245.815540909844,277.593,5.954,-14.844,136.611,42.642,89.978,2.59,75.628,21.432,271.82099999999997
Ukraine,UKR,2010,Epsilon Cluster,46455997.0,439429783004.0,9459.053973246984,294.366,6.336,6.042,145.421,39.788,100.442,2.882,73.169,23.078,288.533
Ukraine,UKR,2011,Epsilon Cluster,46307854.0,471221167316.0,10175.836852988265,308.376,6.659,4.76,153.853,39.729,104.231,3.901,77.838,26.03,301.714
Ukraine,UKR,2012,Epsilon Cluster,46210051.0,472276721174.0,10220.216402141603,304.43,6.588,-1.28,158.981,38.431,97.275,3.281,77.545,25.392,297.968
Ukraine,UKR,2013,Epsilon Cluster,46126760.0,472286166147.0,10238.87578808917,297.54,6.45,-2.263,160.185,37.337,90.538,3.397,79.455,25.564,291.457
Ukraine,UKR,2014,Epsilon Cluster,45972379.0,441233307180.0,9597.791473441042,257.703,5.606,-13.389,138.373,35.33,75.249,3.299,73.781,24.73,252.25099999999998
Ukraine,UKR,2015,Epsilon Cluster,45784904.0,398045419167.0,8693.813558438389,223.85,4.889,-13.137,119.393,30.481,65.549,3.278,63.406,22.838,218.701
Ukraine,UKR,2016,Epsilon Cluster,45616831.0,407666198456.0,8936.749649619458,234.106,5.132,4.582,126.828,34.119,64.212,3.627,66.397,25.006,228.786
Ukraine,UKR,2017,Epsilon Cluster,45436037.0,417287091525.0,9184.055632426745,223.288,4.914,-4.621,112.586,35.336,66.828,3.557,61.068,25.248,218.307
Ukraine,UKR,2018,Epsilon Cluster,45208903.0,431842093109.0,9552.147131484257,231.9,5.13,3.857,120.544,35.209,67.185,3.716,62.329,25.631,226.654
Ukraine,UKR,2019,Epsilon Cluster,44957451.0,445656664440.0,9912.854366231752,222.188,4.942,-4.188,114.046,38.477,60.633,3.961,63.107,26.312,217.11700000000002
Ukraine,UKR,2020,Epsilon Cluster,44680008.0,428931213784.0,9600.070210014286,207.101,4.635,-6.79,102.155,34.911,60.882,4.065,64.368,26.056,202.013
Ukraine,UKR,2021,Epsilon Cluster,44298642.0,443313281092.0,10007.378580408853,210.636,4.755,1.707,103.68,37.067,60.415,4.339,62.012,26.995,205.501
Ukraine,UKR,2022,Epsilon Cluster,41048768.0,309166674673.0,7531.691929779719,143.04,3.485,-32.091,61.251,31.397,44.152,2.926,54.067,20.965,139.726
Ukraine,UKR,2023,Epsilon Cluster,37732833.0,,,139.325,3.692,-2.597,54.793,31.055,46.487,3.33,54.79,21.895,135.66500000000002
Ukraine,UKR,2024,Epsilon Cluster,37860221.0,,,142.498,3.764,2.277,54.556,31.476,49.476,3.33,52.38,20.267,138.838
United Arab Emirates,ARE,1990,Epsilon Cluster,1898220.0,40641367500.0,21410.251446091603,51.908,27.346,-4.553,,17.624,30.701,1.565,21.196,0.737,49.89
United Arab Emirates,ARE,1991,Epsilon Cluster,2006630.0,,,56.896,28.354,9.609,,17.437,36.798,1.661,21.536,0.816,55.896
United Arab Emirates,ARE,1992,Epsilon Cluster,2114738.0,,,58.005,27.429,1.95,,20.575,34.004,1.811,23.216,0.84,56.38999999999999
United Arab Emirates,ARE,1993,Epsilon Cluster,2222098.0,55149661292.0,24818.734948683632,65.832,29.626,13.493,,27.489,35.597,1.899,26.4,0.895,64.985
United Arab Emirates,ARE,1994,Epsilon Cluster,2328191.0,64654417907.0,27770.23788297438,75.35,32.364,14.458,,28.563,41.266,2.365,24.531,0.973,72.19399999999999
United Arab Emirates,ARE,1995,Epsilon Cluster,2434667.0,75243844061.0,30905.18911251518,72.874,29.932,-3.287,,22.066,44.875,2.789,24.844,1.047,69.73
United Arab Emirates,ARE,1996,Epsilon Cluster,2597570.0,87750952594.0,33781.93950268905,75.836,29.195,4.065,,15.392,54.238,2.817,26.183,1.111,72.447
United Arab Emirates,ARE,1997,Epsilon Cluster,2817410.0,104923199568.0,37241.01198192666,73.298,26.016,-3.347,,14.942,53.157,2.456,24.278,1.162,70.55499999999999
United Arab Emirates,ARE,1998,Epsilon Cluster,3040432.0,115962052318.0,38139.99205310298,80.625,26.517,9.996,,19.119,55.905,3.293,22.909,1.198,78.31700000000001
United Arab Emirates,ARE,1999,Epsilon Cluster,3266011.0,131410914902.0,40235.90701378532,77.844,23.835,-3.449,,15.309,56.982,3.282,22.522,1.247,75.573
United Arab Emirates,ARE,2000,Epsilon Cluster,3493583.0,160530689682.0,45950.157669647466,112.277,32.138,44.233,,46.617,60.331,2.822,24.713,1.191,109.77000000000001
United Arab Emirates,ARE,2001,Epsilon Cluster,3723596.0,177271829556.0,47607.69684895998,101.896,27.365,-9.246,0.07,34.955,61.929,2.789,23.581,1.295,99.74300000000001
United Arab Emirates,ARE,2002,Epsilon Cluster,3956829.0,195394872658.0,49381.68231631946,85.213,21.536,-16.372,0.359,10.31,69.525,3.163,22.067,1.418,83.357
United Arab Emirates,ARE,2003,Epsilon Cluster,4192465.0,224547226340.0,53559.71399641977,107.106,25.547,25.692,0.421,28.904,72.211,3.572,23.918,1.481,105.108
United Arab Emirates,ARE,2004,Epsilon Cluster,4428964.0,252047957126.0,56909.01012652169,112.469,25.394,5.007,0.476,29.278,77.073,3.97,23.417,1.503,110.797
United Arab Emirates,ARE,2005,Epsilon Cluster,4664797.0,262413275144.0,56253.95384708059,115.273,24.711,2.494,0.55,30.43,78.226,4.358,24.376,1.59,113.56400000000001
United Arab Emirates,ARE,2006,Epsilon Cluster,5009106.0,307378573765.0,61363.95871139481,122.723,24.5,6.463,1.066,31.694,82.561,5.607,25.954,1.643,120.928
United Arab Emirates,ARE,2007,Epsilon Cluster,5624640.0,367816178792.0,65393.728094953636,134.103,23.842,9.273,0.513,33.797,91.296,6.772,26.066,1.761,132.378
United Arab Emirates,ARE,2008,Epsilon Cluster,6302669.0,464692468324.0,73729.47370772605,155.03,24.598,15.605,1.374,35.07,107.807,9.182,26.286,1.927,153.433
United Arab Emirates,ARE,2009,Epsilon Cluster,6707063.0,480551549339.0,71648.58140425995,169.088,25.21,9.068,1.041,45.082,113.47,7.905,25.917,2.034,167.498
United Arab Emirates,ARE,2010,Epsilon Cluster,6938372.0,490048925162.0,70628.80531081355,185.848,26.786,9.912,2.477,57.387,116.869,7.46,27.314,2.148,184.193
United Arab Emirates,ARE,2011,Epsilon Cluster,7199436.0,551070287560.0,76543.53584919707,198.518,27.574,6.817,1.678,58.348,130.169,6.603,29.521,2.146,196.798
United Arab Emirates,ARE,2012,Epsilon Cluster,7497122.0,577394943300.0,77015.545872136,208.324,27.787,4.939,5.251,62.535,132.61,6.144,30.934,2.174,206.54000000000002
United Arab Emirates,ARE,2013,Epsilon Cluster,7831851.0,606587973942.0,77451.41907602685,214.188,27.348,2.815,6.72,62.408,136.408,6.321,32.36,2.335,211.857
United Arab Emirates,ARE,2014,Epsilon Cluster,8236880.0,631858461256.0,76710.8979681627,214.53,26.045,0.16,7.485,60.256,133.339,11.707,32.003,2.32,212.78699999999998
United Arab Emirates,ARE,2015,Epsilon Cluster,8674633.0,674742705535.0,77783.42963154752,225.045,25.943,4.901,6.507,74.301,134.155,8.28,34.428,2.264,223.24300000000002
United Arab Emirates,ARE,2016,Epsilon Cluster,9030873.0,712265114847.0,78870.01786505025,227.898,25.235,1.268,6.976,77.715,134.914,6.826,35.451,2.351,226.43099999999998
United Arab Emirates,ARE,2017,Epsilon Cluster,9234330.0,717500233045.0,77699.21943930961,196.493,21.279,-13.78,8.068,59.602,119.959,7.028,34.179,2.346,194.657
United Arab Emirates,ARE,2018,Epsilon Cluster,9346870.0,726928170282.0,77772.36339887042,204.105,21.837,3.874,7.277,70.029,117.576,6.947,34.302,2.225,201.829
United Arab Emirates,ARE,2019,Epsilon Cluster,9377855.0,734982504070.0,78374.26619093599,204.058,21.76,-0.023,6.734,58.165,130.964,6.503,35.241,2.272,202.36599999999999
United Arab Emirates,ARE,2020,Epsilon Cluster,9448529.0,698549476819.0,73932.08792807854,215.266,22.783,5.493,8.086,67.015,132.351,6.018,33.741,2.281,213.47
United Arab Emirates,ARE,2021,Epsilon Cluster,9789055.0,725904671328.0,74154.72395731763,212.173,21.675,-1.437,10.054,69.805,124.621,6.058,33.916,2.379,210.538
United Arab Emirates,ARE,2022,Epsilon Cluster,10242085.0,779701520404.0,76127.22608765696,207.103,20.221,-2.389,3.94,60.793,134.488,6.139,37.375,2.512,205.36
United Arab Emirates,ARE,2023,Epsilon Cluster,10642089.0,,,210.425,19.773,1.604,4.012,62.891,135.677,6.139,36.968,2.551,208.719
United Arab Emirates,ARE,2024,Epsilon Cluster,11027135.0,,,221.988,20.131,5.495,4.317,65.559,144.453,6.139,37.574,2.635,220.46800000000002
United Kingdom,GBR,1990,Epsilon Cluster,57367867.0,1505692258761.0,26246.265331095543,601.945,10.493,3.505,252.69,217.8,113.518,7.295,134.691,39.553,591.303
United Kingdom,GBR,1991,Epsilon Cluster,57555199.0,1488075367051.0,25854.751489105267,609.413,10.588,1.241,253.623,218.39,121.693,5.994,137.452,38.737,599.7
United Kingdom,GBR,1992,Epsilon Cluster,57719273.0,1491752084171.0,25844.95622754985,593.846,10.289,-2.554,237.747,218.447,122.296,5.456,132.882,37.918,583.946
United Kingdom,GBR,1993,Epsilon Cluster,57861037.0,1527509015289.0,26399.613530759914,579.613,10.017,-2.397,207.686,219.163,137.591,5.525,128.387,37.636,569.965
United Kingdom,GBR,1994,Epsilon Cluster,58003200.0,1585373248060.0,27332.513517530067,574.017,9.896,-0.965,195.376,215.736,145.455,6.368,122.816,37.358,562.9350000000001
United Kingdom,GBR,1995,Epsilon Cluster,58154632.0,1623858039641.0,27923.10747733732,566.159,9.735,-1.369,181.699,211.595,154.254,6.285,126.429,37.027,553.833
United Kingdom,GBR,1996,Epsilon Cluster,58298563.0,1663446715470.0,28533.237010833356,586.761,10.065,3.639,173.072,216.892,177.543,6.416,124.823,37.936,573.9230000000001
United Kingdom,GBR,1997,Epsilon Cluster,58447091.0,1713864597603.0,29323.351569421993,562.708,9.628,-4.099,154.729,207.743,182.887,6.71,122.622,36.887,552.069
United Kingdom,GBR,1998,Epsilon Cluster,58626822.0,1766619867063.0,30133.304293093013,568.544,9.698,1.037,154.088,204.934,191.361,6.838,114.569,36.63,557.221
United Kingdom,GBR,1999,Epsilon Cluster,58838663.0,1823341961805.0,30988.84082061824,561.65,9.546,-1.213,138.313,201.663,205.231,6.531,106.575,37.565,551.7379999999999
United Kingdom,GBR,2000,Epsilon Cluster,59057333.0,1889565292321.0,31995.438946100054,569.034,9.635,1.315,144.443,198.238,210.131,6.332,100.304,35.664,559.144
United Kingdom,GBR,2001,Epsilon Cluster,59288095.0,1939268312671.0,32709.236359694136,577.971,9.749,1.571,153.534,198.651,210.16,5.844,97.011,34.326,568.1890000000001
United Kingdom,GBR,2002,Epsilon Cluster,59540764.0,1983994308619.0,33321.61321643437,560.273,9.41,-3.062,141.691,196.13,207.03,5.988,92.26,33.997,550.839
United Kingdom,GBR,2003,Epsilon Cluster,59820385.0,2050625402735.0,34279.70921175114,571.619,9.556,2.025,153.103,194.397,208.462,5.868,87.62,33.598,561.83
United Kingdom,GBR,2004,Epsilon Cluster,60169964.0,2099526641365.0,34893.26736783489,573.43,9.53,0.317,147.662,197.952,211.734,5.977,83.165,33.456,563.325
United Kingdom,GBR,2005,Epsilon Cluster,60596107.0,2161729510824.0,35674.39589516864,570.338,9.412,-0.539,148.033,200.448,205.438,5.941,76.798,32.053,559.86
United Kingdom,GBR,2006,Epsilon Cluster,61051093.0,2212618867772.0,36242.08444182973,567.846,9.301,-0.437,160.844,197.183,194.126,5.893,71.09,31.329,558.046
United Kingdom,GBR,2007,Epsilon Cluster,61535859.0,2267631534502.0,36850.57089236375,559.566,9.093,-1.458,150.844,196.16,196.52,6.117,66.371,31.065,549.641
United Kingdom,GBR,2008,Epsilon Cluster,62027303.0,2252034759561.0,36307.15266728589,544.932,8.785,-2.615,139.219,188.8,202.655,5.205,61.309,30.562,535.879
United Kingdom,GBR,2009,Epsilon Cluster,62506222.0,2151479208521.0,34420.2407325306,494.108,7.905,-9.327,113.823,180.264,188.07,3.721,58.192,29.219,485.878
United Kingdom,GBR,2010,Epsilon Cluster,63006482.0,2190919919855.0,34772.92891634547,511.905,8.125,3.602,118.03,179.848,201.927,3.792,53.283,29.91,503.59700000000004
United Kingdom,GBR,2011,Epsilon Cluster,63509285.0,2223011392593.0,35002.93528092782,469.713,7.396,-8.242,117.15,172.06,168.236,4.097,51.071,29.747,461.543
United Kingdom,GBR,2012,Epsilon Cluster,63960488.0,2255210551431.0,35259.4331586557,487.477,7.622,3.782,148.005,170.288,158.24,3.724,49.958,29.807,480.257
United Kingdom,GBR,2013,Epsilon Cluster,64389386.0,2296252599482.0,35661.97384584472,477.611,7.418,-2.024,142.457,165.756,157.622,4.029,47.803,29.747,469.864
United Kingdom,GBR,2014,Epsilon Cluster,64865914.0,2369725553442.0,36532.67806327373,438.807,6.765,-8.125,115.434,166.511,144.492,4.215,46.74,30.524,430.652
United Kingdom,GBR,2015,Epsilon Cluster,65382107.0,2426435869267.0,37111.61938031456,422.461,6.461,-3.725,91.548,170.773,147.899,4.393,46.304,30.518,414.613
United Kingdom,GBR,2016,Epsilon Cluster,65893359.0,2478973016876.0,37620.984185614216,399.43,6.062,-5.452,47.825,173.93,165.742,4.553,45.942,30.209,392.04999999999995
United Kingdom,GBR,2017,Epsilon Cluster,66354473.0,2539548543933.0,38272.45442719438,387.367,5.838,-3.02,39.129,174.851,161.697,4.41,46.574,30.525,380.08700000000005
United Kingdom,GBR,2018,Epsilon Cluster,66752473.0,2582848171416.0,38692.921105949135,379.73,5.689,-1.972,33.28,173.087,161.485,4.364,46.395,30.151,372.21599999999995
United Kingdom,GBR,2019,Epsilon Cluster,67110958.0,2624285076706.0,39103.67479340706,364.753,5.435,-3.944,24.513,168.996,159.321,4.448,45.686,30.285,357.278
United Kingdom,GBR,2020,Epsilon Cluster,67351860.0,2334804059780.0,34665.76958349777,326.263,4.844,-10.552,22.809,143.981,149.42,3.9,44.528,28.932,320.10999999999996
United Kingdom,GBR,2021,Epsilon Cluster,67668788.0,2512190098029.0,37124.79818655833,342.366,5.059,4.935,23.758,149.626,158.503,4.215,44.922,29.73,336.102
United Kingdom,GBR,2022,Epsilon Cluster,68179315.0,2615230634906.0,38358.12423322235,311.118,4.563,-9.127,19.979,146.334,135.047,4.045,44.674,28.922,305.40500000000003
United Kingdom,GBR,2023,Epsilon Cluster,68682965.0,,,307.826,4.482,-1.058,17.914,154.684,125.766,3.515,44.023,28.327,301.879
United Kingdom,GBR,2024,Epsilon Cluster,69138185.0,,,312.906,4.526,1.65,16.948,159.6,126.62,3.624,43.812,28.062,306.79200000000003
United States,USA,1990,Epsilon Cluster,253373387.0,9250377579093.0,36508.87604503231,5131.761,20.254,3.458,1781.824,2139.346,1004.975,33.484,865.684,250.736,4959.629000000001
United States,USA,1991,Epsilon Cluster,256471424.0,9224688313722.0,35967.704198195584,5076.413,19.793,-1.079,1764.221,2082.099,1023.332,32.736,858.307,247.286,4902.388
United States,USA,1992,Epsilon Cluster,259606021.0,9552658514601.0,36796.75254758826,5178.77,19.949,2.016,1780.599,2130.489,1058.593,32.993,861.007,254.862,5002.674
United States,USA,1993,Epsilon Cluster,262633229.0,9814940456277.0,37371.28197238515,5279.52,20.102,1.945,1847.292,2144.156,1090.166,34.838,860.638,257.667,5116.451999999999
United States,USA,1994,Epsilon Cluster,265474811.0,10211204686187.0,38463.930524041316,5361.863,20.197,1.56,1855.938,2181.844,1114.334,36.31,866.237,266.861,5188.426
United States,USA,1995,Epsilon Cluster,268205796.0,10488856843750.0,39107.49506602758,5425.837,20.23,1.193,1875.787,2174.303,1163.186,37.075,849.756,266.609,5250.351
United States,USA,1996,Epsilon Cluster,270860695.0,10886952373500.0,40193.91729575234,5601.094,20.679,3.23,1951.815,2257.023,1181.318,37.309,843.439,273.587,5427.465
United States,USA,1997,Epsilon Cluster,273468014.0,11375561318703.0,41597.41079884757,5673.144,20.745,1.286,1992.723,2273.815,1186.717,38.561,839.523,272.127,5491.816000000001
United States,USA,1998,Epsilon Cluster,276119323.0,11881792533609.0,43031.36920848165,5736.36,20.775,1.114,2018.609,2320.08,1165.559,39.461,823.264,270.791,5543.709000000001
United States,USA,1999,Epsilon Cluster,278785482.0,12438444530000.0,44616.54330335609,5800.281,20.806,1.114,2013.12,2374.201,1168.759,40.239,809.276,268.957,5596.3189999999995
United States,USA,2000,Epsilon Cluster,281484126.0,12947417795437.0,45996.97318433154,6023.158,21.398,3.843,2122.34,2440.405,1227.529,41.445,799.68,268.434,5831.719000000001
United States,USA,2001,Epsilon Cluster,284279634.0,13073810008320.0,45989.26002669611,5903.562,20.767,-1.986,2054.729,2448.622,1173.162,41.613,776.109,261.563,5718.126
United States,USA,2002,Epsilon Cluster,287084335.0,13307343638671.0,46353.43004232885,5947.819,20.718,0.75,2060.072,2443.823,1212.087,43.164,757.572,257.693,5759.146
United States,USA,2003,Epsilon Cluster,289908091.0,13680911930765.0,47190.51435775554,6006.44,20.718,0.986,2100.323,2505.134,1176.551,43.349,764.525,263.692,5825.357
United States,USA,2004,Epsilon Cluster,292786248.0,14198910513593.0,48495.82454976847,6111.545,20.874,1.75,2115.293,2571.107,1177.528,45.886,765.332,263.281,5909.814
United States,USA,2005,Epsilon Cluster,295716666.0,14673826218839.0,49621.235141474914,6126.903,20.719,0.251,2139.954,2584.13,1160.661,46.194,772.655,261.767,5930.939000000001
United States,USA,2006,Epsilon Cluster,298730208.0,15065164240312.0,50430.669001214636,6045.326,20.237,-1.331,2103.871,2550.54,1146.714,46.851,785.023,265.772,5847.976
United States,USA,2007,Epsilon Cluster,301844223.0,15333183877566.0,50798.33473429107,6121.542,20.28,1.261,2130.169,2538.968,1221.593,45.509,793.939,266.411,5936.239
United States,USA,2008,Epsilon Cluster,304970325.0,15288552732632.0,50131.27992906195,5919.221,19.409,-3.305,2096.888,2370.623,1229.733,41.416,810.64,254.756,5738.660000000001
United States,USA,2009,Epsilon Cluster,308023452.0,14864003344421.0,48256.076762690784,5486.104,17.811,-7.317,1842.392,2243.79,1211.966,29.615,772.483,250.126,5327.762999999999
United States,USA,2010,Epsilon Cluster,311062785.0,15239586726210.0,48991.9960248861,5669.25,18.225,3.338,1946.51,2258.293,1266.778,31.449,756.187,256.39,5503.03
United States,USA,2011,Epsilon Cluster,314105075.0,15477885525000.0,49276.13960073711,5538.973,17.634,-2.298,1840.243,2212.686,1287.589,32.208,764.383,255.979,5372.726
United States,USA,2012,Epsilon Cluster,317115349.0,15830886903539.0,49921.54102114748,5331.467,16.812,-3.746,1625.427,2152.244,1344.719,35.27,749.641,249.914,5157.660000000001
United States,USA,2013,Epsilon Cluster,320110752.0,16122472460312.0,50365.29500987208,5473.436,17.099,2.663,1684.672,2178.417,1381.183,36.369,748.067,254.243,5280.641
United States,USA,2014,Epsilon Cluster,323115377.0,16491319003554.0,51038.48401357265,5531.385,17.119,1.059,1682.162,2210.569,1411.355,39.439,763.215,252.467,5343.525
United States,USA,2015,Epsilon Cluster,326126496.0,16937633974582.0,51935.78008019931,5368.497,16.461,-2.945,1446.99,2235.988,1444.047,39.907,754.889,249.664,5166.932
United States,USA,2016,Epsilon Cluster,329179423.0,17220065720000.0,52312.09643380412,5245.362,15.935,-2.294,1319.993,2252.27,1451.146,39.439,733.371,251.182,5062.848
United States,USA,2017,Epsilon Cluster,332204657.0,17606124654726.0,52997.82614042644,5195.417,15.639,-0.952,1277.049,2259.157,1424.996,40.324,749.256,247.069,5001.526
United States,USA,2018,Epsilon Cluster,335056492.0,18124692769570.0,54094.43840762829,5361.236,16.001,3.192,1224.38,2305.441,1577.716,38.971,777.6,249.199,5146.508
United States,USA,2019,Epsilon Cluster,337790069.0,18540552700117.0,54887.79689410289,5235.912,15.5,-2.338,1043.896,2299.82,1632.056,40.896,799.062,244.477,5016.668000000001
United States,USA,2020,Epsilon Cluster,339436156.0,18027359681343.0,53109.721409121186,4689.954,13.817,-10.427,853.925,1991.579,1612.504,40.688,761.174,241.329,4498.696
United States,USA,2021,Epsilon Cluster,340161438.0,19099378164000.0,56147.98160631012,5020.111,14.758,7.04,979.504,2182.605,1617.424,41.312,789.44,244.912,4820.844999999999
United States,USA,2022,Epsilon Cluster,341534041.0,19493170182843.0,57075.33610930162,5055.403,14.802,0.703,916.343,2198.937,1707.391,41.884,801.907,241.442,4864.555
United States,USA,2023,Epsilon Cluster,343477330.0,,,4918.407,14.319,-2.71,758.572,2199.111,1723.424,40.636,819.061,239.774,4721.743
United States,USA,2024,Epsilon Cluster,345426566.0,,,4904.12,14.197,-0.29,732.886,2189.161,1748.138,37.271,818.348,239.599,4707.455999999999
Uruguay,URY,1990,Epsilon Cluster,3104404.0,32048550000.0,10323.575797479967,3.977,1.281,-18.216,0.004,3.737,,0.236,18.655,6.15,3.9770000000000003
Uruguay,URY,1991,Epsilon Cluster,3122357.0,33068762787.0,10590.96150344115,4.537,1.453,14.077,0.004,4.298,,0.235,19.538,6.388,4.537
Uruguay,URY,1992,Epsilon Cluster,3139704.0,35598179277.0,11338.068581305753,5.151,1.641,13.549,0.004,4.913,,0.234,20.545,6.629,5.151
Uruguay,URY,1993,Epsilon Cluster,3156351.0,36471137081.0,11554.841993491851,4.447,1.409,-13.671,0.0,4.214,,0.233,21.231,6.748,4.447
Uruguay,URY,1994,Epsilon Cluster,3172839.0,39036401631.0,12303.303644149608,4.041,1.274,-9.138,0.0,3.712,,0.329,21.392,6.674,4.041
Uruguay,URY,1995,Epsilon Cluster,3189438.0,38399568880.0,12039.603491273385,4.565,1.431,12.982,0.0,4.287,,0.278,21.251,6.57,4.5649999999999995
Uruguay,URY,1996,Epsilon Cluster,3206329.0,40381614675.0,12594.34533230994,5.414,1.688,18.583,0.004,5.093,,0.317,21.562,6.814,5.414
Uruguay,URY,1997,Epsilon Cluster,3223349.0,42411759380.0,13157.669051660245,5.522,1.713,2.01,0.004,5.159,,0.36,21.285,6.67,5.523
Uruguay,URY,1998,Epsilon Cluster,3239286.0,44280079225.0,13669.703516453934,5.651,1.745,2.328,0.004,5.243,0.004,0.401,20.784,6.497,5.651999999999999
Uruguay,URY,1999,Epsilon Cluster,3254020.0,43167608203.0,13265.932048051334,6.689,2.056,18.374,0.004,6.284,0.04,0.361,20.934,6.367,6.688999999999999
Uruguay,URY,2000,Epsilon Cluster,3266212.0,42357504785.0,12968.388085341674,5.277,1.616,-21.113,0.004,4.891,0.062,0.32,20.475,6.131,5.277
Uruguay,URY,2001,Epsilon Cluster,3274257.0,40598224745.0,12399.217515607357,5.041,1.539,-4.481,0.004,4.518,0.059,0.461,20.459,6.244,5.042
Uruguay,URY,2002,Epsilon Cluster,3278868.0,37250866884.0,11360.89250436431,4.569,1.394,-9.351,0.004,4.074,0.04,0.451,21.268,6.224,4.568999999999999
Uruguay,URY,2003,Epsilon Cluster,3281188.0,37483201754.0,11423.667816047115,4.537,1.383,-0.702,0.004,3.953,0.11,0.47,21.816,6.591,4.537
Uruguay,URY,2004,Epsilon Cluster,3283157.0,39270203111.0,11961.110331001533,5.574,1.698,22.856,0.004,5.1,0.194,0.276,22.446,6.851,5.573999999999999
Uruguay,URY,2005,Epsilon Cluster,3285776.0,41988118660.0,12778.752617342145,5.737,1.746,2.924,0.004,5.276,0.183,0.274,22.618,6.891,5.736999999999999
Uruguay,URY,2006,Epsilon Cluster,3289508.0,43608062782.0,13256.712791700156,6.611,2.01,15.232,0.007,6.115,0.212,0.276,23.419,7.278,6.609999999999999
Uruguay,URY,2007,Epsilon Cluster,3295155.0,46197426762.0,14019.8038520191,5.96,1.809,-9.851,0.011,5.481,0.194,0.273,23.022,7.161,5.959
Uruguay,URY,2008,Epsilon Cluster,3302184.0,49265998696.0,14919.216705065495,8.218,2.489,37.885,0.007,7.768,0.172,0.27,24.807,7.329,8.216999999999999
Uruguay,URY,2009,Epsilon Cluster,3310093.0,50291695148.0,15193.438718489178,7.99,2.414,-2.766,0.007,7.401,0.121,0.461,24.502,7.333,7.99
Uruguay,URY,2010,Epsilon Cluster,3318581.0,54642867455.0,16465.732629397928,6.322,1.905,-20.881,0.007,5.804,0.15,0.36,23.433,7.304,6.321000000000001
Uruguay,URY,2011,Epsilon Cluster,3326829.0,57427770581.0,17262.0145432783,7.686,2.31,21.586,0.007,7.115,0.147,0.417,23.638,7.232,7.686
Uruguay,URY,2012,Epsilon Cluster,3335406.0,59459565927.0,17826.785083135306,8.605,2.58,11.944,0.007,8.138,0.106,0.353,23.118,7.633,8.604
Uruguay,URY,2013,Epsilon Cluster,3345335.0,62217298965.0,18598.226774000213,7.491,2.239,-12.942,0.007,7.049,0.099,0.335,23.371,7.592,7.49
Uruguay,URY,2014,Epsilon Cluster,3356343.0,64232518554.0,19137.650280081623,6.684,1.991,-10.775,0.0,6.262,0.092,0.33,24.715,7.551,6.683999999999999
Uruguay,URY,2015,Epsilon Cluster,3368022.0,64470831197.0,19142.04574584133,6.738,2.001,0.813,0.0,6.284,0.095,0.359,25.453,7.242,6.7379999999999995
Uruguay,URY,2016,Epsilon Cluster,3379279.0,65560386931.0,19400.702614670172,6.52,1.93,-3.232,0.0,6.119,0.106,0.295,25.853,7.45,6.52
Uruguay,URY,2017,Epsilon Cluster,3388444.0,66627711123.0,19663.217430478413,6.151,1.815,-5.665,0.0,5.705,0.121,0.325,25.538,7.369,6.151000000000001
Uruguay,URY,2018,Epsilon Cluster,3394538.0,66946183643.0,19721.736402126004,6.57,1.936,6.818,0.0,6.134,0.114,0.323,24.93,7.119,6.571000000000001
Uruguay,URY,2019,Epsilon Cluster,3397206.0,67180494669.0,19775.219597810672,6.408,1.886,-2.464,0.0,5.95,0.165,0.293,24.844,7.343,6.408
Uruguay,URY,2020,Epsilon Cluster,3398966.0,63072414563.0,18556.35348014661,6.477,1.906,1.066,0.0,6.024,0.125,0.328,24.663,7.227,6.477
Uruguay,URY,2021,Epsilon Cluster,3396693.0,65848852721.0,19386.1655206991,7.829,2.305,20.88,0.0,7.332,0.139,0.358,25.736,7.689,7.829
Uruguay,URY,2022,Epsilon Cluster,3390913.0,69066228178.0,20368.03308666427,7.501,2.212,-4.194,0.007,6.987,0.148,0.358,25.163,7.427,7.499999999999999
Uruguay,URY,2023,Epsilon Cluster,3388083.0,,,7.627,2.251,1.681,0.008,7.096,0.164,0.358,24.532,7.468,7.6259999999999994
Uruguay,URY,2024,Epsilon Cluster,3386583.0,,,7.973,2.354,4.541,0.008,7.379,0.228,0.358,24.95,7.566,7.972999999999999
Uzbekistan,UZB,1990,Epsilon Cluster,20464963.0,139398700000.0,6811.578403537793,103.123,5.039,-0.964,7.023,29.161,62.939,2.585,25.596,16.221,101.70799999999998
Uzbekistan,UZB,1991,Epsilon Cluster,20962908.0,136577628581.0,6515.20431139611,102.324,4.881,-0.775,6.258,28.771,63.422,2.557,25.559,14.768,101.008
Uzbekistan,UZB,1992,Epsilon Cluster,21485095.0,119510821474.0,5562.499094092905,110.991,5.166,8.47,9.692,21.955,76.848,2.496,22.558,10.151,110.991
Uzbekistan,UZB,1993,Epsilon Cluster,21987960.0,114918068077.0,5226.408819963289,115.619,5.258,4.17,7.387,24.311,81.55,2.372,23.994,9.577,115.61999999999999
Uzbekistan,UZB,1994,Epsilon Cluster,22463295.0,107242116434.0,4774.104441668063,109.787,4.887,-5.045,7.478,20.247,78.153,2.103,26.981,8.174,107.98100000000001
Uzbekistan,UZB,1995,Epsilon Cluster,22917588.0,104615642206.0,4564.862681273439,104.804,4.573,-4.538,4.21,18.624,78.285,1.546,28.169,8.78,102.665
Uzbekistan,UZB,1996,Epsilon Cluster,23351981.0,104748209480.0,4485.624130989144,108.189,4.633,3.23,4.723,18.137,81.257,1.434,29.788,9.304,105.551
Uzbekistan,UZB,1997,Epsilon Cluster,23758961.0,108486849294.0,4566.144508339401,109.029,4.589,0.777,3.884,18.738,82.506,1.503,28.822,8.373,106.631
Uzbekistan,UZB,1998,Epsilon Cluster,24134930.0,111389403957.0,4615.277689100403,120.976,5.012,10.958,4.056,18.493,94.358,1.593,29.412,8.059,118.50000000000001
Uzbekistan,UZB,1999,Epsilon Cluster,24476013.0,114383428782.0,4673.286812766442,123.588,5.049,2.159,4.027,19.28,96.935,1.499,27.226,7.988,121.741
Uzbekistan,UZB,2000,Epsilon Cluster,24787052.0,116875841754.0,4715.197343919721,123.478,4.982,-0.088,4.917,19.232,95.364,1.483,29.197,7.926,120.99600000000001
Uzbekistan,UZB,2001,Epsilon Cluster,25090289.0,119890046302.0,4778.344573950503,126.223,5.031,2.222,5.049,19.016,96.84,1.683,33.779,7.728,122.58800000000001
Uzbekistan,UZB,2002,Epsilon Cluster,25399987.0,122757832356.0,4832.987999403307,132.577,5.22,5.034,5.042,18.727,102.056,1.694,40.078,7.858,127.51899999999999
Uzbekistan,UZB,2003,Epsilon Cluster,25711261.0,125924032405.0,4897.621801007737,130.296,5.068,-1.72,3.877,19.969,100.298,1.794,36.349,7.916,125.938
Uzbekistan,UZB,2004,Epsilon Cluster,26029350.0,133132057133.0,5114.690037707434,129.099,4.96,-0.918,4.584,18.609,99.793,2.134,34.501,7.671,125.12
Uzbekistan,UZB,2005,Epsilon Cluster,26356977.0,140239285325.0,5320.765174435596,121.602,4.614,-5.808,4.426,14.429,95.455,2.268,41.614,8.207,116.578
Uzbekistan,UZB,2006,Epsilon Cluster,26699046.0,148405074458.0,5558.441094037592,124.899,4.678,2.711,4.752,14.483,97.928,2.35,43.966,8.581,119.51299999999999
Uzbekistan,UZB,2007,Epsilon Cluster,27076013.0,159993748436.0,5909.05863562704,123.823,4.573,-0.862,5.034,13.784,98.528,2.556,40.163,8.895,119.902
Uzbekistan,UZB,2008,Epsilon Cluster,27494780.0,171692630381.0,6244.553707321899,128.387,4.669,3.686,4.924,13.08,102.57,2.829,44.904,9.304,123.40299999999999
Uzbekistan,UZB,2009,Epsilon Cluster,27939333.0,182715813772.0,6539.734279698087,109.23,3.91,-14.921,5.305,11.648,86.13,2.907,38.8,9.846,105.99
Uzbekistan,UZB,2010,Epsilon Cluster,28385509.0,195160171269.0,6875.345137161359,107.668,3.793,-1.43,5.151,10.885,85.196,2.926,42.209,10.302,104.158
Uzbekistan,UZB,2011,Epsilon Cluster,28823194.0,208063390835.0,7218.609805526758,116.755,4.051,8.439,5.415,9.94,95.132,2.794,44.285,10.809,113.281
Uzbekistan,UZB,2012,Epsilon Cluster,29261908.0,222840047403.0,7615.3628602413755,118.86,4.062,1.804,5.471,8.915,98.246,2.793,47.621,11.008,115.425
Uzbekistan,UZB,2013,Epsilon Cluster,29724065.0,239100684823.0,8044.010293444049,112.395,3.781,-5.44,8.017,10.281,88.317,2.971,47.429,11.574,109.586
Uzbekistan,UZB,2014,Epsilon Cluster,30222994.0,255536474727.0,8455.035087754708,107.496,3.557,-4.359,7.434,10.091,84.419,3.106,46.589,11.984,105.04999999999998
Uzbekistan,UZB,2015,Epsilon Cluster,30749349.0,273983640646.0,8910.225730177248,103.374,3.362,-3.835,5.995,10.234,81.948,3.101,46.759,12.273,101.27799999999999
Uzbekistan,UZB,2016,Epsilon Cluster,31284565.0,290236358613.0,9277.302037378497,109.837,3.511,6.253,7.097,10.721,86.994,3.167,48.199,13.091,107.979
Uzbekistan,UZB,2017,Epsilon Cluster,31819172.0,302992216928.0,9522.31619754279,108.883,3.422,-0.869,6.694,11.116,85.863,3.613,49.64,13.264,107.286
Uzbekistan,UZB,2018,Epsilon Cluster,32373489.0,320808179800.0,9909.59546559841,102.33,3.161,-6.018,9.666,11.688,75.676,3.815,51.675,13.419,100.845
Uzbekistan,UZB,2019,Epsilon Cluster,32964700.0,339998944961.0,10314.03122009301,107.947,3.275,5.489,8.292,11.322,83.151,4.011,52.689,14.45,106.77599999999998
Uzbekistan,UZB,2020,Epsilon Cluster,33586373.0,346785285756.0,10325.178183306663,108.139,3.22,0.178,11.52,12.491,79.244,3.848,51.333,14.668,107.103
Uzbekistan,UZB,2021,Epsilon Cluster,34243696.0,372457828275.0,10876.683062336495,123.162,3.597,13.892,10.241,11.128,96.429,4.483,52.65,16.004,122.281
Uzbekistan,UZB,2022,Epsilon Cluster,34938953.0,393572464308.0,11264.57522376243,119.105,3.409,-3.293,11.901,11.509,91.468,3.405,52.963,15.259,118.283
Uzbekistan,UZB,2023,Epsilon Cluster,35652311.0,,,122.872,3.446,3.162,18.111,11.608,89.005,3.405,52.212,15.197,122.12899999999999
Uzbekistan,UZB,2024,Epsilon Cluster,36361859.0,,,139.234,3.829,13.316,19.765,11.684,103.551,3.405,52.573,15.741,138.405
Vanuatu,VUT,1990,Epsilon Cluster,148073.0,,,0.066,0.445,5.882,,0.066,,0.0,0.296,0.093,0.066
Vanuatu,VUT,1991,Epsilon Cluster,151807.0,,,0.066,0.434,0.0,,0.066,,0.0,0.306,0.097,0.066
Vanuatu,VUT,1992,Epsilon Cluster,155619.0,,,0.062,0.4,-5.556,,0.062,,0.0,0.323,0.102,0.062
Vanuatu,VUT,1993,Epsilon Cluster,159475.0,,,0.062,0.391,0.0,,0.062,,0.0,0.344,0.109,0.062
Vanuatu,VUT,1994,Epsilon Cluster,163328.0,,,0.062,0.381,0.0,,0.062,,0.0,0.349,0.11,0.062
Vanuatu,VUT,1995,Epsilon Cluster,167155.0,,,0.066,0.395,5.882,,0.066,,0.0,0.35,0.11,0.066
Vanuatu,VUT,1996,Epsilon Cluster,170926.0,,,0.073,0.429,11.111,,0.073,,0.0,0.352,0.11,0.073
Vanuatu,VUT,1997,Epsilon Cluster,174638.0,,,0.077,0.441,5.0,,0.077,,0.0,0.353,0.11,0.077
Vanuatu,VUT,1998,Epsilon Cluster,178322.0,,,0.077,0.431,0.0,,0.077,,0.0,0.355,0.11,0.077
Vanuatu,VUT,1999,Epsilon Cluster,182056.0,,,0.081,0.443,4.762,,0.081,,0.0,0.363,0.111,0.081
Vanuatu,VUT,2000,Epsilon Cluster,186290.0,,,0.084,0.452,4.545,,0.084,,0.0,0.347,0.105,0.084
Vanuatu,VUT,2001,Epsilon Cluster,191047.0,,,0.081,0.422,-4.348,,0.081,,0.0,0.331,0.099,0.081
Vanuatu,VUT,2002,Epsilon Cluster,195871.0,,,0.077,0.393,-4.545,,0.077,,0.0,0.332,0.099,0.077
Vanuatu,VUT,2003,Epsilon Cluster,200760.0,,,0.077,0.383,0.0,,0.077,,0.0,0.346,0.104,0.077
Vanuatu,VUT,2004,Epsilon Cluster,205720.0,,,0.073,0.356,-4.762,,0.073,,0.0,0.353,0.105,0.073
Vanuatu,VUT,2005,Epsilon Cluster,210772.0,,,0.073,0.348,0.0,,0.073,,0.0,0.362,0.107,0.073
Vanuatu,VUT,2006,Epsilon Cluster,215939.0,,,0.073,0.339,0.0,,0.073,,0.0,0.37,0.109,0.073
Vanuatu,VUT,2007,Epsilon Cluster,221291.0,,,0.077,0.348,5.0,,0.077,,0.0,0.427,0.132,0.077
Vanuatu,VUT,2008,Epsilon Cluster,226908.0,,,0.088,0.388,14.286,,0.088,,0.0,0.434,0.133,0.088
Vanuatu,VUT,2009,Epsilon Cluster,232740.0,,,0.121,0.52,37.5,,0.121,,0.0,0.41,0.124,0.121
Vanuatu,VUT,2010,Epsilon Cluster,238256.0,,,0.125,0.523,3.03,,0.125,,0.0,0.421,0.127,0.125
Vanuatu,VUT,2011,Epsilon Cluster,243483.0,,,0.132,0.542,5.882,,0.132,,0.0,0.432,0.131,0.132
Vanuatu,VUT,2012,Epsilon Cluster,248894.0,,,0.117,0.471,-11.111,,0.117,,0.0,0.438,0.132,0.117
Vanuatu,VUT,2013,Epsilon Cluster,254495.0,,,0.11,0.432,-6.25,,0.11,,0.0,0.443,0.133,0.11
Vanuatu,VUT,2014,Epsilon Cluster,260247.0,,,0.158,0.605,43.333,,0.158,,0.0,0.449,0.134,0.158
Vanuatu,VUT,2015,Epsilon Cluster,266115.0,,,0.132,0.496,-16.279,,0.132,,0.0,0.41,0.119,0.132
Vanuatu,VUT,2016,Epsilon Cluster,272097.0,,,0.15,0.552,13.889,,0.15,,0.0,0.344,0.095,0.15
Vanuatu,VUT,2017,Epsilon Cluster,278518.0,,,0.139,0.5,-7.317,,0.139,,0.0,0.317,0.085,0.139
Vanuatu,VUT,2018,Epsilon Cluster,285273.0,,,0.176,0.617,26.316,,0.176,,0.0,0.321,0.087,0.176
Vanuatu,VUT,2019,Epsilon Cluster,291995.0,,,0.165,0.565,-6.25,,0.165,,0.0,0.322,0.087,0.165
Vanuatu,VUT,2020,Epsilon Cluster,298867.0,,,0.205,0.687,24.444,,0.205,,0.0,0.324,0.087,0.205
Vanuatu,VUT,2021,Epsilon Cluster,305882.0,,,0.216,0.707,5.357,,0.216,,0.0,0.327,0.087,0.216
Vanuatu,VUT,2022,Epsilon Cluster,313061.0,,,0.189,0.605,-12.408,,0.189,,0.0,0.328,0.087,0.189
Vanuatu,VUT,2023,Epsilon Cluster,320422.0,,,0.188,0.588,-0.473,,0.188,,0.0,0.33,0.087,0.188
Vanuatu,VUT,2024,Epsilon Cluster,327786.0,,,0.197,0.601,4.574,,0.197,,0.0,0.332,0.087,0.197
Venezuela,VEN,1990,Epsilon Cluster,19827005.0,256078525417.0,12915.643356977012,120.864,6.096,11.24,1.216,67.293,42.345,2.465,49.094,10.32,113.319
Venezuela,VEN,1991,Epsilon Cluster,20304898.0,282132286314.0,13894.789637160453,114.221,5.625,-5.497,1.14,59.481,43.078,2.978,51.659,10.559,106.677
Venezuela,VEN,1992,Epsilon Cluster,20780946.0,301055402293.0,14487.088426725135,104.739,5.04,-8.301,1.231,72.822,19.339,3.085,52.339,10.475,96.47699999999999
Venezuela,VEN,1993,Epsilon Cluster,21254525.0,303263920492.0,14268.20502890561,123.052,5.789,17.484,1.004,68.226,39.836,3.195,53.539,10.355,112.261
Venezuela,VEN,1994,Epsilon Cluster,21725186.0,297728620446.0,13704.307086070517,119.06,5.48,-3.244,0.762,62.638,50.041,3.224,55.568,10.632,116.665
Venezuela,VEN,1995,Epsilon Cluster,22193822.0,310657285215.0,13997.466737139732,124.83,5.625,4.846,0.018,59.961,57.166,3.56,61.557,10.865,120.705
Venezuela,VEN,1996,Epsilon Cluster,22662117.0,311633007305.0,13751.27519220733,118.347,5.222,-5.194,0.059,46.683,64.12,3.495,63.135,10.598,114.357
Venezuela,VEN,1997,Epsilon Cluster,23131691.0,332907949755.0,14391.855301672498,129.755,5.609,9.639,0.125,55.5,65.668,3.755,66.871,10.8,125.048
Venezuela,VEN,1998,Epsilon Cluster,23601341.0,335631906948.0,14220.882912881942,134.993,5.72,4.037,3.518,67.595,54.668,3.769,70.328,11.062,129.55
Venezuela,VEN,1999,Epsilon Cluster,24066595.0,316971287567.0,13170.591334877243,143.126,5.947,6.025,0.132,85.982,47.93,3.893,68.555,11.023,137.937
Venezuela,VEN,2000,Epsilon Cluster,24526707.0,330236189305.0,13464.350893293584,142.902,5.826,-0.156,0.48,82.572,50.006,3.926,71.93,11.155,136.98399999999998
Venezuela,VEN,2001,Epsilon Cluster,24979934.0,343312598582.0,13743.535054255948,130.618,5.229,-8.596,0.176,74.812,46.712,3.947,72.392,11.751,125.647
Venezuela,VEN,2002,Epsilon Cluster,25435674.0,314003719638.0,12345.012742261126,164.233,6.457,25.735,0.066,101.493,55.711,3.156,67.796,11.674,160.426
Venezuela,VEN,2003,Epsilon Cluster,25892710.0,291333920302.0,11251.580862026416,154.364,5.962,-6.009,0.158,95.187,51.824,3.45,67.735,12.28,150.61899999999997
Venezuela,VEN,2004,Epsilon Cluster,26340843.0,346317458927.0,13147.546527914843,142.842,5.423,-7.464,0.0,85.349,51.102,2.226,70.761,12.151,138.677
Venezuela,VEN,2005,Epsilon Cluster,26785797.0,383570387195.0,14319.916902043273,148.408,5.541,3.897,0.139,97.272,44.323,2.565,72.579,12.867,144.299
Venezuela,VEN,2006,Epsilon Cluster,27224691.0,423878563812.0,15569.637275662742,155.841,5.724,5.008,0.649,100.646,45.73,4.893,72.258,12.539,151.918
Venezuela,VEN,2007,Epsilon Cluster,27649369.0,462276737389.0,16719.250894622586,154.167,5.576,-1.074,0.403,99.28,46.734,3.525,73.621,13.086,149.942
Venezuela,VEN,2008,Epsilon Cluster,28053694.0,488287068325.0,17405.446438711424,155.758,5.552,1.032,0.513,101.592,45.027,3.506,76.341,13.631,150.638
Venezuela,VEN,2009,Epsilon Cluster,28438296.0,474358611901.0,16680.27549544459,152.176,5.351,-2.3,0.861,98.875,43.727,3.467,73.232,13.422,146.93
Venezuela,VEN,2010,Epsilon Cluster,28813101.0,477591738082.0,16575.50633241455,189.582,6.58,24.581,0.755,132.738,47.684,3.076,68.193,12.467,184.253
Venezuela,VEN,2011,Epsilon Cluster,29185220.0,502688619769.0,17224.081907520314,168.713,5.781,-11.008,0.777,106.388,47.877,3.344,68.584,12.011,158.386
Venezuela,VEN,2012,Epsilon Cluster,29553829.0,530969916373.0,17966.19708305817,175.845,5.95,4.228,0.799,106.56,49.742,3.419,72.498,13.241,160.52
Venezuela,VEN,2013,Epsilon Cluster,29912195.0,538100828642.0,17989.346105894267,198.452,6.634,12.856,0.795,128.255,48.511,3.49,72.697,13.502,181.051
Venezuela,VEN,2014,Epsilon Cluster,30254080.0,517147151484.0,17093.468103607844,175.992,5.817,-11.318,0.747,106.716,46.647,3.161,71.818,13.43,157.271
Venezuela,VEN,2015,Epsilon Cluster,30573968.0,484975458402.0,15862.365604686967,166.328,5.44,-5.491,0.7,98.382,46.434,3.269,69.732,12.951,148.78500000000003
Venezuela,VEN,2016,Epsilon Cluster,30765719.0,402335647692.0,13077.401106471785,152.733,4.964,-8.174,0.583,83.664,48.757,2.305,66.225,12.71,135.309
Venezuela,VEN,2017,Epsilon Cluster,30565331.0,339285602968.0,11100.341199249568,139.093,4.551,-8.931,0.491,75.467,47.826,2.154,62.051,12.067,125.93799999999999
Venezuela,VEN,2018,Epsilon Cluster,29807591.0,272599019803.0,9145.288520732856,111.24,3.732,-20.025,0.392,52.749,41.705,0.8,56.672,11.717,95.646
Venezuela,VEN,2019,Epsilon Cluster,28938096.0,197170883456.0,6813.540305346973,105.43,3.643,-5.222,0.286,52.135,34.475,0.597,51.723,11.649,87.493
Venezuela,VEN,2020,Epsilon Cluster,28444080.0,138029481377.0,4852.661129380876,80.901,2.844,-23.266,0.198,38.285,25.714,0.557,48.158,11.688,64.754
Venezuela,VEN,2021,Epsilon Cluster,28237830.0,138656126606.0,4910.296811263472,94.902,3.361,17.307,0.202,40.37,37.941,0.995,46.438,10.694,79.50800000000001
Venezuela,VEN,2022,Epsilon Cluster,28213015.0,149682062815.0,5305.425982122081,108.424,3.843,14.247,0.217,51.739,39.241,1.035,48.3,11.389,92.232
Venezuela,VEN,2023,Epsilon Cluster,28300861.0,,,119.588,4.226,10.297,0.267,62.579,40.089,1.035,49.627,11.383,103.97
Venezuela,VEN,2024,Epsilon Cluster,28405544.0,,,116.042,4.085,-2.965,0.292,56.232,42.855,1.035,47.634,11.111,100.41399999999999
Vietnam,VNM,1990,Epsilon Cluster,65504551.0,109939936906.0,1678.3557054837304,21.299,0.325,22.421,11.058,9.116,0.007,1.117,53.857,9.898,21.298000000000002
Vietnam,VNM,1991,Epsilon Cluster,66891778.0,115933551072.0,1733.1509871362666,21.376,0.32,0.361,11.998,8.04,0.004,1.334,56.701,11.098,21.375999999999998
Vietnam,VNM,1992,Epsilon Cluster,68260336.0,125543633553.0,1839.1886256317284,21.466,0.314,0.425,10.981,8.717,0.0,1.769,59.143,11.005,21.467
Vietnam,VNM,1993,Epsilon Cluster,69586394.0,135210628764.0,1943.0612939075418,22.853,0.328,6.459,8.896,12.11,0.0,1.847,61.308,11.611,22.853
Vietnam,VNM,1994,Epsilon Cluster,70854393.0,146640889667.0,2069.6090031707704,27.362,0.386,19.731,10.911,13.201,0.0,2.056,62.166,13.499,26.168000000000003
Vietnam,VNM,1995,Epsilon Cluster,72049945.0,160152275679.0,2222.7952523627882,30.088,0.418,9.964,12.551,13.185,0.425,2.536,65.552,13.398,28.697000000000003
Vietnam,VNM,1996,Epsilon Cluster,73156456.0,174450838100.0,2384.6266978815925,35.482,0.485,17.924,14.748,15.982,0.627,2.85,67.467,14.823,34.206999999999994
Vietnam,VNM,1997,Epsilon Cluster,74226890.0,188059193812.0,2533.5723187648036,45.502,0.613,28.242,21.528,18.398,1.14,3.451,68.035,14.622,44.517
Vietnam,VNM,1998,Epsilon Cluster,75299665.0,198278284704.0,2633.189466433881,47.866,0.636,5.196,21.682,19.044,1.898,4.168,70.256,16.504,46.792
Vietnam,VNM,1999,Epsilon Cluster,76287454.0,207067165620.0,2714.301693958747,48.548,0.636,1.425,20.031,20.236,2.158,4.464,73.925,16.996,46.888999999999996
Vietnam,VNM,2000,Epsilon Cluster,77154016.0,220383060780.0,2856.4042703882064,53.935,0.699,11.096,20.716,23.193,3.063,5.628,74.138,17.876,52.60000000000001
Vietnam,VNM,2001,Epsilon Cluster,77969357.0,234846323475.0,3012.0336053944884,60.983,0.782,13.067,24.953,25.562,2.565,6.574,74.062,16.424,59.653999999999996
Vietnam,VNM,2002,Epsilon Cluster,78772227.0,250683369279.0,3182.382659804705,69.531,0.883,14.016,27.491,28.638,4.1,8.274,75.064,17.319,68.503
Vietnam,VNM,2003,Epsilon Cluster,79563778.0,268202912195.0,3370.917255776869,77.261,0.971,11.118,31.976,29.499,5.207,9.366,77.335,18.527,76.04799999999999
Vietnam,VNM,2004,Epsilon Cluster,80338977.0,288148996981.0,3586.665000489115,88.939,1.107,15.115,34.792,33.891,8.76,10.301,83.34,19.42,87.744
Vietnam,VNM,2005,Epsilon Cluster,81088309.0,308988652738.0,3810.5203641378193,95.842,1.182,7.761,39.458,33.855,9.394,11.983,87.113,18.676,94.69
Vietnam,VNM,2006,Epsilon Cluster,82167901.0,329425429734.0,4009.174211885977,99.656,1.213,3.979,42.744,32.415,11.212,12.258,89.878,18.542,98.62899999999999
Vietnam,VNM,2007,Epsilon Cluster,83633374.0,351786434406.0,4206.292507175425,101.433,1.213,1.783,36.464,37.358,12.48,14.063,92.079,19.958,100.36500000000001
Vietnam,VNM,2008,Epsilon Cluster,85175789.0,370681828207.0,4351.962365819705,114.3,1.342,12.685,43.641,40.42,13.901,15.363,91.099,17.594,113.325
Vietnam,VNM,2009,Epsilon Cluster,86460023.0,389670892896.0,4506.948753599106,124.493,1.44,8.919,45.489,43.341,15.374,19.239,94.019,22.62,123.443
Vietnam,VNM,2010,Epsilon Cluster,87455148.0,413666257649.0,4730.038964075619,139.564,1.596,12.105,47.463,49.303,18.049,23.77,94.408,20.741,138.585
Vietnam,VNM,2011,Epsilon Cluster,88468315.0,438354712953.0,4954.934576893434,152.564,1.725,9.315,59.551,47.178,16.279,28.223,95.667,20.176,151.231
Vietnam,VNM,2012,Epsilon Cluster,89510355.0,462486159336.0,5166.845325727956,144.288,1.612,-5.425,52.315,44.21,17.957,28.118,94.762,21.559,142.6
Vietnam,VNM,2013,Epsilon Cluster,90573103.0,488172621311.0,5389.818888185822,151.459,1.672,4.971,56.561,43.909,18.719,30.316,95.205,23.93,149.505
Vietnam,VNM,2014,Epsilon Cluster,91679582.0,519523061605.0,5666.725897648617,180.048,1.964,18.875,78.149,47.698,19.599,32.694,95.628,22.571,178.14
Vietnam,VNM,2015,Epsilon Cluster,92823254.0,555822142751.0,5987.9622702194865,213.391,2.299,18.519,97.898,58.913,20.463,34.298,92.971,26.072,211.57199999999997
Vietnam,VNM,2016,Epsilon Cluster,94000115.0,593006635951.0,6308.573515585593,221.027,2.351,3.578,106.905,55.367,20.368,36.822,91.86,25.942,219.462
Vietnam,VNM,2017,Epsilon Cluster,95176978.0,634161327073.0,6662.969768519021,227.694,2.392,3.017,108.302,57.048,17.876,42.735,91.562,25.823,225.961
Vietnam,VNM,2018,Epsilon Cluster,96237319.0,681501440291.0,7081.467432514408,255.468,2.655,12.198,122.273,63.63,18.555,49.637,93.491,27.598,254.095
Vietnam,VNM,2019,Epsilon Cluster,97173778.0,731653148132.0,7529.326976789973,339.312,3.492,32.82,191.609,70.807,18.906,56.538,93.762,28.683,337.86
Vietnam,VNM,2020,Epsilon Cluster,98079196.0,752629620043.0,7673.692798654263,362.599,3.697,6.863,215.96,68.385,16.931,60.066,91.83,28.791,361.342
Vietnam,VNM,2021,Epsilon Cluster,98935101.0,771912038182.0,7802.205995443417,314.197,3.176,-13.349,172.613,64.083,14.436,62.071,94.744,28.665,313.203
Vietnam,VNM,2022,Epsilon Cluster,99680656.0,833803909046.0,8364.751422241843,322.653,3.237,2.691,177.248,72.805,15.51,55.979,94.227,29.127,321.542
Vietnam,VNM,2023,Epsilon Cluster,100352189.0,,,347.399,3.462,7.669,209.114,78.204,14.333,44.488,94.51,30.457,346.139
Vietnam,VNM,2024,Epsilon Cluster,100987685.0,,,370.931,3.673,6.774,229.186,83.997,12.132,44.488,94.982,30.31,369.803
Wallis and Futuna,WLF,1990,Epsilon Cluster,13503.0,,,0.018,1.357,,,0.018,,,,,0.018
Wallis and Futuna,WLF,1991,Epsilon Cluster,13654.0,,,0.018,1.342,0.0,,0.018,,,,,0.018
Wallis and Futuna,WLF,1992,Epsilon Cluster,13799.0,,,0.018,1.328,0.0,,0.018,,,,,0.018
Wallis and Futuna,WLF,1993,Epsilon Cluster,13949.0,,,0.022,1.576,20.0,,0.022,,,,,0.022
Wallis and Futuna,WLF,1994,Epsilon Cluster,14084.0,,,0.022,1.561,0.0,,0.022,,,,,0.022
Wallis and Futuna,WLF,1995,Epsilon Cluster,14222.0,,,0.022,1.546,0.0,,0.022,,,,,0.022
Wallis and Futuna,WLF,1996,Epsilon Cluster,14340.0,,,0.022,1.533,0.0,,0.022,,,,,0.022
Wallis and Futuna,WLF,1997,Epsilon Cluster,14438.0,,,0.022,1.523,0.0,,0.022,,,,,0.022
Wallis and Futuna,WLF,1998,Epsilon Cluster,14553.0,,,0.022,1.511,0.0,,0.022,,,,,0.022
Wallis and Futuna,WLF,1999,Epsilon Cluster,14675.0,,,0.022,1.498,0.0,,0.022,,,,,0.022
Wallis and Futuna,WLF,2000,Epsilon Cluster,14804.0,,,0.022,1.485,0.0,,0.022,,,,,0.022
Wallis and Futuna,WLF,2001,Epsilon Cluster,14931.0,,,0.026,1.718,16.667,,0.026,,0.0,,,0.026
Wallis and Futuna,WLF,2002,Epsilon Cluster,15048.0,,,0.026,1.704,0.0,,0.026,,0.0,,,0.026
Wallis and Futuna,WLF,2003,Epsilon Cluster,15071.0,,,0.026,1.702,0.0,,0.026,,0.0,,,0.026
Wallis and Futuna,WLF,2004,Epsilon Cluster,14916.0,,,0.026,1.719,0.0,,0.026,,0.0,,,0.026
Wallis and Futuna,WLF,2005,Epsilon Cluster,14635.0,,,0.026,1.753,0.0,,0.026,,0.0,,,0.026
Wallis and Futuna,WLF,2006,Epsilon Cluster,14333.0,,,0.026,1.789,0.0,,0.026,,0.0,,,0.026
Wallis and Futuna,WLF,2007,Epsilon Cluster,14020.0,,,0.026,1.829,0.0,,0.026,,0.0,,,0.026
Wallis and Futuna,WLF,2008,Epsilon Cluster,13706.0,,,0.026,1.871,0.0,,0.026,,0.0,,,0.026
Wallis and Futuna,WLF,2009,Epsilon Cluster,13436.0,,,0.026,1.909,0.0,,0.026,,0.0,,,0.026
Wallis and Futuna,WLF,2010,Epsilon Cluster,13189.0,,,0.026,1.945,0.0,,0.026,,0.0,,,0.026
Wallis and Futuna,WLF,2011,Epsilon Cluster,12942.0,,,0.026,1.982,0.0,,0.026,,0.0,,,0.026
Wallis and Futuna,WLF,2012,Epsilon Cluster,12709.0,,,0.026,2.018,0.0,,0.026,,0.0,,,0.026
Wallis and Futuna,WLF,2013,Epsilon Cluster,12500.0,,,0.026,2.052,0.0,,0.026,,0.0,,,0.026
Wallis and Futuna,WLF,2014,Epsilon Cluster,12328.0,,,0.026,2.08,0.0,,0.026,,0.0,,,0.026
Wallis and Futuna,WLF,2015,Epsilon Cluster,12185.0,,,0.026,2.105,0.0,,0.026,,0.0,,,0.026
Wallis and Futuna,WLF,2016,Epsilon Cluster,12057.0,,,0.026,2.127,0.0,,0.026,,0.0,,,0.026
Wallis and Futuna,WLF,2017,Epsilon Cluster,11945.0,,,0.026,2.147,0.0,,0.026,,0.0,,,0.026
Wallis and Futuna,WLF,2018,Epsilon Cluster,11827.0,,,0.026,2.169,0.0,,0.026,,0.0,,,0.026
Wallis and Futuna,WLF,2019,Epsilon Cluster,11711.0,,,0.026,2.19,0.0,,0.026,,0.0,,,0.026
Wallis and Futuna,WLF,2020,Epsilon Cluster,11640.0,,,0.029,2.518,14.286,,0.029,,0.0,,,0.029
Wallis and Futuna,WLF,2021,Epsilon Cluster,11590.0,,,0.029,2.529,0.0,,0.029,,0.0,,,0.029
Wallis and Futuna,WLF,2022,Epsilon Cluster,11501.0,,,0.029,2.549,0.0,,0.029,,0.0,,,0.029
Wallis and Futuna,WLF,2023,Epsilon Cluster,11394.0,,,0.029,2.56,-0.471,,0.029,,0.0,,,0.029
Wallis and Futuna,WLF,2024,Epsilon Cluster,11303.0,,,0.031,2.699,4.573,,0.031,,0.0,,,0.031
Yemen,YEM,1990,Epsilon Cluster,13887863.0,44971042042.0,3238.154210046571,9.572,0.689,-4.048,,9.175,,0.397,8.474,2.543,9.572000000000001
Yemen,YEM,1991,Epsilon Cluster,14430205.0,47174437330.0,3269.1453330011595,9.182,0.636,-4.077,,8.775,,0.406,8.57,2.475,9.181000000000001
Yemen,YEM,1992,Epsilon Cluster,14989497.0,50259913722.0,3353.0086914857784,9.926,0.662,8.105,,9.545,,0.381,8.364,2.557,9.926
Yemen,YEM,1993,Epsilon Cluster,15563919.0,51548676189.0,3312.062738761362,8.679,0.558,-12.565,,8.299,,0.38,9.285,2.594,8.679
Yemen,YEM,1994,Epsilon Cluster,16149147.0,54341182837.0,3364.956851095603,9.964,0.617,14.815,,8.658,,0.378,10.466,2.635,9.036
Yemen,YEM,1995,Epsilon Cluster,16740057.0,56705822316.0,3387.433048525462,11.138,0.665,11.776,,9.915,,0.513,9.785,2.768,10.427999999999999
Yemen,YEM,1996,Epsilon Cluster,17313181.0,58927869978.0,3403.6419984288273,11.375,0.657,2.131,,10.116,,0.483,10.259,2.873,10.599
Yemen,YEM,1997,Epsilon Cluster,17873943.0,61826323245.0,3459.0198281934768,12.26,0.686,7.781,,10.827,,0.578,10.891,3.081,11.405
Yemen,YEM,1998,Epsilon Cluster,18446015.0,65613152856.0,3557.0367288544435,12.931,0.701,5.47,,11.593,,0.56,10.878,3.222,12.153
Yemen,YEM,1999,Epsilon Cluster,19029421.0,68255122419.0,3586.820766590849,14.796,0.778,14.425,,13.157,,0.675,11.912,3.31,13.832
Yemen,YEM,2000,Epsilon Cluster,19624139.0,72599512561.0,3699.500526418,15.832,0.807,6.998,,13.953,,0.648,13.436,3.365,14.600999999999999
Yemen,YEM,2001,Epsilon Cluster,20226146.0,75472904917.0,3731.452591956965,17.194,0.85,8.606,,15.451,,0.683,13.038,3.538,16.134
Yemen,YEM,2002,Epsilon Cluster,20835092.0,78586481705.0,3771.832718809209,16.707,0.802,-2.832,,14.975,,0.705,13.062,3.568,15.68
Yemen,YEM,2003,Epsilon Cluster,21456379.0,81575438214.0,3801.920082321439,18.609,0.867,11.384,,16.521,,0.688,15.07,3.818,17.209
Yemen,YEM,2004,Epsilon Cluster,22095161.0,84847429283.0,3840.0910173499074,20.109,0.91,8.058,,18.096,,0.682,14.815,3.983,18.778
Yemen,YEM,2005,Epsilon Cluster,22790082.0,89711703960.0,3936.4362076450625,21.797,0.956,8.395,,19.254,,0.675,17.133,3.987,19.929000000000002
Yemen,YEM,2006,Epsilon Cluster,23543090.0,92691658274.0,3937.1067380704912,23.906,1.015,9.676,,20.566,,0.634,20.521,4.126,21.2
Yemen,YEM,2007,Epsilon Cluster,24318090.0,95906720954.0,3943.8426683181124,23.676,0.974,-0.961,,20.093,,0.731,21.164,4.413,20.824
Yemen,YEM,2008,Epsilon Cluster,25111941.0,99520984206.0,3963.0940597542817,24.537,0.977,3.635,0.128,21.141,,0.886,19.381,4.481,22.154999999999998
Yemen,YEM,2009,Epsilon Cluster,25927723.0,103506292712.0,3992.1088601571378,26.897,1.037,9.616,0.238,22.515,0.736,0.881,20.254,4.403,24.37
Yemen,YEM,2010,Epsilon Cluster,26754383.0,111622920604.0,4172.135855422269,25.818,0.965,-4.011,0.451,20.086,1.946,0.772,21.031,4.525,23.255
Yemen,YEM,2011,Epsilon Cluster,27582902.0,97623324312.0,3539.2695196466275,22.625,0.82,-12.366,0.407,17.437,1.301,1.156,18.75,4.496,20.301
Yemen,YEM,2012,Epsilon Cluster,28433655.0,99959450246.0,3515.5329220249737,20.467,0.72,-9.536,0.414,15.318,1.517,1.13,16.81,4.525,18.378999999999998
Yemen,YEM,2013,Epsilon Cluster,29312955.0,104781489392.0,3574.5795465520278,27.281,0.931,33.29,0.436,21.321,2.012,1.329,18.21,4.811,25.098000000000003
Yemen,YEM,2014,Epsilon Cluster,30226311.0,104583458743.0,3460.013983942665,26.592,0.88,-2.525,0.436,20.753,1.854,1.288,17.152,4.833,24.331
Yemen,YEM,2015,Epsilon Cluster,31159378.0,75305316956.0,2416.7785684297037,14.123,0.453,-46.891,0.315,9.64,1.894,1.022,11.111,4.444,12.871
Yemen,YEM,2016,Epsilon Cluster,32109023.0,68245442015.0,2125.428793488983,10.044,0.313,-28.883,0.286,7.573,0.986,0.565,10.175,4.446,9.41
Yemen,YEM,2017,Epsilon Cluster,33090923.0,64784033932.0,1957.7584442718628,9.214,0.278,-8.262,0.271,7.362,0.04,0.775,11.696,4.426,8.448
Yemen,YEM,2018,Epsilon Cluster,34085181.0,65271212493.0,1914.9439896769215,11.504,0.338,24.854,0.271,9.504,0.04,0.759,12.603,4.292,10.574
Yemen,YEM,2019,Epsilon Cluster,35111416.0,66185009341.0,1884.9997203473652,11.788,0.336,2.468,0.278,9.359,0.04,0.767,13.313,4.694,10.443999999999999
Yemen,YEM,2020,Epsilon Cluster,36134867.0,60559285911.0,1675.9238635360136,10.757,0.298,-8.744,0.253,8.138,0.04,0.687,13.072,4.761,9.117999999999999
Yemen,YEM,2021,Epsilon Cluster,37140234.0,59953691816.0,1614.2518600178987,10.608,0.286,-1.386,0.253,7.82,0.04,0.727,13.044,4.877,8.84
Yemen,YEM,2022,Epsilon Cluster,38222878.0,60852995288.0,1592.0568641639177,10.404,0.272,-1.925,0.256,7.952,0.04,0.788,12.7,4.925,9.036
Yemen,YEM,2023,Epsilon Cluster,39390800.0,,,10.141,0.257,-2.524,0.431,8.042,0.04,0.788,11.572,5.031,9.300999999999998
Yemen,YEM,2024,Epsilon Cluster,40583173.0,,,10.123,0.249,-0.178,0.509,8.084,0.039,0.788,11.584,5.109,9.42
Zambia,ZMB,1990,Epsilon Cluster,7786163.0,10251342241.0,1316.6102791580397,2.407,0.309,-6.338,0.832,1.396,,0.179,13.666,10.833,2.4069999999999996
Zambia,ZMB,1991,Epsilon Cluster,7981653.0,10509127569.0,1316.6605424966483,2.382,0.298,-1.051,0.839,1.392,,0.15,13.831,10.738,2.381
Zambia,ZMB,1992,Epsilon Cluster,8176677.0,11062309627.0,1352.9101891881016,2.425,0.297,1.8,0.872,1.411,,0.142,13.935,10.716,2.425
Zambia,ZMB,1993,Epsilon Cluster,8373920.0,11412962029.0,1362.9174901360414,2.466,0.294,1.704,0.883,1.44,,0.143,13.835,10.849,2.4659999999999997
Zambia,ZMB,1994,Epsilon Cluster,8576270.0,10221106422.0,1191.7892536032564,2.393,0.279,-2.95,0.839,1.44,,0.114,13.709,10.736,2.393
Zambia,ZMB,1995,Epsilon Cluster,8785768.0,10865557573.0,1236.7225691595772,2.142,0.244,-10.486,0.33,1.685,,0.127,13.615,10.554,2.1420000000000003
Zambia,ZMB,1996,Epsilon Cluster,9004059.0,11923229356.0,1324.2060448515497,1.838,0.204,-14.205,0.421,1.275,,0.142,12.94,10.053,1.8379999999999999
Zambia,ZMB,1997,Epsilon Cluster,9237064.0,12774990714.0,1383.0142038639117,2.354,0.255,28.08,0.484,1.714,,0.156,13.244,9.805,2.354
Zambia,ZMB,1998,Epsilon Cluster,9482414.0,13130968549.0,1384.770644795724,2.278,0.24,-3.213,0.462,1.674,,0.142,14.352,10.786,2.278
Zambia,ZMB,1999,Epsilon Cluster,9740013.0,14188405377.0,1456.7131868304489,1.778,0.183,-21.982,0.278,1.378,,0.121,13.804,10.038,1.777
Zambia,ZMB,2000,Epsilon Cluster,10017633.0,15211406947.0,1518.463188559613,1.784,0.178,0.366,0.289,1.341,,0.154,13.404,9.608,1.7839999999999998
Zambia,ZMB,2001,Epsilon Cluster,10325186.0,16519069217.0,1599.8810304240524,1.886,0.183,5.689,0.3,1.499,,0.087,13.676,9.853,1.8860000000000001
Zambia,ZMB,2002,Epsilon Cluster,10647955.0,17827940431.0,1674.3065152886165,1.961,0.184,3.993,0.304,1.565,,0.092,14.867,10.905,1.961
Zambia,ZMB,2003,Epsilon Cluster,10983604.0,19691239689.0,1792.7849264230574,2.074,0.189,5.789,0.322,1.612,,0.14,15.862,11.878,2.0740000000000003
Zambia,ZMB,2004,Epsilon Cluster,11338201.0,21770250951.0,1920.0798213931823,2.104,0.186,1.433,0.239,1.71,,0.155,15.772,11.836,2.1039999999999996
Zambia,ZMB,2005,Epsilon Cluster,11718819.0,24119806314.0,2058.2113533795514,2.243,0.191,6.578,0.315,1.755,,0.172,16.547,12.344,2.242
Zambia,ZMB,2006,Epsilon Cluster,12129560.0,26908652008.0,2218.435953818605,2.231,0.184,-0.509,0.132,1.883,,0.216,15.605,11.079,2.2310000000000003
Zambia,ZMB,2007,Epsilon Cluster,12565093.0,30152606854.0,2399.712191067746,2.298,0.183,2.978,0.293,1.795,,0.209,15.986,11.492,2.297
Zambia,ZMB,2008,Epsilon Cluster,13021327.0,33594604263.0,2579.967791531539,2.553,0.196,11.119,0.315,2.023,,0.215,16.111,11.53,2.553
Zambia,ZMB,2009,Epsilon Cluster,13490395.0,37919541851.0,2810.85482307968,2.94,0.218,15.153,0.404,2.197,,0.339,15.594,10.814,2.94
Zambia,ZMB,2010,Epsilon Cluster,13965592.0,43221855090.0,3094.8816985345125,3.121,0.223,6.155,0.384,2.302,,0.435,16.713,11.863,3.121
Zambia,ZMB,2011,Epsilon Cluster,14437796.0,47143916201.0,3265.3125311508766,3.379,0.234,8.277,0.271,2.649,,0.459,16.08,11.621,3.379
Zambia,ZMB,2012,Epsilon Cluster,14913631.0,50725916750.0,3401.3123128767234,4.177,0.28,23.606,0.359,3.206,,0.612,17.892,12.668,4.177
Zambia,ZMB,2013,Epsilon Cluster,15399000.0,53291123090.0,3460.6872582635237,4.427,0.287,5.979,0.466,3.256,,0.705,18.286,13.043,4.427
Zambia,ZMB,2014,Epsilon Cluster,15895320.0,55794746119.0,3510.136701809086,5.283,0.332,19.354,0.89,3.657,,0.736,18.084,12.684,5.2829999999999995
Zambia,ZMB,2015,Epsilon Cluster,16399092.0,57423952993.0,3501.6544204398633,5.522,0.337,4.528,0.95,3.875,,0.697,18.317,13.027,5.522
Zambia,ZMB,2016,Epsilon Cluster,16914428.0,59592851316.0,3523.1963691589217,5.978,0.353,8.246,0.967,4.236,,0.775,18.186,13.071,5.978
Zambia,ZMB,2017,Epsilon Cluster,17441328.0,61680980857.0,3536.4841975909176,7.459,0.428,24.775,2.514,4.089,,0.856,17.535,12.562,7.459
Zambia,ZMB,2018,Epsilon Cluster,17973574.0,64169815579.0,3570.231250557068,8.658,0.482,16.074,3.983,3.609,,1.066,17.893,12.547,8.658000000000001
Zambia,ZMB,2019,Epsilon Cluster,18513839.0,65094496543.0,3515.9912832233226,8.846,0.478,2.178,3.443,4.443,,0.961,18.628,13.087,8.847
Zambia,ZMB,2020,Epsilon Cluster,19059394.0,63281615083.0,3320.2322740691548,9.991,0.524,12.935,4.424,4.483,,1.084,18.214,12.786,9.991
Zambia,ZMB,2021,Epsilon Cluster,19603610.0,66191936884.0,3376.5177374983487,9.35,0.477,-6.413,3.511,4.78,,1.059,18.617,12.723,9.35
Zambia,ZMB,2022,Epsilon Cluster,20152935.0,68469600029.0,3397.5001670476286,10.939,0.543,16.996,5.082,4.977,,0.88,20.421,13.839,10.939000000000002
Zambia,ZMB,2023,Epsilon Cluster,20723967.0,,,11.831,0.571,8.153,5.876,5.074,,0.88,20.6,14.103,11.83
Zambia,ZMB,2024,Epsilon Cluster,21314962.0,,,12.043,0.565,1.797,5.999,5.164,,0.88,21.143,14.233,12.043000000000001
Zimbabwe,ZWE,1990,Epsilon Cluster,10137287.0,21937054921.0,2163.996631544515,15.537,1.533,-3.579,13.414,1.835,,0.287,11.585,5.868,15.536
Zimbabwe,ZWE,1991,Epsilon Cluster,10404820.0,23189857636.0,2228.7610584325344,15.491,1.489,-0.299,12.773,2.363,,0.355,10.786,5.287,15.491
Zimbabwe,ZWE,1992,Epsilon Cluster,10702697.0,21133778927.0,1974.6218104651566,16.702,1.561,7.823,13.516,2.818,,0.368,11.425,5.336,16.701999999999998
Zimbabwe,ZWE,1993,Epsilon Cluster,10860285.0,21406462048.0,1971.0773748571055,16.032,1.476,-4.014,12.557,3.067,,0.409,9.648,4.783,16.033
Zimbabwe,ZWE,1994,Epsilon Cluster,10873146.0,23447496711.0,2156.4592907149413,17.383,1.599,8.425,13.553,3.393,,0.437,9.84,4.918,17.383000000000003
Zimbabwe,ZWE,1995,Epsilon Cluster,10974607.0,23569800045.0,2147.666886386,15.017,1.368,-13.607,10.611,4.012,,0.394,9.998,4.831,15.017000000000001
Zimbabwe,ZWE,1996,Epsilon Cluster,11158364.0,26145775719.0,2343.1549391111457,14.894,1.335,-0.82,10.497,3.99,,0.407,11.372,5.862,14.894
Zimbabwe,ZWE,1997,Epsilon Cluster,11369833.0,27012558407.0,2375.8096013371523,13.901,1.223,-6.669,9.493,3.961,,0.447,11.202,5.671,13.901
Zimbabwe,ZWE,1998,Epsilon Cluster,11594299.0,27984298870.0,2413.625771596886,14.127,1.218,1.629,9.732,3.95,,0.446,11.749,5.964,14.127999999999998
Zimbabwe,ZWE,1999,Epsilon Cluster,11783454.0,27841288874.0,2362.7443085872783,15.724,1.334,11.302,10.6,4.719,,0.405,12.175,6.184,15.723999999999998
Zimbabwe,ZWE,2000,Epsilon Cluster,11892055.0,26765004403.0,2250.662682185711,13.815,1.162,-12.144,10.124,3.287,,0.404,11.87,5.726,13.815000000000001
Zimbabwe,ZWE,2001,Epsilon Cluster,11971904.0,26781181341.0,2237.0026806930628,12.509,1.045,-9.452,9.538,2.648,,0.322,12.424,6.193,12.508
Zimbabwe,ZWE,2002,Epsilon Cluster,12087661.0,24872482259.0,2057.6753649031025,11.896,0.984,-4.9,9.123,2.532,,0.241,11.27,5.269,11.895999999999999
Zimbabwe,ZWE,2003,Epsilon Cluster,12232324.0,20952016540.0,1712.8402207135782,10.61,0.867,-10.813,8.183,2.267,,0.16,10.913,5.21,10.61
Zimbabwe,ZWE,2004,Epsilon Cluster,12365901.0,19792844101.0,1600.5986220494567,9.429,0.762,-11.131,7.417,1.813,,0.199,11.147,5.497,9.429
Zimbabwe,ZWE,2005,Epsilon Cluster,12483433.0,18444472497.0,1477.5160404193302,10.698,0.857,13.468,8.475,1.986,,0.238,11.178,5.35,10.699
Zimbabwe,ZWE,2006,Epsilon Cluster,12636442.0,18043000167.0,1427.854467816178,10.365,0.82,-3.113,8.185,1.905,,0.275,10.883,5.189,10.365
Zimbabwe,ZWE,2007,Epsilon Cluster,12804062.0,17769105175.0,1387.7709413622022,9.835,0.768,-5.116,7.808,1.872,,0.155,11.161,5.38,9.834999999999999
Zimbabwe,ZWE,2008,Epsilon Cluster,12959154.0,15050245186.0,1161.3601617821657,7.72,0.596,-21.505,5.955,1.611,,0.154,11.145,5.461,7.72
Zimbabwe,ZWE,2009,Epsilon Cluster,13142791.0,16275797005.0,1238.3820913685686,8.25,0.628,6.861,6.339,1.641,,0.27,11.703,5.867,8.25
Zimbabwe,ZWE,2010,Epsilon Cluster,13356551.0,17918418386.0,1341.5453125586089,8.754,0.655,6.112,6.507,1.938,,0.308,12.248,6.224,8.753
Zimbabwe,ZWE,2011,Epsilon Cluster,13595421.0,19554105000.0,1438.286096473217,10.363,0.762,18.382,6.72,3.261,,0.382,12.613,6.402,10.363
Zimbabwe,ZWE,2012,Epsilon Cluster,13817887.0,22811427551.0,1650.8622158366181,11.257,0.815,8.629,6.998,3.693,,0.566,12.352,5.923,11.257000000000001
Zimbabwe,ZWE,2013,Epsilon Cluster,14013811.0,23261956135.0,1659.9307736489382,11.671,0.833,3.677,7.104,4.104,,0.463,12.111,5.676,11.671
Zimbabwe,ZWE,2014,Epsilon Cluster,14207367.0,23818844326.0,1676.5136232491213,11.946,0.841,2.354,7.732,3.718,,0.496,11.428,5.052,11.946
Zimbabwe,ZWE,2015,Epsilon Cluster,14399008.0,24246158745.0,1683.877024375568,12.017,0.835,0.591,7.676,3.756,,0.585,12.126,5.534,12.017
Zimbabwe,ZWE,2016,Epsilon Cluster,14600297.0,24362052665.0,1668.5998007437795,10.588,0.725,-11.888,6.722,3.405,,0.461,11.143,5.019,10.588000000000001
Zimbabwe,ZWE,2017,Epsilon Cluster,14812484.0,25576014023.0,1726.6526008061849,9.831,0.664,-7.156,6.003,3.359,,0.469,11.549,5.184,9.831
Zimbabwe,ZWE,2018,Epsilon Cluster,15034457.0,26786271482.0,1781.6587244886862,11.209,0.746,14.024,6.489,4.162,,0.558,11.831,5.206,11.209
Zimbabwe,ZWE,2019,Epsilon Cluster,15271377.0,25146416205.0,1646.6371175958789,10.267,0.672,-8.408,6.01,3.784,,0.473,11.636,5.099,10.267000000000001
Zimbabwe,ZWE,2020,Epsilon Cluster,15526887.0,23178707175.0,1492.8109655850526,8.491,0.547,-17.298,4.932,3.063,,0.496,11.314,4.591,8.491000000000001
Zimbabwe,ZWE,2021,Epsilon Cluster,15797220.0,25140088767.0,1591.4248688693326,10.223,0.647,20.398,5.936,3.745,,0.542,11.84,4.858,10.223
Zimbabwe,ZWE,2022,Epsilon Cluster,16069061.0,25901585881.0,1611.8916893152625,12.232,0.761,19.653,7.165,4.679,,0.387,12.643,5.202,12.231000000000002
Zimbabwe,ZWE,2023,Epsilon Cluster,16340829.0,,,13.443,0.823,9.904,8.285,4.771,,0.387,12.999,5.245,13.443000000000001
Zimbabwe,ZWE,2024,Epsilon Cluster,16634366.0,,,13.701,0.824,1.918,8.459,4.855,,0.387,13.303,5.284,13.701
